filename,hour,minute,second
16_04_31_00000_dig_simple.png,16,4,31
00_16_19_00001_dig_simple.png,0,16,19
18_52_32_00002_dig_lcd.png,18,52,32
09_20_39_00003_dig_lcd.png,9,20,39
01_41_02_00004_dig_simple.png,1,41,2
17_38_11_00005_dig_simple.png,17,38,11
12_12_47_00006_dig_simple.png,12,12,47
02_57_38_00007_dig_lcd.png,2,57,38
02_36_34_00008_dig_lcd.png,2,36,34
14_50_52_00009_dig_simple.png,14,50,52
06_16_08_00010_dig_simple.png,6,16,8
09_24_56_00011_dig_segmented.png,9,24,56
23_29_19_00012_dig_lcd.png,23,29,19
09_36_41_00013_dig_lcd.png,9,36,41
23_49_05_00014_dig_segmented.png,23,49,5
01_18_51_00015_dig_simple.png,1,18,51
21_42_27_00016_dig_lcd.png,21,42,27
20_32_18_00017_dig_lcd.png,20,32,18
21_34_02_00018_dig_lcd.png,21,34,2
12_31_05_00019_dig_lcd.png,12,31,5
22_57_39_00020_dig_segmented.png,22,57,39
14_53_37_00021_dig_lcd.png,14,53,37
09_36_41_00022_dig_segmented.png,9,36,41
11_25_51_00023_dig_simple.png,11,25,51
13_37_42_00024_dig_segmented.png,13,37,42
05_13_37_00025_dig_segmented.png,5,13,37
08_02_49_00026_dig_lcd.png,8,2,49
20_16_08_00027_dig_simple.png,20,16,8
15_31_23_00028_dig_simple.png,15,31,23
09_12_03_00029_dig_segmented.png,9,12,3
15_02_01_00030_dig_lcd.png,15,2,1
21_28_01_00031_dig_lcd.png,21,28,1
04_26_31_00032_dig_segmented.png,4,26,31
18_25_47_00033_dig_simple.png,18,25,47
06_48_03_00034_dig_segmented.png,6,48,3
21_22_59_00035_dig_lcd.png,21,22,59
14_29_52_00036_dig_lcd.png,14,29,52
07_35_43_00037_dig_lcd.png,7,35,43
15_03_16_00038_dig_segmented.png,15,3,16
12_13_30_00039_dig_segmented.png,12,13,30
21_35_30_00040_dig_simple.png,21,35,30
07_31_35_00041_dig_segmented.png,7,31,35
06_16_08_00042_dig_simple.png,6,16,8
02_51_15_00043_dig_lcd.png,2,51,15
11_31_18_00044_dig_segmented.png,11,31,18
23_42_19_00045_dig_simple.png,23,42,19
12_49_52_00046_dig_lcd.png,12,49,52
03_47_17_00047_dig_simple.png,3,47,17
22_12_38_00048_dig_lcd.png,22,12,38
01_47_06_00049_dig_lcd.png,1,47,6
04_26_31_00050_dig_segmented.png,4,26,31
22_32_24_00051_dig_segmented.png,22,32,24
17_38_11_00052_dig_segmented.png,17,38,11
02_16_00_00053_dig_simple.png,2,16,0
16_07_40_00054_dig_simple.png,16,7,40
08_36_49_00055_dig_simple.png,8,36,49
11_34_46_00056_dig_simple.png,11,34,46
20_55_15_00057_dig_simple.png,20,55,15
07_01_36_00058_dig_segmented.png,7,1,36
06_40_54_00059_dig_segmented.png,6,40,54
15_14_33_00060_dig_lcd.png,15,14,33
06_33_33_00061_dig_lcd.png,6,33,33
07_53_31_00062_dig_segmented.png,7,53,31
17_44_32_00063_dig_lcd.png,17,44,32
17_37_04_00064_dig_lcd.png,17,37,4
12_49_52_00065_dig_lcd.png,12,49,52
12_24_07_00066_dig_lcd.png,12,24,7
14_16_23_00067_dig_lcd.png,14,16,23
04_46_20_00068_dig_simple.png,4,46,20
20_16_08_00069_dig_segmented.png,20,16,8
00_04_20_00070_dig_simple.png,0,4,20
05_27_32_00071_dig_lcd.png,5,27,32
00_08_23_00072_dig_segmented.png,0,8,23
20_16_08_00073_dig_simple.png,20,16,8
12_12_47_00074_dig_segmented.png,12,12,47
14_10_37_00075_dig_segmented.png,14,10,37
06_29_58_00076_dig_simple.png,6,29,58
04_37_14_00077_dig_simple.png,4,37,14
23_52_13_00078_dig_simple.png,23,52,13
20_42_24_00079_dig_lcd.png,20,42,24
05_34_09_00080_dig_segmented.png,5,34,9
22_59_32_00081_dig_simple.png,22,59,32
01_26_54_00082_dig_simple.png,1,26,54
03_05_48_00083_dig_simple.png,3,5,48
12_13_30_00084_dig_segmented.png,12,13,30
18_12_37_00085_dig_segmented.png,18,12,37
09_09_06_00086_dig_simple.png,9,9,6
23_05_20_00087_dig_simple.png,23,5,20
14_50_52_00088_dig_segmented.png,14,50,52
09_31_45_00089_dig_simple.png,9,31,45
12_49_52_00090_dig_segmented.png,12,49,52
22_57_39_00091_dig_segmented.png,22,57,39
00_51_28_00092_dig_lcd.png,0,51,28
18_09_10_00093_dig_simple.png,18,9,10
08_27_22_00094_dig_lcd.png,8,27,22
16_44_25_00095_dig_segmented.png,16,44,25
18_12_37_00096_dig_segmented.png,18,12,37
03_42_31_00097_dig_simple.png,3,42,31
12_15_41_00098_dig_simple.png,12,15,41
19_06_18_00099_dig_segmented.png,19,6,18
19_04_18_00100_dig_lcd.png,19,4,18
16_28_50_00101_dig_lcd.png,16,28,50
01_41_10_00102_dig_simple.png,1,41,10
02_29_53_00103_dig_segmented.png,2,29,53
16_47_14_00104_dig_segmented.png,16,47,14
03_21_56_00105_dig_simple.png,3,21,56
06_29_58_00106_dig_segmented.png,6,29,58
08_02_49_00107_dig_lcd.png,8,2,49
08_21_19_00108_dig_segmented.png,8,21,19
05_21_54_00109_dig_lcd.png,5,21,54
00_13_06_00110_dig_simple.png,0,13,6
09_09_45_00111_dig_segmented.png,9,9,45
21_23_29_00112_dig_segmented.png,21,23,29
11_37_56_00113_dig_lcd.png,11,37,56
02_53_31_00114_dig_segmented.png,2,53,31
14_19_20_00115_dig_lcd.png,14,19,20
00_31_55_00116_dig_simple.png,0,31,55
18_50_41_00117_dig_simple.png,18,50,41
11_34_46_00118_dig_simple.png,11,34,46
22_59_32_00119_dig_lcd.png,22,59,32
04_33_29_00120_dig_lcd.png,4,33,29
23_04_31_00121_dig_segmented.png,23,4,31
12_55_37_00122_dig_lcd.png,12,55,37
05_34_09_00123_dig_segmented.png,5,34,9
22_40_44_00124_dig_lcd.png,22,40,44
14_54_25_00125_dig_lcd.png,14,54,25
01_59_20_00126_dig_simple.png,1,59,20
17_37_04_00127_dig_segmented.png,17,37,4
10_46_50_00128_dig_lcd.png,10,46,50
16_04_31_00129_dig_segmented.png,16,4,31
09_57_20_00130_dig_simple.png,9,57,20
07_31_35_00131_dig_lcd.png,7,31,35
07_53_31_00132_dig_segmented.png,7,53,31
03_12_53_00133_dig_segmented.png,3,12,53
00_33_25_00134_dig_simple.png,0,33,25
07_35_43_00135_dig_simple.png,7,35,43
01_36_28_00136_dig_simple.png,1,36,28
19_19_22_00137_dig_segmented.png,19,19,22
02_54_31_00138_dig_segmented.png,2,54,31
23_39_48_00139_dig_segmented.png,23,39,48
12_03_47_00140_dig_segmented.png,12,3,47
21_37_43_00141_dig_lcd.png,21,37,43
22_10_28_00142_dig_simple.png,22,10,28
09_04_24_00143_dig_lcd.png,9,4,24
12_31_05_00144_dig_segmented.png,12,31,5
00_32_38_00145_dig_lcd.png,0,32,38
18_08_34_00146_dig_lcd.png,18,8,34
23_49_28_00147_dig_segmented.png,23,49,28
12_35_28_00148_dig_simple.png,12,35,28
07_31_35_00149_dig_segmented.png,7,31,35
03_47_17_00150_dig_lcd.png,3,47,17
12_21_40_00151_dig_simple.png,12,21,40
22_47_09_00152_dig_simple.png,22,47,9
11_50_35_00153_dig_segmented.png,11,50,35
01_12_27_00154_dig_segmented.png,1,12,27
23_29_19_00155_dig_lcd.png,23,29,19
00_04_20_00156_dig_segmented.png,0,4,20
00_20_08_00157_dig_segmented.png,0,20,8
23_52_07_00158_dig_simple.png,23,52,7
06_40_54_00159_dig_lcd.png,6,40,54
18_40_32_00160_dig_simple.png,18,40,32
04_58_22_00161_dig_simple.png,4,58,22
15_18_44_00162_dig_segmented.png,15,18,44
15_31_23_00163_dig_simple.png,15,31,23
21_47_17_00164_dig_segmented.png,21,47,17
03_52_44_00165_dig_lcd.png,3,52,44
04_16_32_00166_dig_simple.png,4,16,32
09_39_15_00167_dig_simple.png,9,39,15
07_35_06_00168_dig_lcd.png,7,35,6
10_06_39_00169_dig_simple.png,10,6,39
02_54_31_00170_dig_simple.png,2,54,31
23_49_49_00171_dig_lcd.png,23,49,49
09_24_56_00172_dig_lcd.png,9,24,56
13_41_26_00173_dig_segmented.png,13,41,26
07_37_43_00174_dig_simple.png,7,37,43
02_52_52_00175_dig_segmented.png,2,52,52
07_39_50_00176_dig_simple.png,7,39,50
10_36_47_00177_dig_segmented.png,10,36,47
21_53_18_00178_dig_segmented.png,21,53,18
04_08_49_00179_dig_segmented.png,4,8,49
05_03_00_00180_dig_lcd.png,5,3,0
09_11_53_00181_dig_lcd.png,9,11,53
14_53_37_00182_dig_lcd.png,14,53,37
07_39_50_00183_dig_segmented.png,7,39,50
09_47_10_00184_dig_lcd.png,9,47,10
05_27_42_00185_dig_segmented.png,5,27,42
22_32_24_00186_dig_segmented.png,22,32,24
22_40_44_00187_dig_simple.png,22,40,44
00_15_13_00188_dig_lcd.png,0,15,13
04_16_32_00189_dig_simple.png,4,16,32
00_46_56_00190_dig_segmented.png,0,46,56
02_54_31_00191_dig_segmented.png,2,54,31
18_50_41_00192_dig_lcd.png,18,50,41
13_39_44_00193_dig_segmented.png,13,39,44
21_15_10_00194_dig_segmented.png,21,15,10
07_04_02_00195_dig_lcd.png,7,4,2
12_24_07_00196_dig_segmented.png,12,24,7
06_40_54_00197_dig_lcd.png,6,40,54
12_31_05_00198_dig_lcd.png,12,31,5
22_59_32_00199_dig_segmented.png,22,59,32
11_40_21_00200_dig_segmented.png,11,40,21
11_32_04_00201_dig_segmented.png,11,32,4
11_32_04_00202_dig_simple.png,11,32,4
04_46_20_00203_dig_segmented.png,4,46,20
06_29_58_00204_dig_simple.png,6,29,58
17_34_15_00205_dig_simple.png,17,34,15
21_13_47_00206_dig_simple.png,21,13,47
08_01_35_00207_dig_lcd.png,8,1,35
17_50_47_00208_dig_lcd.png,17,50,47
18_08_34_00209_dig_segmented.png,18,8,34
20_54_43_00210_dig_segmented.png,20,54,43
05_06_46_00211_dig_lcd.png,5,6,46
03_12_53_00212_dig_lcd.png,3,12,53
20_06_38_00213_dig_simple.png,20,6,38
16_47_14_00214_dig_segmented.png,16,47,14
14_55_35_00215_dig_lcd.png,14,55,35
09_31_45_00216_dig_simple.png,9,31,45
06_32_17_00217_dig_segmented.png,6,32,17
02_53_31_00218_dig_segmented.png,2,53,31
08_27_44_00219_dig_segmented.png,8,27,44
02_56_16_00220_dig_lcd.png,2,56,16
17_38_11_00221_dig_simple.png,17,38,11
20_35_14_00222_dig_lcd.png,20,35,14
07_53_31_00223_dig_simple.png,7,53,31
08_01_35_00224_dig_segmented.png,8,1,35
19_54_10_00225_dig_lcd.png,19,54,10
03_11_04_00226_dig_simple.png,3,11,4
23_39_48_00227_dig_segmented.png,23,39,48
12_40_58_00228_dig_segmented.png,12,40,58
18_01_22_00229_dig_segmented.png,18,1,22
00_18_33_00230_dig_simple.png,0,18,33
20_06_38_00231_dig_simple.png,20,6,38
12_08_40_00232_dig_simple.png,12,8,40
18_18_23_00233_dig_lcd.png,18,18,23
04_51_02_00234_dig_segmented.png,4,51,2
16_59_01_00235_dig_lcd.png,16,59,1
18_52_32_00236_dig_segmented.png,18,52,32
21_22_59_00237_dig_segmented.png,21,22,59
03_52_44_00238_dig_segmented.png,3,52,44
08_02_49_00239_dig_segmented.png,8,2,49
16_43_44_00240_dig_simple.png,16,43,44
14_04_48_00241_dig_simple.png,14,4,48
16_47_14_00242_dig_segmented.png,16,47,14
23_56_12_00243_dig_simple.png,23,56,12
14_32_15_00244_dig_lcd.png,14,32,15
15_32_42_00245_dig_simple.png,15,32,42
00_04_20_00246_dig_segmented.png,0,4,20
18_25_47_00247_dig_simple.png,18,25,47
17_33_59_00248_dig_segmented.png,17,33,59
17_40_28_00249_dig_segmented.png,17,40,28
15_58_20_00250_dig_segmented.png,15,58,20
15_14_33_00251_dig_lcd.png,15,14,33
01_18_51_00252_dig_simple.png,1,18,51
14_55_35_00253_dig_lcd.png,14,55,35
18_18_23_00254_dig_segmented.png,18,18,23
09_04_24_00255_dig_simple.png,9,4,24
10_52_44_00256_dig_lcd.png,10,52,44
17_44_32_00257_dig_segmented.png,17,44,32
01_24_36_00258_dig_lcd.png,1,24,36
10_36_47_00259_dig_simple.png,10,36,47
03_12_53_00260_dig_simple.png,3,12,53
03_49_41_00261_dig_lcd.png,3,49,41
15_14_08_00262_dig_simple.png,15,14,8
12_13_30_00263_dig_segmented.png,12,13,30
12_21_40_00264_dig_segmented.png,12,21,40
14_15_51_00265_dig_simple.png,14,15,51
01_41_10_00266_dig_lcd.png,1,41,10
00_51_14_00267_dig_simple.png,0,51,14
07_56_53_00268_dig_segmented.png,7,56,53
01_24_36_00269_dig_segmented.png,1,24,36
03_48_59_00270_dig_simple.png,3,48,59
18_09_10_00271_dig_segmented.png,18,9,10
01_59_20_00272_dig_simple.png,1,59,20
13_59_19_00273_dig_simple.png,13,59,19
02_34_56_00274_dig_simple.png,2,34,56
14_16_23_00275_dig_simple.png,14,16,23
23_52_07_00276_dig_lcd.png,23,52,7
20_06_41_00277_dig_lcd.png,20,6,41
19_04_46_00278_dig_simple.png,19,4,46
08_36_49_00279_dig_lcd.png,8,36,49
06_48_42_00280_dig_lcd.png,6,48,42
05_42_51_00281_dig_segmented.png,5,42,51
17_44_32_00282_dig_segmented.png,17,44,32
10_52_44_00283_dig_simple.png,10,52,44
10_47_42_00284_dig_simple.png,10,47,42
07_56_53_00285_dig_simple.png,7,56,53
08_02_49_00286_dig_lcd.png,8,2,49
14_08_41_00287_dig_segmented.png,14,8,41
02_16_00_00288_dig_segmented.png,2,16,0
14_13_24_00289_dig_simple.png,14,13,24
10_08_36_00290_dig_lcd.png,10,8,36
07_35_43_00291_dig_lcd.png,7,35,43
05_42_51_00292_dig_simple.png,5,42,51
05_27_32_00293_dig_segmented.png,5,27,32
08_50_39_00294_dig_segmented.png,8,50,39
14_47_36_00295_dig_lcd.png,14,47,36
03_42_31_00296_dig_lcd.png,3,42,31
15_58_20_00297_dig_segmented.png,15,58,20
11_07_20_00298_dig_simple.png,11,7,20
05_53_15_00299_dig_segmented.png,5,53,15
18_50_41_00300_dig_segmented.png,18,50,41
04_04_05_00301_dig_segmented.png,4,4,5
11_32_04_00302_dig_segmented.png,11,32,4
09_47_10_00303_dig_lcd.png,9,47,10
21_18_02_00304_dig_segmented.png,21,18,2
06_37_18_00305_dig_lcd.png,6,37,18
02_36_34_00306_dig_simple.png,2,36,34
07_53_26_00307_dig_simple.png,7,53,26
18_12_37_00308_dig_lcd.png,18,12,37
11_20_01_00309_dig_segmented.png,11,20,1
19_31_41_00310_dig_lcd.png,19,31,41
22_32_24_00311_dig_simple.png,22,32,24
05_55_57_00312_dig_segmented.png,5,55,57
18_09_10_00313_dig_segmented.png,18,9,10
02_56_16_00314_dig_simple.png,2,56,16
14_04_48_00315_dig_segmented.png,14,4,48
15_14_33_00316_dig_segmented.png,15,14,33
05_03_00_00317_dig_lcd.png,5,3,0
14_43_52_00318_dig_segmented.png,14,43,52
11_03_25_00319_dig_simple.png,11,3,25
15_27_41_00320_dig_segmented.png,15,27,41
04_10_12_00321_dig_simple.png,4,10,12
08_39_26_00322_dig_lcd.png,8,39,26
09_20_39_00323_dig_simple.png,9,20,39
13_12_20_00324_dig_segmented.png,13,12,20
15_49_16_00325_dig_segmented.png,15,49,16
00_10_25_00326_dig_simple.png,0,10,25
00_20_08_00327_dig_lcd.png,0,20,8
07_35_06_00328_dig_segmented.png,7,35,6
12_40_58_00329_dig_simple.png,12,40,58
01_16_29_00330_dig_lcd.png,1,16,29
06_32_17_00331_dig_segmented.png,6,32,17
22_36_21_00332_dig_simple.png,22,36,21
10_23_40_00333_dig_lcd.png,10,23,40
18_12_37_00334_dig_lcd.png,18,12,37
02_36_30_00335_dig_segmented.png,2,36,30
01_18_51_00336_dig_lcd.png,1,18,51
01_40_27_00337_dig_simple.png,1,40,27
21_42_27_00338_dig_simple.png,21,42,27
07_31_35_00339_dig_simple.png,7,31,35
14_47_02_00340_dig_simple.png,14,47,2
11_22_48_00341_dig_segmented.png,11,22,48
08_59_56_00342_dig_simple.png,8,59,56
02_16_00_00343_dig_lcd.png,2,16,0
16_14_11_00344_dig_simple.png,16,14,11
09_39_15_00345_dig_segmented.png,9,39,15
16_12_56_00346_dig_simple.png,16,12,56
12_40_58_00347_dig_lcd.png,12,40,58
12_00_17_00348_dig_segmented.png,12,0,17
08_30_31_00349_dig_lcd.png,8,30,31
04_10_12_00350_dig_simple.png,4,10,12
03_12_55_00351_dig_lcd.png,3,12,55
03_12_53_00352_dig_segmented.png,3,12,53
22_59_32_00353_dig_lcd.png,22,59,32
00_18_33_00354_dig_simple.png,0,18,33
19_01_51_00355_dig_lcd.png,19,1,51
21_35_30_00356_dig_simple.png,21,35,30
01_56_19_00357_dig_simple.png,1,56,19
20_06_41_00358_dig_segmented.png,20,6,41
17_44_32_00359_dig_simple.png,17,44,32
01_16_29_00360_dig_segmented.png,1,16,29
16_17_10_00361_dig_lcd.png,16,17,10
21_11_07_00362_dig_simple.png,21,11,7
17_02_42_00363_dig_simple.png,17,2,42
17_09_36_00364_dig_lcd.png,17,9,36
17_40_48_00365_dig_lcd.png,17,40,48
23_05_22_00366_dig_segmented.png,23,5,22
09_39_15_00367_dig_simple.png,9,39,15
05_53_20_00368_dig_simple.png,5,53,20
18_08_34_00369_dig_lcd.png,18,8,34
17_14_56_00370_dig_lcd.png,17,14,56
15_27_41_00371_dig_lcd.png,15,27,41
00_51_14_00372_dig_simple.png,0,51,14
17_40_48_00373_dig_lcd.png,17,40,48
16_28_50_00374_dig_segmented.png,16,28,50
05_39_33_00375_dig_segmented.png,5,39,33
16_07_21_00376_dig_simple.png,16,7,21
00_46_56_00377_dig_lcd.png,0,46,56
15_49_16_00378_dig_simple.png,15,49,16
04_10_12_00379_dig_lcd.png,4,10,12
21_17_20_00380_dig_segmented.png,21,17,20
07_53_31_00381_dig_segmented.png,7,53,31
01_18_51_00382_dig_lcd.png,1,18,51
14_11_50_00383_dig_segmented.png,14,11,50
08_14_00_00384_dig_lcd.png,8,14,0
10_06_39_00385_dig_simple.png,10,6,39
01_41_02_00386_dig_lcd.png,1,41,2
08_14_00_00387_dig_simple.png,8,14,0
11_31_18_00388_dig_lcd.png,11,31,18
01_18_51_00389_dig_lcd.png,1,18,51
13_37_42_00390_dig_lcd.png,13,37,42
04_58_22_00391_dig_lcd.png,4,58,22
00_15_13_00392_dig_segmented.png,0,15,13
13_16_06_00393_dig_segmented.png,13,16,6
10_03_25_00394_dig_segmented.png,10,3,25
07_56_53_00395_dig_simple.png,7,56,53
22_47_17_00396_dig_lcd.png,22,47,17
02_34_56_00397_dig_segmented.png,2,34,56
03_18_42_00398_dig_lcd.png,3,18,42
10_10_27_00399_dig_segmented.png,10,10,27
02_56_16_00400_dig_lcd.png,2,56,16
16_28_50_00401_dig_lcd.png,16,28,50
07_53_31_00402_dig_segmented.png,7,53,31
01_59_20_00403_dig_lcd.png,1,59,20
10_36_47_00404_dig_segmented.png,10,36,47
17_35_38_00405_dig_lcd.png,17,35,38
17_09_36_00406_dig_simple.png,17,9,36
02_50_55_00407_dig_lcd.png,2,50,55
20_45_07_00408_dig_segmented.png,20,45,7
02_36_34_00409_dig_segmented.png,2,36,34
00_51_28_00410_dig_lcd.png,0,51,28
02_50_09_00411_dig_simple.png,2,50,9
08_21_19_00412_dig_lcd.png,8,21,19
14_16_23_00413_dig_simple.png,14,16,23
04_26_31_00414_dig_simple.png,4,26,31
05_27_32_00415_dig_lcd.png,5,27,32
11_31_18_00416_dig_segmented.png,11,31,18
08_50_39_00417_dig_simple.png,8,50,39
16_43_44_00418_dig_lcd.png,16,43,44
04_26_31_00419_dig_lcd.png,4,26,31
03_37_06_00420_dig_lcd.png,3,37,6
08_37_16_00421_dig_simple.png,8,37,16
15_14_08_00422_dig_simple.png,15,14,8
17_33_59_00423_dig_simple.png,17,33,59
01_59_20_00424_dig_simple.png,1,59,20
01_47_06_00425_dig_segmented.png,1,47,6
19_31_41_00426_dig_lcd.png,19,31,41
20_45_06_00427_dig_segmented.png,20,45,6
12_24_07_00428_dig_simple.png,12,24,7
06_43_35_00429_dig_lcd.png,6,43,35
17_51_55_00430_dig_simple.png,17,51,55
16_43_44_00431_dig_segmented.png,16,43,44
11_30_47_00432_dig_simple.png,11,30,47
19_01_51_00433_dig_segmented.png,19,1,51
23_49_28_00434_dig_segmented.png,23,49,28
21_34_02_00435_dig_segmented.png,21,34,2
16_07_21_00436_dig_segmented.png,16,7,21
02_34_16_00437_dig_segmented.png,2,34,16
15_14_08_00438_dig_simple.png,15,14,8
16_46_15_00439_dig_segmented.png,16,46,15
14_11_50_00440_dig_simple.png,14,11,50
17_02_42_00441_dig_segmented.png,17,2,42
17_22_45_00442_dig_simple.png,17,22,45
07_35_06_00443_dig_segmented.png,7,35,6
18_38_25_00444_dig_simple.png,18,38,25
19_04_46_00445_dig_simple.png,19,4,46
21_18_02_00446_dig_segmented.png,21,18,2
20_16_08_00447_dig_simple.png,20,16,8
15_16_17_00448_dig_lcd.png,15,16,17
03_12_53_00449_dig_lcd.png,3,12,53
14_10_37_00450_dig_simple.png,14,10,37
20_58_06_00451_dig_segmented.png,20,58,6
11_32_04_00452_dig_segmented.png,11,32,4
18_45_16_00453_dig_segmented.png,18,45,16
11_19_58_00454_dig_simple.png,11,19,58
18_18_23_00455_dig_simple.png,18,18,23
00_28_30_00456_dig_segmented.png,0,28,30
11_40_21_00457_dig_lcd.png,11,40,21
12_12_47_00458_dig_lcd.png,12,12,47
21_23_29_00459_dig_segmented.png,21,23,29
23_54_03_00460_dig_simple.png,23,54,3
22_57_39_00461_dig_simple.png,22,57,39
10_32_29_00462_dig_segmented.png,10,32,29
17_40_48_00463_dig_segmented.png,17,40,48
04_08_19_00464_dig_simple.png,4,8,19
18_50_41_00465_dig_segmented.png,18,50,41
11_30_47_00466_dig_lcd.png,11,30,47
08_59_56_00467_dig_lcd.png,8,59,56
03_37_06_00468_dig_lcd.png,3,37,6
17_40_48_00469_dig_simple.png,17,40,48
01_26_54_00470_dig_segmented.png,1,26,54
01_26_54_00471_dig_lcd.png,1,26,54
14_16_23_00472_dig_simple.png,14,16,23
03_11_04_00473_dig_lcd.png,3,11,4
14_55_35_00474_dig_segmented.png,14,55,35
10_08_36_00475_dig_simple.png,10,8,36
00_15_13_00476_dig_lcd.png,0,15,13
04_51_02_00477_dig_segmented.png,4,51,2
05_39_33_00478_dig_lcd.png,5,39,33
13_37_42_00479_dig_simple.png,13,37,42
05_03_00_00480_dig_simple.png,5,3,0
06_43_48_00481_dig_simple.png,6,43,48
23_49_28_00482_dig_simple.png,23,49,28
09_23_44_00483_dig_segmented.png,9,23,44
10_10_27_00484_dig_simple.png,10,10,27
19_05_53_00485_dig_lcd.png,19,5,53
12_53_11_00486_dig_lcd.png,12,53,11
08_47_59_00487_dig_simple.png,8,47,59
12_29_08_00488_dig_segmented.png,12,29,8
05_53_15_00489_dig_lcd.png,5,53,15
12_13_30_00490_dig_lcd.png,12,13,30
15_16_17_00491_dig_lcd.png,15,16,17
07_35_06_00492_dig_segmented.png,7,35,6
04_51_02_00493_dig_simple.png,4,51,2
14_53_37_00494_dig_lcd.png,14,53,37
16_59_01_00495_dig_simple.png,16,59,1
07_53_31_00496_dig_segmented.png,7,53,31
18_25_47_00497_dig_lcd.png,18,25,47
07_35_06_00498_dig_simple.png,7,35,6
09_57_20_00499_dig_lcd.png,9,57,20
02_29_53_00500_dig_segmented.png,2,29,53
15_58_20_00501_dig_lcd.png,15,58,20
21_28_01_00502_dig_segmented.png,21,28,1
12_31_05_00503_dig_simple.png,12,31,5
07_37_43_00504_dig_lcd.png,7,37,43
00_51_14_00505_dig_simple.png,0,51,14
05_39_33_00506_dig_simple.png,5,39,33
19_05_53_00507_dig_segmented.png,19,5,53
17_44_32_00508_dig_lcd.png,17,44,32
02_50_09_00509_dig_segmented.png,2,50,9
08_40_04_00510_dig_simple.png,8,40,4
01_09_35_00511_dig_segmented.png,1,9,35
20_45_07_00512_dig_segmented.png,20,45,7
07_35_06_00513_dig_lcd.png,7,35,6
01_09_35_00514_dig_simple.png,1,9,35
02_04_41_00515_dig_lcd.png,2,4,41
06_12_22_00516_dig_lcd.png,6,12,22
20_16_08_00517_dig_simple.png,20,16,8
18_18_12_00518_dig_segmented.png,18,18,12
00_18_33_00519_dig_simple.png,0,18,33
16_43_44_00520_dig_simple.png,16,43,44
16_52_36_00521_dig_segmented.png,16,52,36
13_33_01_00522_dig_segmented.png,13,33,1
03_10_31_00523_dig_lcd.png,3,10,31
10_59_06_00524_dig_lcd.png,10,59,6
00_39_41_00525_dig_lcd.png,0,39,41
01_24_36_00526_dig_segmented.png,1,24,36
01_18_51_00527_dig_lcd.png,1,18,51
02_52_52_00528_dig_simple.png,2,52,52
10_08_36_00529_dig_simple.png,10,8,36
20_35_14_00530_dig_simple.png,20,35,14
17_44_32_00531_dig_lcd.png,17,44,32
19_19_22_00532_dig_segmented.png,19,19,22
04_37_14_00533_dig_lcd.png,4,37,14
00_15_13_00534_dig_lcd.png,0,15,13
22_59_32_00535_dig_simple.png,22,59,32
09_14_11_00536_dig_segmented.png,9,14,11
01_56_19_00537_dig_simple.png,1,56,19
03_17_00_00538_dig_segmented.png,3,17,0
06_33_33_00539_dig_segmented.png,6,33,33
06_21_06_00540_dig_lcd.png,6,21,6
04_22_09_00541_dig_simple.png,4,22,9
09_14_11_00542_dig_simple.png,9,14,11
03_06_14_00543_dig_lcd.png,3,6,14
02_04_41_00544_dig_segmented.png,2,4,41
08_48_26_00545_dig_simple.png,8,48,26
06_28_54_00546_dig_simple.png,6,28,54
06_40_54_00547_dig_simple.png,6,40,54
16_52_36_00548_dig_lcd.png,16,52,36
00_51_28_00549_dig_simple.png,0,51,28
00_08_23_00550_dig_lcd.png,0,8,23
07_56_53_00551_dig_simple.png,7,56,53
11_14_45_00552_dig_segmented.png,11,14,45
21_18_02_00553_dig_simple.png,21,18,2
05_11_01_00554_dig_segmented.png,5,11,1
10_32_29_00555_dig_lcd.png,10,32,29
17_34_15_00556_dig_segmented.png,17,34,15
00_04_20_00557_dig_segmented.png,0,4,20
23_23_55_00558_dig_simple.png,23,23,55
15_27_41_00559_dig_lcd.png,15,27,41
04_12_04_00560_dig_lcd.png,4,12,4
05_55_57_00561_dig_segmented.png,5,55,57
16_04_31_00562_dig_lcd.png,16,4,31
13_12_20_00563_dig_segmented.png,13,12,20
15_14_08_00564_dig_lcd.png,15,14,8
23_29_19_00565_dig_segmented.png,23,29,19
17_38_11_00566_dig_simple.png,17,38,11
21_11_07_00567_dig_segmented.png,21,11,7
15_14_33_00568_dig_lcd.png,15,14,33
23_49_28_00569_dig_lcd.png,23,49,28
12_29_08_00570_dig_segmented.png,12,29,8
10_47_42_00571_dig_lcd.png,10,47,42
09_11_53_00572_dig_lcd.png,9,11,53
22_36_21_00573_dig_simple.png,22,36,21
12_00_17_00574_dig_segmented.png,12,0,17
22_25_13_00575_dig_lcd.png,22,25,13
06_33_33_00576_dig_lcd.png,6,33,33
15_49_16_00577_dig_segmented.png,15,49,16
11_02_54_00578_dig_lcd.png,11,2,54
14_15_34_00579_dig_lcd.png,14,15,34
17_09_36_00580_dig_segmented.png,17,9,36
00_20_08_00581_dig_segmented.png,0,20,8
19_35_27_00582_dig_simple.png,19,35,27
14_29_52_00583_dig_segmented.png,14,29,52
05_39_33_00584_dig_simple.png,5,39,33
21_18_02_00585_dig_simple.png,21,18,2
16_35_38_00586_dig_segmented.png,16,35,38
16_28_50_00587_dig_simple.png,16,28,50
19_04_18_00588_dig_simple.png,19,4,18
02_36_30_00589_dig_simple.png,2,36,30
02_36_34_00590_dig_simple.png,2,36,34
03_52_44_00591_dig_simple.png,3,52,44
02_25_38_00592_dig_simple.png,2,25,38
21_35_30_00593_dig_simple.png,21,35,30
02_45_39_00594_dig_lcd.png,2,45,39
14_11_50_00595_dig_simple.png,14,11,50
00_10_25_00596_dig_segmented.png,0,10,25
15_31_23_00597_dig_lcd.png,15,31,23
21_22_59_00598_dig_segmented.png,21,22,59
23_46_00_00599_dig_simple.png,23,46,0
05_34_09_00600_dig_simple.png,5,34,9
04_07_10_00601_dig_simple.png,4,7,10
15_02_01_00602_dig_segmented.png,15,2,1
15_18_44_00603_dig_simple.png,15,18,44
01_36_28_00604_dig_lcd.png,1,36,28
12_55_50_00605_dig_segmented.png,12,55,50
18_28_43_00606_dig_lcd.png,18,28,43
13_38_53_00607_dig_lcd.png,13,38,53
20_35_14_00608_dig_simple.png,20,35,14
10_46_50_00609_dig_lcd.png,10,46,50
21_28_01_00610_dig_lcd.png,21,28,1
17_44_32_00611_dig_lcd.png,17,44,32
10_36_47_00612_dig_simple.png,10,36,47
03_12_35_00613_dig_lcd.png,3,12,35
18_38_25_00614_dig_segmented.png,18,38,25
17_02_42_00615_dig_simple.png,17,2,42
02_34_16_00616_dig_lcd.png,2,34,16
17_14_56_00617_dig_lcd.png,17,14,56
22_10_28_00618_dig_lcd.png,22,10,28
05_21_54_00619_dig_lcd.png,5,21,54
12_03_47_00620_dig_lcd.png,12,3,47
21_15_10_00621_dig_simple.png,21,15,10
06_55_06_00622_dig_segmented.png,6,55,6
03_52_44_00623_dig_simple.png,3,52,44
21_11_07_00624_dig_simple.png,21,11,7
14_55_35_00625_dig_simple.png,14,55,35
23_49_49_00626_dig_lcd.png,23,49,49
02_50_09_00627_dig_segmented.png,2,50,9
18_15_12_00628_dig_lcd.png,18,15,12
02_51_15_00629_dig_simple.png,2,51,15
12_03_47_00630_dig_simple.png,12,3,47
20_19_30_00631_dig_segmented.png,20,19,30
22_55_28_00632_dig_simple.png,22,55,28
00_18_33_00633_dig_segmented.png,0,18,33
06_16_08_00634_dig_lcd.png,6,16,8
04_12_04_00635_dig_lcd.png,4,12,4
01_41_02_00636_dig_simple.png,1,41,2
08_14_00_00637_dig_segmented.png,8,14,0
05_27_42_00638_dig_lcd.png,5,27,42
13_12_20_00639_dig_simple.png,13,12,20
01_41_10_00640_dig_simple.png,1,41,10
07_35_43_00641_dig_lcd.png,7,35,43
02_36_34_00642_dig_segmented.png,2,36,34
02_25_38_00643_dig_lcd.png,2,25,38
04_58_22_00644_dig_segmented.png,4,58,22
03_10_31_00645_dig_segmented.png,3,10,31
23_23_55_00646_dig_simple.png,23,23,55
23_49_05_00647_dig_segmented.png,23,49,5
12_12_47_00648_dig_segmented.png,12,12,47
20_55_15_00649_dig_lcd.png,20,55,15
18_38_08_00650_dig_simple.png,18,38,8
06_29_58_00651_dig_segmented.png,6,29,58
07_04_02_00652_dig_lcd.png,7,4,2
11_34_46_00653_dig_simple.png,11,34,46
00_51_44_00654_dig_simple.png,0,51,44
14_32_15_00655_dig_simple.png,14,32,15
03_48_59_00656_dig_simple.png,3,48,59
16_43_44_00657_dig_segmented.png,16,43,44
15_31_23_00658_dig_simple.png,15,31,23
01_09_35_00659_dig_simple.png,1,9,35
00_10_25_00660_dig_lcd.png,0,10,25
09_24_56_00661_dig_simple.png,9,24,56
20_09_28_00662_dig_segmented.png,20,9,28
13_59_19_00663_dig_lcd.png,13,59,19
01_16_29_00664_dig_simple.png,1,16,29
19_04_46_00665_dig_lcd.png,19,4,46
00_51_44_00666_dig_simple.png,0,51,44
17_40_28_00667_dig_simple.png,17,40,28
06_43_48_00668_dig_simple.png,6,43,48
22_55_28_00669_dig_lcd.png,22,55,28
03_29_12_00670_dig_lcd.png,3,29,12
05_27_42_00671_dig_lcd.png,5,27,42
04_08_49_00672_dig_simple.png,4,8,49
22_57_39_00673_dig_segmented.png,22,57,39
03_21_56_00674_dig_lcd.png,3,21,56
06_29_58_00675_dig_segmented.png,6,29,58
10_46_50_00676_dig_segmented.png,10,46,50
05_06_46_00677_dig_simple.png,5,6,46
07_35_06_00678_dig_lcd.png,7,35,6
05_13_37_00679_dig_simple.png,5,13,37
14_15_51_00680_dig_simple.png,14,15,51
22_10_28_00681_dig_lcd.png,22,10,28
15_16_17_00682_dig_lcd.png,15,16,17
14_47_02_00683_dig_lcd.png,14,47,2
18_38_08_00684_dig_simple.png,18,38,8
22_25_13_00685_dig_simple.png,22,25,13
13_49_04_00686_dig_lcd.png,13,49,4
16_59_01_00687_dig_lcd.png,16,59,1
11_07_20_00688_dig_lcd.png,11,7,20
20_42_24_00689_dig_lcd.png,20,42,24
08_37_16_00690_dig_segmented.png,8,37,16
06_40_54_00691_dig_lcd.png,6,40,54
10_47_42_00692_dig_segmented.png,10,47,42
00_51_28_00693_dig_simple.png,0,51,28
12_00_17_00694_dig_lcd.png,12,0,17
04_58_22_00695_dig_lcd.png,4,58,22
18_18_23_00696_dig_segmented.png,18,18,23
12_55_37_00697_dig_lcd.png,12,55,37
04_26_43_00698_dig_lcd.png,4,26,43
07_53_26_00699_dig_simple.png,7,53,26
23_05_22_00700_dig_segmented.png,23,5,22
03_29_12_00701_dig_segmented.png,3,29,12
00_07_33_00702_dig_simple.png,0,7,33
05_11_01_00703_dig_lcd.png,5,11,1
02_16_00_00704_dig_simple.png,2,16,0
15_18_44_00705_dig_segmented.png,15,18,44
08_36_49_00706_dig_lcd.png,8,36,49
12_55_50_00707_dig_simple.png,12,55,50
06_48_42_00708_dig_lcd.png,6,48,42
08_48_26_00709_dig_lcd.png,8,48,26
12_24_07_00710_dig_simple.png,12,24,7
03_06_14_00711_dig_segmented.png,3,6,14
17_02_42_00712_dig_lcd.png,17,2,42
23_49_49_00713_dig_segmented.png,23,49,49
04_12_04_00714_dig_segmented.png,4,12,4
08_27_22_00715_dig_segmented.png,8,27,22
14_54_40_00716_dig_segmented.png,14,54,40
07_44_16_00717_dig_lcd.png,7,44,16
13_45_41_00718_dig_lcd.png,13,45,41
07_44_16_00719_dig_simple.png,7,44,16
03_05_38_00720_dig_lcd.png,3,5,38
08_59_56_00721_dig_lcd.png,8,59,56
03_42_31_00722_dig_simple.png,3,42,31
12_08_40_00723_dig_lcd.png,12,8,40
00_15_13_00724_dig_lcd.png,0,15,13
19_31_41_00725_dig_lcd.png,19,31,41
13_12_20_00726_dig_simple.png,13,12,20
06_48_42_00727_dig_lcd.png,6,48,42
21_53_18_00728_dig_lcd.png,21,53,18
09_31_45_00729_dig_lcd.png,9,31,45
06_32_17_00730_dig_segmented.png,6,32,17
12_00_17_00731_dig_simple.png,12,0,17
09_23_44_00732_dig_lcd.png,9,23,44
07_56_53_00733_dig_segmented.png,7,56,53
07_14_16_00734_dig_segmented.png,7,14,16
09_57_20_00735_dig_segmented.png,9,57,20
19_19_22_00736_dig_simple.png,19,19,22
05_23_16_00737_dig_segmented.png,5,23,16
01_24_36_00738_dig_simple.png,1,24,36
14_16_23_00739_dig_lcd.png,14,16,23
03_06_14_00740_dig_lcd.png,3,6,14
11_36_55_00741_dig_lcd.png,11,36,55
06_12_22_00742_dig_simple.png,6,12,22
22_09_26_00743_dig_lcd.png,22,9,26
02_29_53_00744_dig_lcd.png,2,29,53
02_52_52_00745_dig_simple.png,2,52,52
08_02_49_00746_dig_segmented.png,8,2,49
15_32_42_00747_dig_segmented.png,15,32,42
18_45_16_00748_dig_segmented.png,18,45,16
15_32_42_00749_dig_segmented.png,15,32,42
13_52_55_00750_dig_lcd.png,13,52,55
02_16_00_00751_dig_simple.png,2,16,0
12_00_17_00752_dig_lcd.png,12,0,17
06_40_54_00753_dig_lcd.png,6,40,54
09_39_15_00754_dig_simple.png,9,39,15
14_55_35_00755_dig_segmented.png,14,55,35
03_48_59_00756_dig_segmented.png,3,48,59
14_28_31_00757_dig_lcd.png,14,28,31
16_47_14_00758_dig_simple.png,16,47,14
02_50_55_00759_dig_simple.png,2,50,55
03_17_00_00760_dig_simple.png,3,17,0
02_45_39_00761_dig_lcd.png,2,45,39
21_15_10_00762_dig_segmented.png,21,15,10
17_40_48_00763_dig_segmented.png,17,40,48
08_30_31_00764_dig_simple.png,8,30,31
15_14_08_00765_dig_segmented.png,15,14,8
10_23_40_00766_dig_lcd.png,10,23,40
23_54_03_00767_dig_simple.png,23,54,3
23_44_31_00768_dig_segmented.png,23,44,31
19_12_53_00769_dig_lcd.png,19,12,53
13_52_55_00770_dig_simple.png,13,52,55
03_42_31_00771_dig_segmented.png,3,42,31
09_09_06_00772_dig_simple.png,9,9,6
15_14_08_00773_dig_segmented.png,15,14,8
08_59_56_00774_dig_segmented.png,8,59,56
01_12_27_00775_dig_lcd.png,1,12,27
08_13_24_00776_dig_simple.png,8,13,24
14_11_40_00777_dig_simple.png,14,11,40
15_03_16_00778_dig_lcd.png,15,3,16
02_52_52_00779_dig_lcd.png,2,52,52
19_05_53_00780_dig_simple.png,19,5,53
11_02_54_00781_dig_simple.png,11,2,54
22_51_43_00782_dig_lcd.png,22,51,43
22_57_39_00783_dig_lcd.png,22,57,39
21_17_20_00784_dig_segmented.png,21,17,20
17_55_33_00785_dig_lcd.png,17,55,33
16_12_56_00786_dig_lcd.png,16,12,56
12_55_37_00787_dig_simple.png,12,55,37
11_19_58_00788_dig_simple.png,11,19,58
07_30_07_00789_dig_segmented.png,7,30,7
00_51_44_00790_dig_segmented.png,0,51,44
06_32_17_00791_dig_simple.png,6,32,17
10_03_25_00792_dig_simple.png,10,3,25
03_12_35_00793_dig_lcd.png,3,12,35
09_23_44_00794_dig_lcd.png,9,23,44
22_12_38_00795_dig_simple.png,22,12,38
13_49_04_00796_dig_lcd.png,13,49,4
15_58_20_00797_dig_segmented.png,15,58,20
14_43_52_00798_dig_segmented.png,14,43,52
18_12_37_00799_dig_lcd.png,18,12,37
17_02_42_00800_dig_segmented.png,17,2,42
07_04_02_00801_dig_simple.png,7,4,2
19_06_18_00802_dig_simple.png,19,6,18
03_42_31_00803_dig_simple.png,3,42,31
08_48_26_00804_dig_simple.png,8,48,26
02_36_30_00805_dig_simple.png,2,36,30
21_18_02_00806_dig_lcd.png,21,18,2
20_45_06_00807_dig_simple.png,20,45,6
18_52_32_00808_dig_segmented.png,18,52,32
13_33_01_00809_dig_segmented.png,13,33,1
14_28_31_00810_dig_simple.png,14,28,31
11_02_54_00811_dig_lcd.png,11,2,54
19_12_53_00812_dig_segmented.png,19,12,53
02_25_38_00813_dig_simple.png,2,25,38
22_51_43_00814_dig_simple.png,22,51,43
03_29_12_00815_dig_simple.png,3,29,12
08_59_56_00816_dig_segmented.png,8,59,56
04_04_05_00817_dig_segmented.png,4,4,5
12_49_52_00818_dig_simple.png,12,49,52
12_13_30_00819_dig_lcd.png,12,13,30
14_47_02_00820_dig_segmented.png,14,47,2
08_21_19_00821_dig_segmented.png,8,21,19
01_36_28_00822_dig_simple.png,1,36,28
03_47_17_00823_dig_lcd.png,3,47,17
22_25_13_00824_dig_lcd.png,22,25,13
04_51_02_00825_dig_simple.png,4,51,2
01_18_51_00826_dig_simple.png,1,18,51
22_24_30_00827_dig_lcd.png,22,24,30
14_50_52_00828_dig_lcd.png,14,50,52
10_03_25_00829_dig_segmented.png,10,3,25
22_25_13_00830_dig_lcd.png,22,25,13
13_33_01_00831_dig_segmented.png,13,33,1
03_29_12_00832_dig_simple.png,3,29,12
22_51_43_00833_dig_segmented.png,22,51,43
15_16_17_00834_dig_lcd.png,15,16,17
14_04_48_00835_dig_simple.png,14,4,48
07_14_16_00836_dig_simple.png,7,14,16
03_48_59_00837_dig_simple.png,3,48,59
22_57_39_00838_dig_segmented.png,22,57,39
12_03_47_00839_dig_lcd.png,12,3,47
02_54_31_00840_dig_lcd.png,2,54,31
19_12_53_00841_dig_lcd.png,19,12,53
06_40_54_00842_dig_segmented.png,6,40,54
02_04_41_00843_dig_segmented.png,2,4,41
17_35_38_00844_dig_segmented.png,17,35,38
02_52_52_00845_dig_lcd.png,2,52,52
14_43_52_00846_dig_lcd.png,14,43,52
08_02_49_00847_dig_simple.png,8,2,49
04_33_29_00848_dig_simple.png,4,33,29
19_35_27_00849_dig_segmented.png,19,35,27
00_51_28_00850_dig_lcd.png,0,51,28
02_50_09_00851_dig_lcd.png,2,50,9
06_32_17_00852_dig_lcd.png,6,32,17
07_53_26_00853_dig_segmented.png,7,53,26
19_26_00_00854_dig_lcd.png,19,26,0
22_10_28_00855_dig_segmented.png,22,10,28
02_34_16_00856_dig_simple.png,2,34,16
21_22_59_00857_dig_lcd.png,21,22,59
23_04_31_00858_dig_simple.png,23,4,31
04_10_12_00859_dig_lcd.png,4,10,12
01_24_36_00860_dig_segmented.png,1,24,36
00_51_28_00861_dig_simple.png,0,51,28
04_08_49_00862_dig_segmented.png,4,8,49
13_37_42_00863_dig_lcd.png,13,37,42
21_40_52_00864_dig_segmented.png,21,40,52
00_31_55_00865_dig_segmented.png,0,31,55
03_17_00_00866_dig_lcd.png,3,17,0
18_01_22_00867_dig_simple.png,18,1,22
14_32_15_00868_dig_segmented.png,14,32,15
02_36_30_00869_dig_lcd.png,2,36,30
18_15_12_00870_dig_segmented.png,18,15,12
08_13_24_00871_dig_simple.png,8,13,24
19_26_00_00872_dig_segmented.png,19,26,0
08_56_12_00873_dig_lcd.png,8,56,12
21_17_20_00874_dig_simple.png,21,17,20
10_52_44_00875_dig_simple.png,10,52,44
03_06_14_00876_dig_segmented.png,3,6,14
13_38_53_00877_dig_lcd.png,13,38,53
12_19_40_00878_dig_simple.png,12,19,40
12_21_40_00879_dig_segmented.png,12,21,40
19_04_18_00880_dig_simple.png,19,4,18
16_07_40_00881_dig_segmented.png,16,7,40
06_43_48_00882_dig_lcd.png,6,43,48
18_28_43_00883_dig_lcd.png,18,28,43
21_28_01_00884_dig_simple.png,21,28,1
17_55_33_00885_dig_lcd.png,17,55,33
02_45_39_00886_dig_simple.png,2,45,39
04_33_29_00887_dig_lcd.png,4,33,29
23_04_31_00888_dig_lcd.png,23,4,31
23_39_48_00889_dig_segmented.png,23,39,48
07_35_06_00890_dig_lcd.png,7,35,6
12_31_05_00891_dig_lcd.png,12,31,5
06_48_03_00892_dig_lcd.png,6,48,3
15_58_20_00893_dig_segmented.png,15,58,20
16_07_21_00894_dig_segmented.png,16,7,21
01_26_54_00895_dig_simple.png,1,26,54
08_21_19_00896_dig_lcd.png,8,21,19
06_29_58_00897_dig_simple.png,6,29,58
22_32_24_00898_dig_lcd.png,22,32,24
15_16_17_00899_dig_simple.png,15,16,17
00_04_22_00900_dig_segmented.png,0,4,22
05_03_00_00901_dig_segmented.png,5,3,0
12_24_07_00902_dig_simple.png,12,24,7
11_40_21_00903_dig_simple.png,11,40,21
05_13_37_00904_dig_simple.png,5,13,37
00_15_13_00905_dig_lcd.png,0,15,13
02_53_31_00906_dig_simple.png,2,53,31
20_19_30_00907_dig_lcd.png,20,19,30
23_39_48_00908_dig_segmented.png,23,39,48
11_40_21_00909_dig_segmented.png,11,40,21
06_38_49_00910_dig_segmented.png,6,38,49
21_13_47_00911_dig_lcd.png,21,13,47
21_22_59_00912_dig_segmented.png,21,22,59
06_55_06_00913_dig_lcd.png,6,55,6
04_26_43_00914_dig_simple.png,4,26,43
00_31_55_00915_dig_segmented.png,0,31,55
10_47_21_00916_dig_lcd.png,10,47,21
09_36_41_00917_dig_simple.png,9,36,41
18_38_25_00918_dig_lcd.png,18,38,25
22_32_24_00919_dig_lcd.png,22,32,24
06_40_54_00920_dig_segmented.png,6,40,54
19_31_41_00921_dig_segmented.png,19,31,41
22_55_28_00922_dig_segmented.png,22,55,28
03_42_31_00923_dig_lcd.png,3,42,31
20_58_06_00924_dig_simple.png,20,58,6
05_27_32_00925_dig_segmented.png,5,27,32
14_55_35_00926_dig_simple.png,14,55,35
17_02_42_00927_dig_simple.png,17,2,42
07_37_43_00928_dig_simple.png,7,37,43
12_35_28_00929_dig_lcd.png,12,35,28
04_08_19_00930_dig_lcd.png,4,8,19
21_35_30_00931_dig_lcd.png,21,35,30
03_48_59_00932_dig_segmented.png,3,48,59
08_14_00_00933_dig_simple.png,8,14,0
18_25_47_00934_dig_lcd.png,18,25,47
13_41_26_00935_dig_simple.png,13,41,26
00_39_41_00936_dig_simple.png,0,39,41
02_50_55_00937_dig_segmented.png,2,50,55
22_25_13_00938_dig_segmented.png,22,25,13
10_46_50_00939_dig_segmented.png,10,46,50
08_48_26_00940_dig_segmented.png,8,48,26
18_18_23_00941_dig_segmented.png,18,18,23
15_58_20_00942_dig_lcd.png,15,58,20
05_53_20_00943_dig_segmented.png,5,53,20
08_48_26_00944_dig_segmented.png,8,48,26
08_30_31_00945_dig_segmented.png,8,30,31
18_52_32_00946_dig_lcd.png,18,52,32
12_55_37_00947_dig_lcd.png,12,55,37
06_16_08_00948_dig_simple.png,6,16,8
00_18_41_00949_dig_segmented.png,0,18,41
10_59_06_00950_dig_lcd.png,10,59,6
08_21_19_00951_dig_segmented.png,8,21,19
03_42_31_00952_dig_segmented.png,3,42,31
19_04_18_00953_dig_segmented.png,19,4,18
07_31_35_00954_dig_lcd.png,7,31,35
18_28_43_00955_dig_segmented.png,18,28,43
19_35_27_00956_dig_lcd.png,19,35,27
14_11_40_00957_dig_simple.png,14,11,40
11_34_46_00958_dig_segmented.png,11,34,46
02_25_38_00959_dig_segmented.png,2,25,38
21_22_59_00960_dig_segmented.png,21,22,59
15_02_01_00961_dig_lcd.png,15,2,1
05_23_16_00962_dig_simple.png,5,23,16
11_20_01_00963_dig_segmented.png,11,20,1
10_59_06_00964_dig_segmented.png,10,59,6
01_36_28_00965_dig_lcd.png,1,36,28
06_12_22_00966_dig_simple.png,6,12,22
14_10_37_00967_dig_segmented.png,14,10,37
09_23_44_00968_dig_simple.png,9,23,44
09_18_05_00969_dig_simple.png,9,18,5
18_15_12_00970_dig_lcd.png,18,15,12
07_37_43_00971_dig_lcd.png,7,37,43
08_01_35_00972_dig_simple.png,8,1,35
10_52_44_00973_dig_lcd.png,10,52,44
20_19_30_00974_dig_lcd.png,20,19,30
13_16_06_00975_dig_segmented.png,13,16,6
16_24_47_00976_dig_simple.png,16,24,47
05_06_46_00977_dig_segmented.png,5,6,46
03_12_55_00978_dig_segmented.png,3,12,55
21_35_30_00979_dig_segmented.png,21,35,30
17_55_33_00980_dig_segmented.png,17,55,33
04_08_49_00981_dig_segmented.png,4,8,49
11_30_47_00982_dig_lcd.png,11,30,47
14_45_10_00983_dig_segmented.png,14,45,10
07_14_16_00984_dig_simple.png,7,14,16
17_38_11_00985_dig_simple.png,17,38,11
05_21_54_00986_dig_simple.png,5,21,54
10_10_27_00987_dig_simple.png,10,10,27
13_45_41_00988_dig_simple.png,13,45,41
13_59_19_00989_dig_segmented.png,13,59,19
18_18_23_00990_dig_lcd.png,18,18,23
19_04_46_00991_dig_segmented.png,19,4,46
11_02_54_00992_dig_simple.png,11,2,54
14_08_41_00993_dig_segmented.png,14,8,41
05_23_16_00994_dig_lcd.png,5,23,16
17_22_45_00995_dig_simple.png,17,22,45
17_09_36_00996_dig_simple.png,17,9,36
12_00_17_00997_dig_segmented.png,12,0,17
16_35_38_00998_dig_lcd.png,16,35,38
22_47_17_00999_dig_lcd.png,22,47,17
03_29_12_01000_dig_lcd.png,3,29,12
20_32_18_01001_dig_simple.png,20,32,18
03_00_15_01002_dig_lcd.png,3,0,15
22_55_28_01003_dig_simple.png,22,55,28
15_02_01_01004_dig_lcd.png,15,2,1
09_18_05_01005_dig_lcd.png,9,18,5
00_04_20_01006_dig_lcd.png,0,4,20
12_29_08_01007_dig_lcd.png,12,29,8
18_18_12_01008_dig_lcd.png,18,18,12
16_52_36_01009_dig_simple.png,16,52,36
12_24_07_01010_dig_lcd.png,12,24,7
05_39_33_01011_dig_lcd.png,5,39,33
18_01_22_01012_dig_simple.png,18,1,22
18_09_10_01013_dig_segmented.png,18,9,10
16_57_56_01014_dig_segmented.png,16,57,56
23_05_22_01015_dig_segmented.png,23,5,22
08_13_24_01016_dig_simple.png,8,13,24
17_40_48_01017_dig_lcd.png,17,40,48
05_21_54_01018_dig_simple.png,5,21,54
10_35_40_01019_dig_lcd.png,10,35,40
21_40_08_01020_dig_simple.png,21,40,8
12_40_58_01021_dig_lcd.png,12,40,58
18_18_23_01022_dig_segmented.png,18,18,23
03_37_06_01023_dig_simple.png,3,37,6
15_31_23_01024_dig_simple.png,15,31,23
12_31_05_01025_dig_segmented.png,12,31,5
09_42_38_01026_dig_simple.png,9,42,38
07_37_43_01027_dig_simple.png,7,37,43
18_25_47_01028_dig_segmented.png,18,25,47
15_37_34_01029_dig_segmented.png,15,37,34
09_57_20_01030_dig_segmented.png,9,57,20
06_16_08_01031_dig_segmented.png,6,16,8
04_26_31_01032_dig_segmented.png,4,26,31
07_30_07_01033_dig_lcd.png,7,30,7
01_24_36_01034_dig_simple.png,1,24,36
13_12_20_01035_dig_lcd.png,13,12,20
04_37_14_01036_dig_simple.png,4,37,14
23_54_03_01037_dig_segmented.png,23,54,3
23_39_48_01038_dig_lcd.png,23,39,48
08_56_12_01039_dig_simple.png,8,56,12
11_32_04_01040_dig_lcd.png,11,32,4
06_21_06_01041_dig_lcd.png,6,21,6
02_36_30_01042_dig_segmented.png,2,36,30
06_28_54_01043_dig_simple.png,6,28,54
21_17_20_01044_dig_lcd.png,21,17,20
07_53_31_01045_dig_lcd.png,7,53,31
16_28_50_01046_dig_segmented.png,16,28,50
14_45_10_01047_dig_simple.png,14,45,10
10_47_42_01048_dig_lcd.png,10,47,42
05_03_00_01049_dig_simple.png,5,3,0
17_22_45_01050_dig_lcd.png,17,22,45
06_21_06_01051_dig_segmented.png,6,21,6
09_39_15_01052_dig_segmented.png,9,39,15
23_46_00_01053_dig_segmented.png,23,46,0
02_34_56_01054_dig_segmented.png,2,34,56
19_04_18_01055_dig_segmented.png,19,4,18
08_48_26_01056_dig_segmented.png,8,48,26
06_37_18_01057_dig_lcd.png,6,37,18
05_03_00_01058_dig_lcd.png,5,3,0
13_33_01_01059_dig_segmented.png,13,33,1
01_26_54_01060_dig_lcd.png,1,26,54
14_55_35_01061_dig_simple.png,14,55,35
01_41_02_01062_dig_lcd.png,1,41,2
16_47_14_01063_dig_segmented.png,16,47,14
00_18_41_01064_dig_lcd.png,0,18,41
08_36_49_01065_dig_simple.png,8,36,49
21_22_59_01066_dig_segmented.png,21,22,59
08_47_59_01067_dig_lcd.png,8,47,59
11_50_35_01068_dig_lcd.png,11,50,35
12_53_11_01069_dig_lcd.png,12,53,11
04_37_14_01070_dig_lcd.png,4,37,14
09_39_15_01071_dig_lcd.png,9,39,15
06_32_17_01072_dig_lcd.png,6,32,17
21_15_10_01073_dig_segmented.png,21,15,10
07_35_06_01074_dig_lcd.png,7,35,6
06_33_33_01075_dig_simple.png,6,33,33
02_25_38_01076_dig_segmented.png,2,25,38
08_56_12_01077_dig_simple.png,8,56,12
15_58_20_01078_dig_segmented.png,15,58,20
14_19_20_01079_dig_simple.png,14,19,20
05_34_09_01080_dig_segmented.png,5,34,9
11_25_51_01081_dig_segmented.png,11,25,51
02_56_16_01082_dig_segmented.png,2,56,16
09_26_48_01083_dig_lcd.png,9,26,48
00_08_23_01084_dig_simple.png,0,8,23
08_59_56_01085_dig_simple.png,8,59,56
17_38_11_01086_dig_segmented.png,17,38,11
14_47_02_01087_dig_segmented.png,14,47,2
12_03_47_01088_dig_lcd.png,12,3,47
16_44_25_01089_dig_simple.png,16,44,25
04_04_05_01090_dig_segmented.png,4,4,5
12_55_37_01091_dig_lcd.png,12,55,37
14_15_34_01092_dig_lcd.png,14,15,34
06_28_54_01093_dig_simple.png,6,28,54
16_07_21_01094_dig_lcd.png,16,7,21
01_16_29_01095_dig_segmented.png,1,16,29
10_59_06_01096_dig_simple.png,10,59,6
21_34_02_01097_dig_segmented.png,21,34,2
01_09_35_01098_dig_segmented.png,1,9,35
22_59_32_01099_dig_segmented.png,22,59,32
00_10_25_01100_dig_segmented.png,0,10,25
10_46_50_01101_dig_segmented.png,10,46,50
20_55_15_01102_dig_lcd.png,20,55,15
22_10_28_01103_dig_simple.png,22,10,28
20_55_15_01104_dig_lcd.png,20,55,15
00_10_25_01105_dig_simple.png,0,10,25
05_27_42_01106_dig_simple.png,5,27,42
05_31_08_01107_dig_lcd.png,5,31,8
18_18_12_01108_dig_simple.png,18,18,12
20_19_30_01109_dig_lcd.png,20,19,30
12_40_58_01110_dig_simple.png,12,40,58
12_15_41_01111_dig_lcd.png,12,15,41
19_01_51_01112_dig_segmented.png,19,1,51
10_59_06_01113_dig_segmented.png,10,59,6
16_24_47_01114_dig_segmented.png,16,24,47
00_16_19_01115_dig_simple.png,0,16,19
23_05_20_01116_dig_segmented.png,23,5,20
19_07_46_01117_dig_segmented.png,19,7,46
13_01_42_01118_dig_simple.png,13,1,42
21_11_07_01119_dig_segmented.png,21,11,7
09_39_15_01120_dig_lcd.png,9,39,15
15_18_44_01121_dig_simple.png,15,18,44
01_18_51_01122_dig_simple.png,1,18,51
01_47_06_01123_dig_simple.png,1,47,6
09_18_05_01124_dig_lcd.png,9,18,5
18_38_25_01125_dig_segmented.png,18,38,25
18_12_37_01126_dig_lcd.png,18,12,37
03_12_53_01127_dig_segmented.png,3,12,53
21_13_47_01128_dig_segmented.png,21,13,47
18_12_37_01129_dig_segmented.png,18,12,37
14_32_15_01130_dig_segmented.png,14,32,15
14_54_40_01131_dig_segmented.png,14,54,40
11_25_51_01132_dig_lcd.png,11,25,51
14_10_37_01133_dig_simple.png,14,10,37
10_39_37_01134_dig_segmented.png,10,39,37
05_31_08_01135_dig_segmented.png,5,31,8
18_01_22_01136_dig_segmented.png,18,1,22
17_46_41_01137_dig_simple.png,17,46,41
10_47_42_01138_dig_lcd.png,10,47,42
21_37_43_01139_dig_segmented.png,21,37,43
16_12_56_01140_dig_segmented.png,16,12,56
16_59_01_01141_dig_segmented.png,16,59,1
18_52_32_01142_dig_segmented.png,18,52,32
17_46_41_01143_dig_lcd.png,17,46,41
12_12_47_01144_dig_simple.png,12,12,47
21_17_20_01145_dig_segmented.png,21,17,20
13_16_06_01146_dig_segmented.png,13,16,6
12_12_47_01147_dig_simple.png,12,12,47
15_31_23_01148_dig_segmented.png,15,31,23
06_12_22_01149_dig_lcd.png,6,12,22
11_50_35_01150_dig_segmented.png,11,50,35
16_44_25_01151_dig_lcd.png,16,44,25
19_04_46_01152_dig_simple.png,19,4,46
07_19_24_01153_dig_lcd.png,7,19,24
07_53_53_01154_dig_segmented.png,7,53,53
14_47_02_01155_dig_simple.png,14,47,2
05_42_51_01156_dig_simple.png,5,42,51
16_43_44_01157_dig_segmented.png,16,43,44
00_07_33_01158_dig_lcd.png,0,7,33
11_31_18_01159_dig_segmented.png,11,31,18
00_04_20_01160_dig_simple.png,0,4,20
20_45_07_01161_dig_simple.png,20,45,7
22_06_19_01162_dig_segmented.png,22,6,19
00_39_41_01163_dig_simple.png,0,39,41
14_42_57_01164_dig_segmented.png,14,42,57
04_46_20_01165_dig_simple.png,4,46,20
20_58_06_01166_dig_segmented.png,20,58,6
02_29_53_01167_dig_lcd.png,2,29,53
20_06_41_01168_dig_lcd.png,20,6,41
20_55_15_01169_dig_segmented.png,20,55,15
08_48_26_01170_dig_simple.png,8,48,26
20_42_24_01171_dig_simple.png,20,42,24
11_31_18_01172_dig_simple.png,11,31,18
10_36_47_01173_dig_lcd.png,10,36,47
07_31_35_01174_dig_simple.png,7,31,35
15_31_23_01175_dig_simple.png,15,31,23
17_34_15_01176_dig_simple.png,17,34,15
23_23_55_01177_dig_segmented.png,23,23,55
19_19_22_01178_dig_segmented.png,19,19,22
12_03_47_01179_dig_simple.png,12,3,47
22_51_43_01180_dig_segmented.png,22,51,43
07_31_35_01181_dig_lcd.png,7,31,35
11_32_04_01182_dig_lcd.png,11,32,4
17_35_38_01183_dig_segmented.png,17,35,38
12_21_40_01184_dig_lcd.png,12,21,40
08_02_49_01185_dig_segmented.png,8,2,49
14_53_37_01186_dig_segmented.png,14,53,37
15_41_24_01187_dig_lcd.png,15,41,24
00_32_38_01188_dig_simple.png,0,32,38
02_50_55_01189_dig_segmented.png,2,50,55
10_25_14_01190_dig_segmented.png,10,25,14
19_54_10_01191_dig_lcd.png,19,54,10
07_31_35_01192_dig_segmented.png,7,31,35
22_57_39_01193_dig_simple.png,22,57,39
03_37_06_01194_dig_simple.png,3,37,6
12_34_14_01195_dig_segmented.png,12,34,14
17_14_56_01196_dig_simple.png,17,14,56
16_14_11_01197_dig_simple.png,16,14,11
00_37_50_01198_dig_simple.png,0,37,50
15_58_20_01199_dig_simple.png,15,58,20
09_12_03_01200_dig_segmented.png,9,12,3
11_30_47_01201_dig_segmented.png,11,30,47
07_04_02_01202_dig_segmented.png,7,4,2
00_51_28_01203_dig_lcd.png,0,51,28
12_03_47_01204_dig_lcd.png,12,3,47
16_59_01_01205_dig_simple.png,16,59,1
15_37_34_01206_dig_segmented.png,15,37,34
04_51_02_01207_dig_lcd.png,4,51,2
21_34_02_01208_dig_lcd.png,21,34,2
14_08_41_01209_dig_lcd.png,14,8,41
21_11_07_01210_dig_lcd.png,21,11,7
03_12_55_01211_dig_segmented.png,3,12,55
07_39_50_01212_dig_segmented.png,7,39,50
14_03_12_01213_dig_simple.png,14,3,12
04_08_19_01214_dig_lcd.png,4,8,19
09_24_56_01215_dig_segmented.png,9,24,56
02_36_34_01216_dig_segmented.png,2,36,34
13_33_01_01217_dig_lcd.png,13,33,1
07_44_16_01218_dig_segmented.png,7,44,16
14_28_31_01219_dig_segmented.png,14,28,31
23_23_55_01220_dig_simple.png,23,23,55
10_03_25_01221_dig_segmented.png,10,3,25
23_23_55_01222_dig_lcd.png,23,23,55
17_34_15_01223_dig_segmented.png,17,34,15
19_35_27_01224_dig_segmented.png,19,35,27
14_15_34_01225_dig_lcd.png,14,15,34
12_00_17_01226_dig_simple.png,12,0,17
08_27_44_01227_dig_segmented.png,8,27,44
06_21_06_01228_dig_segmented.png,6,21,6
04_07_10_01229_dig_simple.png,4,7,10
00_20_08_01230_dig_simple.png,0,20,8
09_09_06_01231_dig_segmented.png,9,9,6
00_51_28_01232_dig_lcd.png,0,51,28
16_47_14_01233_dig_lcd.png,16,47,14
19_05_53_01234_dig_segmented.png,19,5,53
06_43_48_01235_dig_simple.png,6,43,48
14_04_48_01236_dig_lcd.png,14,4,48
02_54_31_01237_dig_segmented.png,2,54,31
02_25_38_01238_dig_segmented.png,2,25,38
18_09_10_01239_dig_segmented.png,18,9,10
22_25_13_01240_dig_simple.png,22,25,13
15_02_01_01241_dig_simple.png,15,2,1
05_34_09_01242_dig_segmented.png,5,34,9
00_51_14_01243_dig_lcd.png,0,51,14
13_16_06_01244_dig_lcd.png,13,16,6
09_39_15_01245_dig_simple.png,9,39,15
01_56_19_01246_dig_lcd.png,1,56,19
13_01_42_01247_dig_simple.png,13,1,42
07_56_53_01248_dig_segmented.png,7,56,53
16_57_56_01249_dig_lcd.png,16,57,56
23_49_28_01250_dig_lcd.png,23,49,28
01_56_19_01251_dig_lcd.png,1,56,19
09_04_24_01252_dig_segmented.png,9,4,24
21_17_20_01253_dig_segmented.png,21,17,20
14_43_52_01254_dig_segmented.png,14,43,52
09_39_15_01255_dig_lcd.png,9,39,15
08_13_24_01256_dig_segmented.png,8,13,24
22_10_28_01257_dig_simple.png,22,10,28
23_54_03_01258_dig_simple.png,23,54,3
18_09_10_01259_dig_segmented.png,18,9,10
11_27_45_01260_dig_simple.png,11,27,45
14_57_18_01261_dig_lcd.png,14,57,18
00_18_41_01262_dig_lcd.png,0,18,41
14_57_18_01263_dig_simple.png,14,57,18
10_25_14_01264_dig_simple.png,10,25,14
12_03_47_01265_dig_simple.png,12,3,47
11_36_55_01266_dig_segmented.png,11,36,55
04_10_12_01267_dig_segmented.png,4,10,12
18_09_10_01268_dig_simple.png,18,9,10
20_32_18_01269_dig_lcd.png,20,32,18
17_34_15_01270_dig_segmented.png,17,34,15
14_11_40_01271_dig_simple.png,14,11,40
04_46_20_01272_dig_simple.png,4,46,20
07_31_35_01273_dig_lcd.png,7,31,35
15_14_33_01274_dig_simple.png,15,14,33
15_03_16_01275_dig_segmented.png,15,3,16
22_36_21_01276_dig_simple.png,22,36,21
05_13_37_01277_dig_segmented.png,5,13,37
14_15_51_01278_dig_simple.png,14,15,51
19_04_46_01279_dig_lcd.png,19,4,46
11_20_01_01280_dig_lcd.png,11,20,1
18_52_32_01281_dig_simple.png,18,52,32
02_51_15_01282_dig_segmented.png,2,51,15
21_04_16_01283_dig_segmented.png,21,4,16
16_57_56_01284_dig_segmented.png,16,57,56
09_39_15_01285_dig_lcd.png,9,39,15
18_52_32_01286_dig_simple.png,18,52,32
06_38_49_01287_dig_lcd.png,6,38,49
12_08_40_01288_dig_simple.png,12,8,40
02_04_41_01289_dig_segmented.png,2,4,41
13_45_41_01290_dig_lcd.png,13,45,41
11_20_01_01291_dig_lcd.png,11,20,1
19_35_27_01292_dig_simple.png,19,35,27
17_50_47_01293_dig_segmented.png,17,50,47
05_31_08_01294_dig_lcd.png,5,31,8
02_55_46_01295_dig_lcd.png,2,55,46
12_03_47_01296_dig_lcd.png,12,3,47
07_01_36_01297_dig_segmented.png,7,1,36
13_01_42_01298_dig_lcd.png,13,1,42
22_36_21_01299_dig_simple.png,22,36,21
04_08_19_01300_dig_segmented.png,4,8,19
16_35_38_01301_dig_lcd.png,16,35,38
03_11_04_01302_dig_lcd.png,3,11,4
06_21_06_01303_dig_lcd.png,6,21,6
23_44_31_01304_dig_simple.png,23,44,31
16_04_31_01305_dig_lcd.png,16,4,31
05_31_08_01306_dig_simple.png,5,31,8
05_13_37_01307_dig_simple.png,5,13,37
00_51_28_01308_dig_lcd.png,0,51,28
14_15_34_01309_dig_simple.png,14,15,34
21_22_59_01310_dig_lcd.png,21,22,59
12_08_40_01311_dig_simple.png,12,8,40
21_34_02_01312_dig_lcd.png,21,34,2
08_13_24_01313_dig_segmented.png,8,13,24
23_49_49_01314_dig_lcd.png,23,49,49
19_54_10_01315_dig_lcd.png,19,54,10
17_40_48_01316_dig_segmented.png,17,40,48
06_21_06_01317_dig_segmented.png,6,21,6
14_54_25_01318_dig_segmented.png,14,54,25
15_02_01_01319_dig_lcd.png,15,2,1
06_21_06_01320_dig_lcd.png,6,21,6
16_46_15_01321_dig_lcd.png,16,46,15
07_44_16_01322_dig_lcd.png,7,44,16
05_34_09_01323_dig_simple.png,5,34,9
16_35_38_01324_dig_segmented.png,16,35,38
03_21_56_01325_dig_lcd.png,3,21,56
07_44_16_01326_dig_lcd.png,7,44,16
00_51_44_01327_dig_simple.png,0,51,44
00_32_38_01328_dig_segmented.png,0,32,38
12_55_50_01329_dig_simple.png,12,55,50
06_28_54_01330_dig_lcd.png,6,28,54
20_09_28_01331_dig_segmented.png,20,9,28
22_47_09_01332_dig_simple.png,22,47,9
08_40_04_01333_dig_lcd.png,8,40,4
05_23_16_01334_dig_segmented.png,5,23,16
06_55_06_01335_dig_lcd.png,6,55,6
14_54_25_01336_dig_segmented.png,14,54,25
04_08_19_01337_dig_simple.png,4,8,19
19_10_04_01338_dig_segmented.png,19,10,4
03_12_35_01339_dig_simple.png,3,12,35
23_52_13_01340_dig_simple.png,23,52,13
03_21_56_01341_dig_segmented.png,3,21,56
14_43_52_01342_dig_lcd.png,14,43,52
04_22_09_01343_dig_lcd.png,4,22,9
01_47_06_01344_dig_simple.png,1,47,6
14_04_48_01345_dig_lcd.png,14,4,48
10_35_40_01346_dig_segmented.png,10,35,40
14_57_18_01347_dig_lcd.png,14,57,18
09_14_11_01348_dig_simple.png,9,14,11
23_05_20_01349_dig_segmented.png,23,5,20
20_55_15_01350_dig_lcd.png,20,55,15
14_43_52_01351_dig_simple.png,14,43,52
09_24_56_01352_dig_segmented.png,9,24,56
22_40_44_01353_dig_segmented.png,22,40,44
13_38_53_01354_dig_lcd.png,13,38,53
03_05_48_01355_dig_segmented.png,3,5,48
03_18_42_01356_dig_lcd.png,3,18,42
20_19_30_01357_dig_segmented.png,20,19,30
08_37_16_01358_dig_simple.png,8,37,16
14_03_12_01359_dig_lcd.png,14,3,12
08_47_59_01360_dig_segmented.png,8,47,59
04_51_02_01361_dig_simple.png,4,51,2
21_15_10_01362_dig_segmented.png,21,15,10
00_32_38_01363_dig_segmented.png,0,32,38
08_27_44_01364_dig_lcd.png,8,27,44
10_36_47_01365_dig_simple.png,10,36,47
06_55_06_01366_dig_segmented.png,6,55,6
14_19_20_01367_dig_lcd.png,14,19,20
22_57_39_01368_dig_segmented.png,22,57,39
21_53_18_01369_dig_lcd.png,21,53,18
20_54_43_01370_dig_simple.png,20,54,43
22_55_28_01371_dig_simple.png,22,55,28
12_35_28_01372_dig_simple.png,12,35,28
18_45_16_01373_dig_segmented.png,18,45,16
17_44_32_01374_dig_segmented.png,17,44,32
22_12_38_01375_dig_segmented.png,22,12,38
10_15_33_01376_dig_segmented.png,10,15,33
22_32_24_01377_dig_simple.png,22,32,24
16_35_38_01378_dig_segmented.png,16,35,38
23_52_07_01379_dig_simple.png,23,52,7
23_29_19_01380_dig_segmented.png,23,29,19
02_34_16_01381_dig_simple.png,2,34,16
19_04_18_01382_dig_simple.png,19,4,18
16_17_10_01383_dig_segmented.png,16,17,10
21_40_08_01384_dig_simple.png,21,40,8
08_50_39_01385_dig_simple.png,8,50,39
03_37_06_01386_dig_segmented.png,3,37,6
09_57_20_01387_dig_segmented.png,9,57,20
20_16_08_01388_dig_lcd.png,20,16,8
09_43_20_01389_dig_simple.png,9,43,20
12_31_05_01390_dig_lcd.png,12,31,5
16_43_44_01391_dig_simple.png,16,43,44
05_53_15_01392_dig_simple.png,5,53,15
16_17_10_01393_dig_segmented.png,16,17,10
15_49_16_01394_dig_lcd.png,15,49,16
17_37_04_01395_dig_lcd.png,17,37,4
16_43_44_01396_dig_simple.png,16,43,44
00_04_03_01397_dig_segmented.png,0,4,3
17_34_15_01398_dig_simple.png,17,34,15
22_55_28_01399_dig_simple.png,22,55,28
17_38_11_01400_dig_simple.png,17,38,11
14_53_37_01401_dig_lcd.png,14,53,37
09_18_05_01402_dig_segmented.png,9,18,5
04_04_05_01403_dig_lcd.png,4,4,5
00_32_38_01404_dig_simple.png,0,32,38
21_42_27_01405_dig_lcd.png,21,42,27
14_54_25_01406_dig_lcd.png,14,54,25
12_15_41_01407_dig_simple.png,12,15,41
11_32_04_01408_dig_simple.png,11,32,4
04_26_31_01409_dig_simple.png,4,26,31
06_48_03_01410_dig_simple.png,6,48,3
17_34_15_01411_dig_segmented.png,17,34,15
11_30_47_01412_dig_simple.png,11,30,47
14_50_52_01413_dig_lcd.png,14,50,52
23_56_12_01414_dig_simple.png,23,56,12
10_03_25_01415_dig_simple.png,10,3,25
11_40_21_01416_dig_segmented.png,11,40,21
20_07_54_01417_dig_lcd.png,20,7,54
14_43_52_01418_dig_simple.png,14,43,52
03_00_15_01419_dig_lcd.png,3,0,15
00_13_06_01420_dig_segmented.png,0,13,6
03_48_59_01421_dig_segmented.png,3,48,59
11_19_24_01422_dig_simple.png,11,19,24
08_50_39_01423_dig_simple.png,8,50,39
12_35_28_01424_dig_segmented.png,12,35,28
18_38_08_01425_dig_segmented.png,18,38,8
03_12_35_01426_dig_lcd.png,3,12,35
13_45_41_01427_dig_simple.png,13,45,41
02_36_34_01428_dig_simple.png,2,36,34
11_40_21_01429_dig_lcd.png,11,40,21
20_32_18_01430_dig_segmented.png,20,32,18
16_07_21_01431_dig_segmented.png,16,7,21
10_10_27_01432_dig_segmented.png,10,10,27
02_36_30_01433_dig_lcd.png,2,36,30
14_15_34_01434_dig_segmented.png,14,15,34
09_43_20_01435_dig_simple.png,9,43,20
14_42_57_01436_dig_segmented.png,14,42,57
03_47_17_01437_dig_simple.png,3,47,17
04_10_12_01438_dig_simple.png,4,10,12
17_35_38_01439_dig_lcd.png,17,35,38
22_24_30_01440_dig_simple.png,22,24,30
03_06_14_01441_dig_lcd.png,3,6,14
20_07_54_01442_dig_segmented.png,20,7,54
23_05_22_01443_dig_segmented.png,23,5,22
19_04_46_01444_dig_simple.png,19,4,46
03_49_41_01445_dig_simple.png,3,49,41
06_33_33_01446_dig_segmented.png,6,33,33
12_15_41_01447_dig_lcd.png,12,15,41
12_35_28_01448_dig_segmented.png,12,35,28
08_48_26_01449_dig_lcd.png,8,48,26
06_40_54_01450_dig_lcd.png,6,40,54
21_04_16_01451_dig_segmented.png,21,4,16
14_54_25_01452_dig_lcd.png,14,54,25
16_28_50_01453_dig_segmented.png,16,28,50
12_21_40_01454_dig_segmented.png,12,21,40
15_32_42_01455_dig_segmented.png,15,32,42
03_52_44_01456_dig_simple.png,3,52,44
08_21_19_01457_dig_lcd.png,8,21,19
05_34_09_01458_dig_lcd.png,5,34,9
17_55_33_01459_dig_segmented.png,17,55,33
23_49_49_01460_dig_segmented.png,23,49,49
10_35_40_01461_dig_simple.png,10,35,40
05_13_37_01462_dig_lcd.png,5,13,37
17_55_33_01463_dig_lcd.png,17,55,33
01_36_28_01464_dig_lcd.png,1,36,28
02_29_53_01465_dig_simple.png,2,29,53
02_04_41_01466_dig_segmented.png,2,4,41
00_28_30_01467_dig_simple.png,0,28,30
01_16_29_01468_dig_lcd.png,1,16,29
23_54_03_01469_dig_lcd.png,23,54,3
00_23_21_01470_dig_segmented.png,0,23,21
02_55_46_01471_dig_segmented.png,2,55,46
07_19_24_01472_dig_segmented.png,7,19,24
06_43_48_01473_dig_segmented.png,6,43,48
04_46_20_01474_dig_simple.png,4,46,20
21_42_27_01475_dig_segmented.png,21,42,27
18_40_32_01476_dig_segmented.png,18,40,32
16_47_14_01477_dig_segmented.png,16,47,14
08_59_56_01478_dig_lcd.png,8,59,56
22_47_17_01479_dig_lcd.png,22,47,17
08_14_00_01480_dig_segmented.png,8,14,0
09_57_20_01481_dig_simple.png,9,57,20
01_24_36_01482_dig_segmented.png,1,24,36
00_51_44_01483_dig_lcd.png,0,51,44
09_36_41_01484_dig_lcd.png,9,36,41
11_03_25_01485_dig_simple.png,11,3,25
13_52_55_01486_dig_segmented.png,13,52,55
17_33_59_01487_dig_lcd.png,17,33,59
02_50_55_01488_dig_lcd.png,2,50,55
05_53_15_01489_dig_lcd.png,5,53,15
02_04_41_01490_dig_lcd.png,2,4,41
17_44_32_01491_dig_lcd.png,17,44,32
16_59_01_01492_dig_segmented.png,16,59,1
13_42_00_01493_dig_simple.png,13,42,0
21_04_16_01494_dig_lcd.png,21,4,16
08_13_24_01495_dig_simple.png,8,13,24
09_57_20_01496_dig_lcd.png,9,57,20
10_15_33_01497_dig_segmented.png,10,15,33
03_49_41_01498_dig_segmented.png,3,49,41
14_03_12_01499_dig_lcd.png,14,3,12
04_22_09_01500_dig_segmented.png,4,22,9
00_33_25_01501_dig_segmented.png,0,33,25
18_50_41_01502_dig_lcd.png,18,50,41
11_07_20_01503_dig_lcd.png,11,7,20
15_18_44_01504_dig_lcd.png,15,18,44
02_36_42_01505_dig_segmented.png,2,36,42
19_26_00_01506_dig_lcd.png,19,26,0
13_12_20_01507_dig_simple.png,13,12,20
22_09_26_01508_dig_simple.png,22,9,26
21_22_59_01509_dig_simple.png,21,22,59
18_38_08_01510_dig_lcd.png,18,38,8
21_42_27_01511_dig_simple.png,21,42,27
04_09_44_01512_dig_simple.png,4,9,44
13_49_04_01513_dig_segmented.png,13,49,4
22_10_28_01514_dig_simple.png,22,10,28
14_32_15_01515_dig_lcd.png,14,32,15
11_32_04_01516_dig_segmented.png,11,32,4
05_03_00_01517_dig_simple.png,5,3,0
21_23_29_01518_dig_lcd.png,21,23,29
19_12_53_01519_dig_lcd.png,19,12,53
10_32_29_01520_dig_simple.png,10,32,29
18_18_23_01521_dig_simple.png,18,18,23
11_19_58_01522_dig_simple.png,11,19,58
15_49_16_01523_dig_segmented.png,15,49,16
11_37_56_01524_dig_lcd.png,11,37,56
21_22_59_01525_dig_simple.png,21,22,59
09_57_20_01526_dig_segmented.png,9,57,20
14_53_37_01527_dig_lcd.png,14,53,37
18_28_43_01528_dig_segmented.png,18,28,43
15_14_33_01529_dig_segmented.png,15,14,33
19_04_18_01530_dig_lcd.png,19,4,18
08_40_04_01531_dig_lcd.png,8,40,4
18_15_12_01532_dig_lcd.png,18,15,12
23_52_07_01533_dig_segmented.png,23,52,7
06_32_17_01534_dig_simple.png,6,32,17
16_04_31_01535_dig_simple.png,16,4,31
21_11_07_01536_dig_segmented.png,21,11,7
07_44_16_01537_dig_lcd.png,7,44,16
05_27_32_01538_dig_segmented.png,5,27,32
06_43_35_01539_dig_lcd.png,6,43,35
08_02_49_01540_dig_lcd.png,8,2,49
12_08_40_01541_dig_segmented.png,12,8,40
08_36_49_01542_dig_segmented.png,8,36,49
17_09_36_01543_dig_simple.png,17,9,36
16_43_44_01544_dig_lcd.png,16,43,44
06_38_49_01545_dig_lcd.png,6,38,49
23_49_49_01546_dig_simple.png,23,49,49
10_08_36_01547_dig_segmented.png,10,8,36
21_11_07_01548_dig_segmented.png,21,11,7
04_08_49_01549_dig_segmented.png,4,8,49
06_48_42_01550_dig_simple.png,6,48,42
10_39_37_01551_dig_segmented.png,10,39,37
23_04_31_01552_dig_segmented.png,23,4,31
03_11_04_01553_dig_segmented.png,3,11,4
08_36_49_01554_dig_simple.png,8,36,49
12_35_28_01555_dig_lcd.png,12,35,28
14_42_57_01556_dig_segmented.png,14,42,57
23_46_00_01557_dig_lcd.png,23,46,0
17_55_33_01558_dig_simple.png,17,55,33
19_12_53_01559_dig_lcd.png,19,12,53
04_58_22_01560_dig_lcd.png,4,58,22
02_45_39_01561_dig_lcd.png,2,45,39
14_47_36_01562_dig_lcd.png,14,47,36
21_11_07_01563_dig_lcd.png,21,11,7
10_32_29_01564_dig_segmented.png,10,32,29
01_56_19_01565_dig_lcd.png,1,56,19
07_14_16_01566_dig_lcd.png,7,14,16
21_37_43_01567_dig_simple.png,21,37,43
22_47_17_01568_dig_segmented.png,22,47,17
18_25_47_01569_dig_lcd.png,18,25,47
06_32_17_01570_dig_segmented.png,6,32,17
12_12_47_01571_dig_simple.png,12,12,47
19_19_22_01572_dig_lcd.png,19,19,22
23_49_05_01573_dig_simple.png,23,49,5
14_03_12_01574_dig_simple.png,14,3,12
11_49_25_01575_dig_segmented.png,11,49,25
21_35_30_01576_dig_segmented.png,21,35,30
13_45_41_01577_dig_simple.png,13,45,41
14_11_40_01578_dig_segmented.png,14,11,40
14_13_24_01579_dig_lcd.png,14,13,24
11_03_25_01580_dig_lcd.png,11,3,25
14_47_02_01581_dig_lcd.png,14,47,2
18_52_32_01582_dig_simple.png,18,52,32
21_23_29_01583_dig_segmented.png,21,23,29
11_27_45_01584_dig_segmented.png,11,27,45
10_35_40_01585_dig_segmented.png,10,35,40
14_45_10_01586_dig_lcd.png,14,45,10
12_19_40_01587_dig_segmented.png,12,19,40
20_06_41_01588_dig_lcd.png,20,6,41
23_56_12_01589_dig_segmented.png,23,56,12
19_26_00_01590_dig_lcd.png,19,26,0
09_26_48_01591_dig_segmented.png,9,26,48
19_26_00_01592_dig_simple.png,19,26,0
06_55_06_01593_dig_simple.png,6,55,6
07_56_53_01594_dig_simple.png,7,56,53
22_57_39_01595_dig_lcd.png,22,57,39
00_04_03_01596_dig_lcd.png,0,4,3
04_22_09_01597_dig_lcd.png,4,22,9
15_14_08_01598_dig_segmented.png,15,14,8
14_04_48_01599_dig_simple.png,14,4,48
18_50_41_01600_dig_simple.png,18,50,41
09_57_20_01601_dig_segmented.png,9,57,20
09_09_06_01602_dig_segmented.png,9,9,6
05_06_46_01603_dig_simple.png,5,6,46
01_36_28_01604_dig_lcd.png,1,36,28
10_52_44_01605_dig_lcd.png,10,52,44
05_23_16_01606_dig_segmented.png,5,23,16
04_46_20_01607_dig_segmented.png,4,46,20
18_25_47_01608_dig_segmented.png,18,25,47
02_54_31_01609_dig_lcd.png,2,54,31
20_42_24_01610_dig_lcd.png,20,42,24
12_00_17_01611_dig_segmented.png,12,0,17
05_06_46_01612_dig_simple.png,5,6,46
14_54_40_01613_dig_lcd.png,14,54,40
09_39_15_01614_dig_lcd.png,9,39,15
01_40_27_01615_dig_segmented.png,1,40,27
21_23_29_01616_dig_lcd.png,21,23,29
19_35_27_01617_dig_segmented.png,19,35,27
17_55_33_01618_dig_lcd.png,17,55,33
01_36_28_01619_dig_simple.png,1,36,28
05_03_00_01620_dig_simple.png,5,3,0
11_14_45_01621_dig_simple.png,11,14,45
15_32_42_01622_dig_segmented.png,15,32,42
02_54_31_01623_dig_lcd.png,2,54,31
16_35_38_01624_dig_lcd.png,16,35,38
07_53_53_01625_dig_simple.png,7,53,53
20_42_24_01626_dig_simple.png,20,42,24
06_29_58_01627_dig_simple.png,6,29,58
21_42_27_01628_dig_segmented.png,21,42,27
05_53_20_01629_dig_segmented.png,5,53,20
16_52_36_01630_dig_segmented.png,16,52,36
00_28_30_01631_dig_simple.png,0,28,30
22_06_19_01632_dig_lcd.png,22,6,19
12_00_17_01633_dig_segmented.png,12,0,17
11_37_56_01634_dig_segmented.png,11,37,56
12_35_28_01635_dig_lcd.png,12,35,28
15_16_17_01636_dig_lcd.png,15,16,17
18_45_16_01637_dig_segmented.png,18,45,16
06_48_42_01638_dig_lcd.png,6,48,42
04_33_29_01639_dig_lcd.png,4,33,29
06_12_22_01640_dig_segmented.png,6,12,22
03_05_48_01641_dig_lcd.png,3,5,48
11_02_54_01642_dig_simple.png,11,2,54
01_59_20_01643_dig_simple.png,1,59,20
17_09_36_01644_dig_segmented.png,17,9,36
13_38_53_01645_dig_simple.png,13,38,53
16_57_56_01646_dig_segmented.png,16,57,56
14_47_36_01647_dig_simple.png,14,47,36
21_53_18_01648_dig_simple.png,21,53,18
07_31_35_01649_dig_simple.png,7,31,35
23_23_55_01650_dig_simple.png,23,23,55
23_56_12_01651_dig_lcd.png,23,56,12
00_07_33_01652_dig_lcd.png,0,7,33
14_03_12_01653_dig_simple.png,14,3,12
21_40_52_01654_dig_segmented.png,21,40,52
10_59_06_01655_dig_segmented.png,10,59,6
06_40_54_01656_dig_simple.png,6,40,54
06_48_42_01657_dig_simple.png,6,48,42
17_51_55_01658_dig_simple.png,17,51,55
10_47_42_01659_dig_lcd.png,10,47,42
04_58_22_01660_dig_simple.png,4,58,22
06_43_48_01661_dig_segmented.png,6,43,48
06_29_58_01662_dig_simple.png,6,29,58
13_45_41_01663_dig_lcd.png,13,45,41
00_39_41_01664_dig_lcd.png,0,39,41
10_03_25_01665_dig_simple.png,10,3,25
22_06_19_01666_dig_segmented.png,22,6,19
01_16_29_01667_dig_simple.png,1,16,29
08_40_04_01668_dig_segmented.png,8,40,4
23_44_31_01669_dig_simple.png,23,44,31
21_23_29_01670_dig_lcd.png,21,23,29
07_14_16_01671_dig_segmented.png,7,14,16
11_03_25_01672_dig_segmented.png,11,3,25
01_24_36_01673_dig_simple.png,1,24,36
12_53_11_01674_dig_lcd.png,12,53,11
04_26_31_01675_dig_segmented.png,4,26,31
03_12_53_01676_dig_simple.png,3,12,53
05_34_09_01677_dig_lcd.png,5,34,9
04_16_32_01678_dig_lcd.png,4,16,32
12_40_58_01679_dig_lcd.png,12,40,58
09_14_11_01680_dig_simple.png,9,14,11
03_42_31_01681_dig_segmented.png,3,42,31
02_34_16_01682_dig_lcd.png,2,34,16
08_56_12_01683_dig_lcd.png,8,56,12
13_33_01_01684_dig_simple.png,13,33,1
20_54_43_01685_dig_simple.png,20,54,43
22_09_26_01686_dig_segmented.png,22,9,26
23_29_19_01687_dig_simple.png,23,29,19
17_14_56_01688_dig_lcd.png,17,14,56
21_42_27_01689_dig_lcd.png,21,42,27
16_46_15_01690_dig_lcd.png,16,46,15
12_00_17_01691_dig_lcd.png,12,0,17
20_42_24_01692_dig_simple.png,20,42,24
08_14_00_01693_dig_lcd.png,8,14,0
05_11_01_01694_dig_lcd.png,5,11,1
16_59_01_01695_dig_simple.png,16,59,1
17_40_28_01696_dig_segmented.png,17,40,28
20_55_15_01697_dig_segmented.png,20,55,15
03_47_17_01698_dig_lcd.png,3,47,17
00_16_19_01699_dig_segmented.png,0,16,19
14_54_25_01700_dig_segmented.png,14,54,25
22_55_28_01701_dig_segmented.png,22,55,28
19_04_18_01702_dig_lcd.png,19,4,18
21_34_02_01703_dig_segmented.png,21,34,2
18_50_41_01704_dig_lcd.png,18,50,41
12_12_47_01705_dig_simple.png,12,12,47
18_12_37_01706_dig_segmented.png,18,12,37
07_30_07_01707_dig_segmented.png,7,30,7
14_29_52_01708_dig_lcd.png,14,29,52
14_16_23_01709_dig_simple.png,14,16,23
14_11_40_01710_dig_segmented.png,14,11,40
11_49_25_01711_dig_segmented.png,11,49,25
04_26_43_01712_dig_lcd.png,4,26,43
03_29_12_01713_dig_lcd.png,3,29,12
01_16_29_01714_dig_simple.png,1,16,29
09_42_38_01715_dig_lcd.png,9,42,38
10_25_14_01716_dig_simple.png,10,25,14
06_28_54_01717_dig_simple.png,6,28,54
08_01_35_01718_dig_lcd.png,8,1,35
05_34_09_01719_dig_simple.png,5,34,9
16_07_40_01720_dig_simple.png,16,7,40
02_57_38_01721_dig_simple.png,2,57,38
10_10_27_01722_dig_segmented.png,10,10,27
06_37_18_01723_dig_segmented.png,6,37,18
21_47_17_01724_dig_lcd.png,21,47,17
23_49_28_01725_dig_segmented.png,23,49,28
20_58_06_01726_dig_simple.png,20,58,6
17_09_36_01727_dig_lcd.png,17,9,36
01_41_10_01728_dig_lcd.png,1,41,10
18_01_22_01729_dig_segmented.png,18,1,22
21_17_20_01730_dig_segmented.png,21,17,20
11_30_47_01731_dig_simple.png,11,30,47
02_16_00_01732_dig_simple.png,2,16,0
01_59_20_01733_dig_lcd.png,1,59,20
10_15_33_01734_dig_lcd.png,10,15,33
15_02_01_01735_dig_segmented.png,15,2,1
16_35_38_01736_dig_segmented.png,16,35,38
16_57_56_01737_dig_simple.png,16,57,56
01_16_29_01738_dig_simple.png,1,16,29
03_17_00_01739_dig_segmented.png,3,17,0
02_45_39_01740_dig_segmented.png,2,45,39
22_47_09_01741_dig_lcd.png,22,47,9
17_46_41_01742_dig_simple.png,17,46,41
15_14_08_01743_dig_lcd.png,15,14,8
07_53_26_01744_dig_simple.png,7,53,26
20_07_54_01745_dig_lcd.png,20,7,54
06_12_22_01746_dig_segmented.png,6,12,22
03_10_31_01747_dig_segmented.png,3,10,31
14_54_40_01748_dig_lcd.png,14,54,40
05_53_20_01749_dig_lcd.png,5,53,20
13_16_06_01750_dig_simple.png,13,16,6
14_47_02_01751_dig_simple.png,14,47,2
08_47_59_01752_dig_segmented.png,8,47,59
19_04_46_01753_dig_segmented.png,19,4,46
14_08_41_01754_dig_simple.png,14,8,41
04_51_02_01755_dig_simple.png,4,51,2
05_53_20_01756_dig_simple.png,5,53,20
01_12_27_01757_dig_lcd.png,1,12,27
17_46_41_01758_dig_simple.png,17,46,41
12_21_40_01759_dig_segmented.png,12,21,40
20_55_15_01760_dig_simple.png,20,55,15
12_13_30_01761_dig_simple.png,12,13,30
04_08_49_01762_dig_segmented.png,4,8,49
20_58_06_01763_dig_simple.png,20,58,6
16_07_21_01764_dig_lcd.png,16,7,21
10_25_14_01765_dig_segmented.png,10,25,14
18_28_43_01766_dig_simple.png,18,28,43
05_39_33_01767_dig_segmented.png,5,39,33
19_10_04_01768_dig_lcd.png,19,10,4
04_33_29_01769_dig_lcd.png,4,33,29
04_09_44_01770_dig_lcd.png,4,9,44
12_29_08_01771_dig_segmented.png,12,29,8
02_51_15_01772_dig_lcd.png,2,51,15
21_53_18_01773_dig_lcd.png,21,53,18
13_39_44_01774_dig_lcd.png,13,39,44
02_50_09_01775_dig_lcd.png,2,50,9
22_40_44_01776_dig_segmented.png,22,40,44
23_42_19_01777_dig_segmented.png,23,42,19
02_04_41_01778_dig_simple.png,2,4,41
03_37_06_01779_dig_lcd.png,3,37,6
07_31_35_01780_dig_segmented.png,7,31,35
05_21_54_01781_dig_simple.png,5,21,54
13_37_42_01782_dig_segmented.png,13,37,42
15_18_44_01783_dig_simple.png,15,18,44
22_47_17_01784_dig_lcd.png,22,47,17
21_34_02_01785_dig_simple.png,21,34,2
14_13_24_01786_dig_simple.png,14,13,24
17_40_48_01787_dig_lcd.png,17,40,48
14_04_48_01788_dig_simple.png,14,4,48
17_33_59_01789_dig_segmented.png,17,33,59
10_32_29_01790_dig_simple.png,10,32,29
15_16_17_01791_dig_lcd.png,15,16,17
02_50_09_01792_dig_lcd.png,2,50,9
12_55_50_01793_dig_simple.png,12,55,50
15_31_23_01794_dig_lcd.png,15,31,23
19_04_18_01795_dig_simple.png,19,4,18
16_14_11_01796_dig_lcd.png,16,14,11
08_36_49_01797_dig_simple.png,8,36,49
14_19_20_01798_dig_lcd.png,14,19,20
17_51_55_01799_dig_lcd.png,17,51,55
18_01_22_01800_dig_simple.png,18,1,22
06_33_33_01801_dig_simple.png,6,33,33
00_04_03_01802_dig_lcd.png,0,4,3
02_57_38_01803_dig_simple.png,2,57,38
02_25_38_01804_dig_lcd.png,2,25,38
22_09_26_01805_dig_lcd.png,22,9,26
01_41_10_01806_dig_lcd.png,1,41,10
14_28_31_01807_dig_simple.png,14,28,31
22_51_43_01808_dig_lcd.png,22,51,43
00_51_44_01809_dig_segmented.png,0,51,44
00_31_55_01810_dig_lcd.png,0,31,55
16_07_40_01811_dig_segmented.png,16,7,40
09_36_41_01812_dig_simple.png,9,36,41
16_12_56_01813_dig_lcd.png,16,12,56
00_07_33_01814_dig_simple.png,0,7,33
03_21_56_01815_dig_segmented.png,3,21,56
07_37_43_01816_dig_segmented.png,7,37,43
16_59_01_01817_dig_lcd.png,16,59,1
01_36_28_01818_dig_simple.png,1,36,28
08_50_39_01819_dig_lcd.png,8,50,39
05_27_42_01820_dig_segmented.png,5,27,42
11_50_35_01821_dig_lcd.png,11,50,35
23_52_07_01822_dig_segmented.png,23,52,7
01_36_28_01823_dig_segmented.png,1,36,28
15_16_17_01824_dig_segmented.png,15,16,17
23_04_31_01825_dig_segmented.png,23,4,31
12_15_41_01826_dig_simple.png,12,15,41
23_46_00_01827_dig_segmented.png,23,46,0
14_54_40_01828_dig_lcd.png,14,54,40
03_49_41_01829_dig_segmented.png,3,49,41
00_39_41_01830_dig_lcd.png,0,39,41
12_00_17_01831_dig_lcd.png,12,0,17
00_28_30_01832_dig_lcd.png,0,28,30
11_50_35_01833_dig_segmented.png,11,50,35
11_34_46_01834_dig_simple.png,11,34,46
09_42_38_01835_dig_simple.png,9,42,38
21_35_30_01836_dig_simple.png,21,35,30
06_48_03_01837_dig_lcd.png,6,48,3
08_02_49_01838_dig_lcd.png,8,2,49
05_42_51_01839_dig_segmented.png,5,42,51
08_47_59_01840_dig_simple.png,8,47,59
00_51_28_01841_dig_simple.png,0,51,28
12_15_41_01842_dig_segmented.png,12,15,41
14_55_35_01843_dig_lcd.png,14,55,35
17_14_56_01844_dig_segmented.png,17,14,56
00_51_28_01845_dig_segmented.png,0,51,28
18_52_32_01846_dig_segmented.png,18,52,32
06_55_06_01847_dig_segmented.png,6,55,6
04_22_09_01848_dig_segmented.png,4,22,9
03_12_55_01849_dig_segmented.png,3,12,55
05_23_16_01850_dig_lcd.png,5,23,16
07_53_53_01851_dig_simple.png,7,53,53
15_27_41_01852_dig_segmented.png,15,27,41
20_42_24_01853_dig_lcd.png,20,42,24
11_27_45_01854_dig_simple.png,11,27,45
10_03_25_01855_dig_segmented.png,10,3,25
22_55_28_01856_dig_lcd.png,22,55,28
17_38_11_01857_dig_segmented.png,17,38,11
13_52_55_01858_dig_lcd.png,13,52,55
18_18_23_01859_dig_lcd.png,18,18,23
09_23_44_01860_dig_lcd.png,9,23,44
01_12_27_01861_dig_segmented.png,1,12,27
23_05_22_01862_dig_lcd.png,23,5,22
07_53_31_01863_dig_lcd.png,7,53,31
12_55_37_01864_dig_simple.png,12,55,37
17_34_15_01865_dig_segmented.png,17,34,15
05_06_46_01866_dig_lcd.png,5,6,46
09_47_10_01867_dig_lcd.png,9,47,10
08_02_49_01868_dig_segmented.png,8,2,49
09_31_45_01869_dig_segmented.png,9,31,45
06_43_35_01870_dig_segmented.png,6,43,35
11_31_18_01871_dig_lcd.png,11,31,18
18_38_25_01872_dig_segmented.png,18,38,25
13_37_42_01873_dig_segmented.png,13,37,42
07_31_35_01874_dig_lcd.png,7,31,35
17_44_32_01875_dig_segmented.png,17,44,32
14_11_50_01876_dig_simple.png,14,11,50
09_57_20_01877_dig_simple.png,9,57,20
04_12_04_01878_dig_simple.png,4,12,4
12_03_47_01879_dig_lcd.png,12,3,47
07_01_36_01880_dig_segmented.png,7,1,36
06_32_17_01881_dig_simple.png,6,32,17
03_29_12_01882_dig_segmented.png,3,29,12
17_50_47_01883_dig_lcd.png,17,50,47
18_45_16_01884_dig_segmented.png,18,45,16
04_12_04_01885_dig_lcd.png,4,12,4
05_53_20_01886_dig_lcd.png,5,53,20
15_31_23_01887_dig_segmented.png,15,31,23
14_54_25_01888_dig_lcd.png,14,54,25
14_16_23_01889_dig_simple.png,14,16,23
00_39_41_01890_dig_simple.png,0,39,41
20_58_06_01891_dig_simple.png,20,58,6
01_47_06_01892_dig_simple.png,1,47,6
19_31_41_01893_dig_lcd.png,19,31,41
20_45_07_01894_dig_lcd.png,20,45,7
06_43_48_01895_dig_simple.png,6,43,48
17_40_48_01896_dig_lcd.png,17,40,48
17_46_41_01897_dig_lcd.png,17,46,41
07_44_16_01898_dig_lcd.png,7,44,16
03_49_41_01899_dig_simple.png,3,49,41
01_47_06_01900_dig_segmented.png,1,47,6
11_03_25_01901_dig_lcd.png,11,3,25
09_11_53_01902_dig_segmented.png,9,11,53
20_45_06_01903_dig_lcd.png,20,45,6
20_06_41_01904_dig_simple.png,20,6,41
03_06_14_01905_dig_segmented.png,3,6,14
10_36_47_01906_dig_simple.png,10,36,47
19_10_04_01907_dig_segmented.png,19,10,4
20_19_30_01908_dig_segmented.png,20,19,30
04_09_44_01909_dig_lcd.png,4,9,44
10_25_14_01910_dig_simple.png,10,25,14
12_00_17_01911_dig_simple.png,12,0,17
07_39_50_01912_dig_simple.png,7,39,50
01_16_29_01913_dig_simple.png,1,16,29
20_06_41_01914_dig_lcd.png,20,6,41
08_39_26_01915_dig_segmented.png,8,39,26
23_05_20_01916_dig_segmented.png,23,5,20
23_39_48_01917_dig_simple.png,23,39,48
13_16_06_01918_dig_simple.png,13,16,6
11_22_48_01919_dig_simple.png,11,22,48
06_48_42_01920_dig_segmented.png,6,48,42
19_06_18_01921_dig_simple.png,19,6,18
03_11_04_01922_dig_segmented.png,3,11,4
17_50_47_01923_dig_segmented.png,17,50,47
01_40_27_01924_dig_simple.png,1,40,27
09_09_06_01925_dig_lcd.png,9,9,6
13_59_19_01926_dig_lcd.png,13,59,19
20_07_54_01927_dig_simple.png,20,7,54
07_56_53_01928_dig_segmented.png,7,56,53
17_02_42_01929_dig_segmented.png,17,2,42
14_16_23_01930_dig_simple.png,14,16,23
17_33_59_01931_dig_simple.png,17,33,59
18_50_41_01932_dig_segmented.png,18,50,41
00_04_20_01933_dig_segmented.png,0,4,20
03_05_38_01934_dig_simple.png,3,5,38
10_52_44_01935_dig_simple.png,10,52,44
12_15_41_01936_dig_simple.png,12,15,41
16_04_31_01937_dig_simple.png,16,4,31
15_02_01_01938_dig_simple.png,15,2,1
09_23_19_01939_dig_simple.png,9,23,19
23_04_31_01940_dig_lcd.png,23,4,31
22_40_44_01941_dig_lcd.png,22,40,44
02_50_55_01942_dig_lcd.png,2,50,55
08_27_44_01943_dig_segmented.png,8,27,44
01_16_29_01944_dig_lcd.png,1,16,29
19_54_10_01945_dig_lcd.png,19,54,10
22_10_28_01946_dig_segmented.png,22,10,28
21_53_18_01947_dig_simple.png,21,53,18
07_39_50_01948_dig_segmented.png,7,39,50
23_52_07_01949_dig_segmented.png,23,52,7
09_23_44_01950_dig_segmented.png,9,23,44
00_28_30_01951_dig_segmented.png,0,28,30
15_16_17_01952_dig_simple.png,15,16,17
13_01_42_01953_dig_lcd.png,13,1,42
04_58_22_01954_dig_simple.png,4,58,22
20_54_43_01955_dig_lcd.png,20,54,43
00_04_03_01956_dig_segmented.png,0,4,3
17_50_47_01957_dig_segmented.png,17,50,47
02_25_38_01958_dig_segmented.png,2,25,38
01_36_28_01959_dig_segmented.png,1,36,28
06_33_33_01960_dig_segmented.png,6,33,33
02_16_00_01961_dig_lcd.png,2,16,0
21_28_01_01962_dig_simple.png,21,28,1
04_09_44_01963_dig_segmented.png,4,9,44
21_15_10_01964_dig_segmented.png,21,15,10
19_19_22_01965_dig_segmented.png,19,19,22
05_03_00_01966_dig_lcd.png,5,3,0
04_16_32_01967_dig_segmented.png,4,16,32
00_07_33_01968_dig_simple.png,0,7,33
14_50_52_01969_dig_segmented.png,14,50,52
19_19_22_01970_dig_lcd.png,19,19,22
18_38_08_01971_dig_segmented.png,18,38,8
19_06_18_01972_dig_lcd.png,19,6,18
22_06_19_01973_dig_simple.png,22,6,19
17_51_55_01974_dig_lcd.png,17,51,55
03_29_12_01975_dig_simple.png,3,29,12
04_22_09_01976_dig_simple.png,4,22,9
00_13_06_01977_dig_lcd.png,0,13,6
18_08_34_01978_dig_simple.png,18,8,34
17_44_32_01979_dig_lcd.png,17,44,32
23_52_07_01980_dig_lcd.png,23,52,7
03_42_31_01981_dig_segmented.png,3,42,31
02_36_30_01982_dig_segmented.png,2,36,30
15_27_41_01983_dig_lcd.png,15,27,41
18_38_25_01984_dig_segmented.png,18,38,25
00_18_41_01985_dig_simple.png,0,18,41
07_39_50_01986_dig_lcd.png,7,39,50
09_09_06_01987_dig_lcd.png,9,9,6
05_31_08_01988_dig_segmented.png,5,31,8
05_23_16_01989_dig_lcd.png,5,23,16
08_47_59_01990_dig_simple.png,8,47,59
10_59_06_01991_dig_lcd.png,10,59,6
12_03_47_01992_dig_simple.png,12,3,47
01_24_36_01993_dig_lcd.png,1,24,36
04_12_04_01994_dig_lcd.png,4,12,4
22_36_21_01995_dig_lcd.png,22,36,21
23_44_31_01996_dig_segmented.png,23,44,31
15_31_23_01997_dig_segmented.png,15,31,23
08_56_12_01998_dig_simple.png,8,56,12
19_31_41_01999_dig_simple.png,19,31,41
05_23_16_02000_dig_simple.png,5,23,16
04_33_29_02001_dig_segmented.png,4,33,29
10_39_37_02002_dig_simple.png,10,39,37
16_47_14_02003_dig_segmented.png,16,47,14
01_47_06_02004_dig_simple.png,1,47,6
19_31_41_02005_dig_lcd.png,19,31,41
00_04_20_02006_dig_lcd.png,0,4,20
12_40_58_02007_dig_simple.png,12,40,58
00_15_13_02008_dig_segmented.png,0,15,13
00_33_25_02009_dig_segmented.png,0,33,25
00_18_41_02010_dig_lcd.png,0,18,41
09_09_06_02011_dig_simple.png,9,9,6
07_01_36_02012_dig_lcd.png,7,1,36
14_50_52_02013_dig_lcd.png,14,50,52
14_11_50_02014_dig_segmented.png,14,11,50
00_20_08_02015_dig_lcd.png,0,20,8
16_17_10_02016_dig_segmented.png,16,17,10
12_49_52_02017_dig_lcd.png,12,49,52
04_58_22_02018_dig_simple.png,4,58,22
10_08_36_02019_dig_lcd.png,10,8,36
13_39_44_02020_dig_segmented.png,13,39,44
10_08_36_02021_dig_simple.png,10,8,36
23_49_28_02022_dig_lcd.png,23,49,28
19_35_27_02023_dig_simple.png,19,35,27
19_04_46_02024_dig_simple.png,19,4,46
16_07_21_02025_dig_segmented.png,16,7,21
03_10_31_02026_dig_simple.png,3,10,31
00_39_41_02027_dig_simple.png,0,39,41
14_42_57_02028_dig_simple.png,14,42,57
08_48_26_02029_dig_lcd.png,8,48,26
03_05_48_02030_dig_segmented.png,3,5,48
07_56_53_02031_dig_simple.png,7,56,53
09_18_05_02032_dig_simple.png,9,18,5
08_59_56_02033_dig_segmented.png,8,59,56
04_07_10_02034_dig_simple.png,4,7,10
17_02_42_02035_dig_segmented.png,17,2,42
19_10_04_02036_dig_segmented.png,19,10,4
00_10_25_02037_dig_segmented.png,0,10,25
09_23_19_02038_dig_lcd.png,9,23,19
19_01_51_02039_dig_simple.png,19,1,51
00_15_13_02040_dig_lcd.png,0,15,13
12_15_41_02041_dig_segmented.png,12,15,41
10_06_39_02042_dig_segmented.png,10,6,39
19_54_10_02043_dig_segmented.png,19,54,10
09_36_41_02044_dig_simple.png,9,36,41
04_46_20_02045_dig_lcd.png,4,46,20
08_22_04_02046_dig_simple.png,8,22,4
14_11_40_02047_dig_simple.png,14,11,40
07_01_36_02048_dig_segmented.png,7,1,36
01_26_54_02049_dig_lcd.png,1,26,54
05_03_00_02050_dig_segmented.png,5,3,0
08_02_49_02051_dig_simple.png,8,2,49
09_39_15_02052_dig_segmented.png,9,39,15
11_27_45_02053_dig_simple.png,11,27,45
02_45_39_02054_dig_simple.png,2,45,39
06_33_33_02055_dig_lcd.png,6,33,33
09_12_03_02056_dig_simple.png,9,12,3
04_58_22_02057_dig_lcd.png,4,58,22
21_37_43_02058_dig_segmented.png,21,37,43
08_21_19_02059_dig_segmented.png,8,21,19
17_44_32_02060_dig_lcd.png,17,44,32
15_49_16_02061_dig_lcd.png,15,49,16
06_38_49_02062_dig_lcd.png,6,38,49
05_23_16_02063_dig_lcd.png,5,23,16
01_59_20_02064_dig_simple.png,1,59,20
11_30_47_02065_dig_simple.png,11,30,47
16_57_56_02066_dig_segmented.png,16,57,56
17_51_55_02067_dig_lcd.png,17,51,55
23_39_48_02068_dig_segmented.png,23,39,48
21_34_02_02069_dig_lcd.png,21,34,2
04_08_49_02070_dig_simple.png,4,8,49
21_40_52_02071_dig_segmented.png,21,40,52
11_19_24_02072_dig_segmented.png,11,19,24
06_40_54_02073_dig_simple.png,6,40,54
01_56_19_02074_dig_simple.png,1,56,19
03_49_41_02075_dig_simple.png,3,49,41
19_26_00_02076_dig_lcd.png,19,26,0
15_14_08_02077_dig_segmented.png,15,14,8
11_32_04_02078_dig_segmented.png,11,32,4
16_07_21_02079_dig_lcd.png,16,7,21
02_45_39_02080_dig_segmented.png,2,45,39
18_08_34_02081_dig_simple.png,18,8,34
12_21_40_02082_dig_simple.png,12,21,40
15_58_20_02083_dig_segmented.png,15,58,20
18_52_32_02084_dig_simple.png,18,52,32
03_00_15_02085_dig_simple.png,3,0,15
22_32_24_02086_dig_lcd.png,22,32,24
04_51_02_02087_dig_lcd.png,4,51,2
21_34_02_02088_dig_lcd.png,21,34,2
04_33_29_02089_dig_segmented.png,4,33,29
23_54_03_02090_dig_simple.png,23,54,3
02_34_56_02091_dig_lcd.png,2,34,56
15_27_41_02092_dig_simple.png,15,27,41
18_15_12_02093_dig_simple.png,18,15,12
18_28_43_02094_dig_segmented.png,18,28,43
14_11_40_02095_dig_lcd.png,14,11,40
05_21_54_02096_dig_segmented.png,5,21,54
10_59_06_02097_dig_segmented.png,10,59,6
14_28_31_02098_dig_segmented.png,14,28,31
07_53_26_02099_dig_segmented.png,7,53,26
23_23_55_02100_dig_lcd.png,23,23,55
15_14_08_02101_dig_segmented.png,15,14,8
17_37_04_02102_dig_lcd.png,17,37,4
15_16_17_02103_dig_simple.png,15,16,17
14_45_10_02104_dig_segmented.png,14,45,10
06_43_35_02105_dig_lcd.png,6,43,35
08_56_12_02106_dig_segmented.png,8,56,12
04_10_12_02107_dig_simple.png,4,10,12
07_19_24_02108_dig_segmented.png,7,19,24
20_06_38_02109_dig_segmented.png,20,6,38
22_10_28_02110_dig_segmented.png,22,10,28
00_51_28_02111_dig_simple.png,0,51,28
20_19_30_02112_dig_simple.png,20,19,30
11_34_46_02113_dig_segmented.png,11,34,46
05_03_00_02114_dig_lcd.png,5,3,0
19_35_27_02115_dig_simple.png,19,35,27
08_39_26_02116_dig_segmented.png,8,39,26
22_10_28_02117_dig_simple.png,22,10,28
00_04_54_02118_dig_simple.png,0,4,54
22_57_39_02119_dig_simple.png,22,57,39
02_34_16_02120_dig_simple.png,2,34,16
14_45_10_02121_dig_simple.png,14,45,10
19_26_00_02122_dig_simple.png,19,26,0
19_05_53_02123_dig_lcd.png,19,5,53
22_10_28_02124_dig_segmented.png,22,10,28
20_58_06_02125_dig_lcd.png,20,58,6
22_51_43_02126_dig_lcd.png,22,51,43
12_08_40_02127_dig_segmented.png,12,8,40
10_15_33_02128_dig_simple.png,10,15,33
19_19_22_02129_dig_lcd.png,19,19,22
21_42_27_02130_dig_simple.png,21,42,27
03_17_00_02131_dig_simple.png,3,17,0
02_34_56_02132_dig_simple.png,2,34,56
09_43_20_02133_dig_simple.png,9,43,20
20_42_24_02134_dig_lcd.png,20,42,24
11_07_20_02135_dig_simple.png,11,7,20
18_09_10_02136_dig_lcd.png,18,9,10
20_45_06_02137_dig_simple.png,20,45,6
14_47_02_02138_dig_lcd.png,14,47,2
21_11_07_02139_dig_simple.png,21,11,7
10_36_47_02140_dig_lcd.png,10,36,47
10_23_40_02141_dig_simple.png,10,23,40
12_40_58_02142_dig_simple.png,12,40,58
16_12_56_02143_dig_segmented.png,16,12,56
06_40_54_02144_dig_lcd.png,6,40,54
03_49_41_02145_dig_segmented.png,3,49,41
13_45_41_02146_dig_simple.png,13,45,41
14_47_02_02147_dig_segmented.png,14,47,2
00_18_41_02148_dig_segmented.png,0,18,41
14_13_24_02149_dig_lcd.png,14,13,24
01_09_35_02150_dig_segmented.png,1,9,35
12_13_30_02151_dig_segmented.png,12,13,30
17_02_42_02152_dig_lcd.png,17,2,42
01_09_35_02153_dig_segmented.png,1,9,35
07_44_16_02154_dig_lcd.png,7,44,16
08_14_00_02155_dig_segmented.png,8,14,0
06_43_35_02156_dig_lcd.png,6,43,35
14_53_37_02157_dig_simple.png,14,53,37
12_21_40_02158_dig_simple.png,12,21,40
14_11_40_02159_dig_segmented.png,14,11,40
20_07_54_02160_dig_lcd.png,20,7,54
10_03_25_02161_dig_lcd.png,10,3,25
03_21_56_02162_dig_segmented.png,3,21,56
20_55_15_02163_dig_simple.png,20,55,15
13_42_00_02164_dig_lcd.png,13,42,0
12_53_11_02165_dig_lcd.png,12,53,11
14_19_20_02166_dig_simple.png,14,19,20
20_35_14_02167_dig_lcd.png,20,35,14
08_59_56_02168_dig_simple.png,8,59,56
03_49_41_02169_dig_segmented.png,3,49,41
03_48_59_02170_dig_lcd.png,3,48,59
12_35_28_02171_dig_simple.png,12,35,28
05_13_37_02172_dig_simple.png,5,13,37
23_29_19_02173_dig_segmented.png,23,29,19
23_39_48_02174_dig_lcd.png,23,39,48
09_31_45_02175_dig_simple.png,9,31,45
11_31_18_02176_dig_simple.png,11,31,18
20_06_38_02177_dig_lcd.png,20,6,38
07_31_35_02178_dig_segmented.png,7,31,35
04_46_20_02179_dig_lcd.png,4,46,20
15_18_44_02180_dig_simple.png,15,18,44
04_51_02_02181_dig_segmented.png,4,51,2
03_12_55_02182_dig_simple.png,3,12,55
21_34_02_02183_dig_segmented.png,21,34,2
08_30_31_02184_dig_simple.png,8,30,31
14_54_40_02185_dig_segmented.png,14,54,40
18_38_25_02186_dig_lcd.png,18,38,25
09_18_05_02187_dig_segmented.png,9,18,5
23_23_55_02188_dig_lcd.png,23,23,55
12_00_17_02189_dig_lcd.png,12,0,17
02_36_30_02190_dig_segmented.png,2,36,30
04_51_02_02191_dig_segmented.png,4,51,2
23_46_00_02192_dig_segmented.png,23,46,0
10_46_50_02193_dig_segmented.png,10,46,50
04_22_09_02194_dig_segmented.png,4,22,9
17_14_56_02195_dig_simple.png,17,14,56
14_54_25_02196_dig_segmented.png,14,54,25
02_16_00_02197_dig_lcd.png,2,16,0
00_07_33_02198_dig_segmented.png,0,7,33
03_12_53_02199_dig_lcd.png,3,12,53
04_46_20_02200_dig_segmented.png,4,46,20
07_53_26_02201_dig_segmented.png,7,53,26
10_47_21_02202_dig_lcd.png,10,47,21
14_53_37_02203_dig_lcd.png,14,53,37
06_43_35_02204_dig_lcd.png,6,43,35
11_07_20_02205_dig_simple.png,11,7,20
05_11_01_02206_dig_segmented.png,5,11,1
02_56_16_02207_dig_segmented.png,2,56,16
04_58_22_02208_dig_lcd.png,4,58,22
12_31_05_02209_dig_segmented.png,12,31,5
14_11_50_02210_dig_simple.png,14,11,50
20_58_06_02211_dig_simple.png,20,58,6
20_55_15_02212_dig_lcd.png,20,55,15
03_18_42_02213_dig_lcd.png,3,18,42
04_51_02_02214_dig_simple.png,4,51,2
16_17_10_02215_dig_simple.png,16,17,10
03_42_31_02216_dig_segmented.png,3,42,31
08_27_44_02217_dig_simple.png,8,27,44
01_36_28_02218_dig_lcd.png,1,36,28
23_39_48_02219_dig_segmented.png,23,39,48
07_19_24_02220_dig_lcd.png,7,19,24
23_52_13_02221_dig_lcd.png,23,52,13
16_24_47_02222_dig_simple.png,16,24,47
14_15_51_02223_dig_lcd.png,14,15,51
03_47_17_02224_dig_lcd.png,3,47,17
14_08_41_02225_dig_segmented.png,14,8,41
08_36_49_02226_dig_lcd.png,8,36,49
21_15_10_02227_dig_lcd.png,21,15,10
11_27_45_02228_dig_simple.png,11,27,45
11_30_47_02229_dig_simple.png,11,30,47
23_54_03_02230_dig_segmented.png,23,54,3
06_16_08_02231_dig_segmented.png,6,16,8
15_02_01_02232_dig_segmented.png,15,2,1
11_36_55_02233_dig_lcd.png,11,36,55
21_35_30_02234_dig_lcd.png,21,35,30
10_08_36_02235_dig_lcd.png,10,8,36
11_50_35_02236_dig_lcd.png,11,50,35
10_23_40_02237_dig_lcd.png,10,23,40
05_53_20_02238_dig_simple.png,5,53,20
15_58_20_02239_dig_simple.png,15,58,20
09_18_05_02240_dig_segmented.png,9,18,5
02_56_16_02241_dig_segmented.png,2,56,16
15_37_34_02242_dig_segmented.png,15,37,34
12_34_14_02243_dig_segmented.png,12,34,14
01_47_06_02244_dig_lcd.png,1,47,6
04_22_09_02245_dig_simple.png,4,22,9
14_50_52_02246_dig_simple.png,14,50,52
22_09_26_02247_dig_segmented.png,22,9,26
05_42_51_02248_dig_simple.png,5,42,51
19_54_10_02249_dig_simple.png,19,54,10
01_59_20_02250_dig_simple.png,1,59,20
06_33_33_02251_dig_simple.png,6,33,33
07_31_35_02252_dig_segmented.png,7,31,35
20_06_41_02253_dig_segmented.png,20,6,41
21_18_02_02254_dig_simple.png,21,18,2
04_12_04_02255_dig_lcd.png,4,12,4
15_58_20_02256_dig_lcd.png,15,58,20
10_08_36_02257_dig_simple.png,10,8,36
03_12_35_02258_dig_segmented.png,3,12,35
16_07_21_02259_dig_segmented.png,16,7,21
06_38_49_02260_dig_lcd.png,6,38,49
00_18_41_02261_dig_simple.png,0,18,41
07_14_16_02262_dig_lcd.png,7,14,16
19_35_27_02263_dig_simple.png,19,35,27
11_07_20_02264_dig_lcd.png,11,7,20
19_12_53_02265_dig_lcd.png,19,12,53
07_37_43_02266_dig_segmented.png,7,37,43
14_15_51_02267_dig_lcd.png,14,15,51
06_48_03_02268_dig_lcd.png,6,48,3
01_56_19_02269_dig_simple.png,1,56,19
12_34_14_02270_dig_simple.png,12,34,14
17_33_59_02271_dig_simple.png,17,33,59
02_54_31_02272_dig_lcd.png,2,54,31
15_16_17_02273_dig_segmented.png,15,16,17
08_50_39_02274_dig_simple.png,8,50,39
16_43_44_02275_dig_segmented.png,16,43,44
05_39_33_02276_dig_segmented.png,5,39,33
00_51_28_02277_dig_lcd.png,0,51,28
14_54_25_02278_dig_segmented.png,14,54,25
21_04_16_02279_dig_segmented.png,21,4,16
03_06_14_02280_dig_simple.png,3,6,14
04_26_31_02281_dig_simple.png,4,26,31
20_45_06_02282_dig_simple.png,20,45,6
00_04_03_02283_dig_lcd.png,0,4,3
14_32_15_02284_dig_simple.png,14,32,15
14_54_25_02285_dig_simple.png,14,54,25
04_16_32_02286_dig_lcd.png,4,16,32
21_22_59_02287_dig_simple.png,21,22,59
18_28_43_02288_dig_simple.png,18,28,43
19_07_46_02289_dig_segmented.png,19,7,46
06_21_06_02290_dig_segmented.png,6,21,6
10_59_06_02291_dig_simple.png,10,59,6
18_01_22_02292_dig_segmented.png,18,1,22
08_27_44_02293_dig_segmented.png,8,27,44
14_53_37_02294_dig_segmented.png,14,53,37
04_26_43_02295_dig_lcd.png,4,26,43
11_30_47_02296_dig_lcd.png,11,30,47
00_04_03_02297_dig_lcd.png,0,4,3
15_27_41_02298_dig_simple.png,15,27,41
06_48_03_02299_dig_simple.png,6,48,3
09_09_45_02300_dig_simple.png,9,9,45
08_36_49_02301_dig_simple.png,8,36,49
14_45_10_02302_dig_simple.png,14,45,10
09_42_38_02303_dig_simple.png,9,42,38
21_04_16_02304_dig_segmented.png,21,4,16
06_16_08_02305_dig_simple.png,6,16,8
16_24_47_02306_dig_lcd.png,16,24,47
06_48_42_02307_dig_simple.png,6,48,42
22_36_21_02308_dig_simple.png,22,36,21
00_13_06_02309_dig_segmented.png,0,13,6
09_26_48_02310_dig_simple.png,9,26,48
23_46_00_02311_dig_lcd.png,23,46,0
05_53_20_02312_dig_simple.png,5,53,20
17_40_48_02313_dig_simple.png,17,40,48
14_55_35_02314_dig_simple.png,14,55,35
14_19_20_02315_dig_lcd.png,14,19,20
14_11_40_02316_dig_segmented.png,14,11,40
07_30_07_02317_dig_simple.png,7,30,7
16_52_36_02318_dig_segmented.png,16,52,36
06_29_58_02319_dig_segmented.png,6,29,58
22_25_13_02320_dig_simple.png,22,25,13
11_19_58_02321_dig_lcd.png,11,19,58
10_36_47_02322_dig_lcd.png,10,36,47
03_06_14_02323_dig_lcd.png,3,6,14
20_06_41_02324_dig_simple.png,20,6,41
10_39_37_02325_dig_lcd.png,10,39,37
03_29_12_02326_dig_lcd.png,3,29,12
03_47_17_02327_dig_segmented.png,3,47,17
09_40_41_02328_dig_lcd.png,9,40,41
22_06_19_02329_dig_simple.png,22,6,19
05_23_16_02330_dig_simple.png,5,23,16
12_15_41_02331_dig_lcd.png,12,15,41
03_21_56_02332_dig_lcd.png,3,21,56
04_22_09_02333_dig_simple.png,4,22,9
14_29_52_02334_dig_simple.png,14,29,52
03_12_53_02335_dig_lcd.png,3,12,53
11_34_46_02336_dig_segmented.png,11,34,46
03_00_15_02337_dig_simple.png,3,0,15
03_37_06_02338_dig_lcd.png,3,37,6
21_15_10_02339_dig_lcd.png,21,15,10
14_15_34_02340_dig_simple.png,14,15,34
11_07_20_02341_dig_lcd.png,11,7,20
08_22_04_02342_dig_lcd.png,8,22,4
10_35_40_02343_dig_segmented.png,10,35,40
14_54_25_02344_dig_segmented.png,14,54,25
00_16_19_02345_dig_lcd.png,0,16,19
12_12_47_02346_dig_lcd.png,12,12,47
21_37_43_02347_dig_simple.png,21,37,43
17_09_36_02348_dig_segmented.png,17,9,36
17_51_55_02349_dig_segmented.png,17,51,55
06_40_54_02350_dig_lcd.png,6,40,54
14_29_52_02351_dig_lcd.png,14,29,52
19_26_00_02352_dig_simple.png,19,26,0
21_28_01_02353_dig_simple.png,21,28,1
12_19_40_02354_dig_lcd.png,12,19,40
08_21_19_02355_dig_simple.png,8,21,19
13_49_04_02356_dig_segmented.png,13,49,4
17_50_47_02357_dig_lcd.png,17,50,47
07_30_07_02358_dig_lcd.png,7,30,7
07_01_36_02359_dig_simple.png,7,1,36
18_25_47_02360_dig_segmented.png,18,25,47
06_32_17_02361_dig_simple.png,6,32,17
02_34_56_02362_dig_simple.png,2,34,56
13_37_42_02363_dig_lcd.png,13,37,42
23_05_22_02364_dig_segmented.png,23,5,22
05_39_33_02365_dig_simple.png,5,39,33
05_53_15_02366_dig_lcd.png,5,53,15
09_04_24_02367_dig_simple.png,9,4,24
12_49_52_02368_dig_segmented.png,12,49,52
20_45_06_02369_dig_simple.png,20,45,6
05_53_20_02370_dig_simple.png,5,53,20
05_53_20_02371_dig_simple.png,5,53,20
14_54_25_02372_dig_segmented.png,14,54,25
09_24_56_02373_dig_simple.png,9,24,56
23_05_20_02374_dig_lcd.png,23,5,20
03_17_00_02375_dig_segmented.png,3,17,0
03_18_42_02376_dig_segmented.png,3,18,42
09_23_44_02377_dig_simple.png,9,23,44
23_46_00_02378_dig_lcd.png,23,46,0
11_30_47_02379_dig_simple.png,11,30,47
04_12_04_02380_dig_lcd.png,4,12,4
09_26_48_02381_dig_simple.png,9,26,48
20_19_30_02382_dig_simple.png,20,19,30
02_53_31_02383_dig_segmented.png,2,53,31
23_49_28_02384_dig_lcd.png,23,49,28
14_47_02_02385_dig_simple.png,14,47,2
08_36_49_02386_dig_lcd.png,8,36,49
12_24_07_02387_dig_lcd.png,12,24,7
13_52_55_02388_dig_lcd.png,13,52,55
01_56_19_02389_dig_segmented.png,1,56,19
12_24_07_02390_dig_segmented.png,12,24,7
09_40_41_02391_dig_simple.png,9,40,41
03_42_31_02392_dig_lcd.png,3,42,31
05_23_16_02393_dig_lcd.png,5,23,16
14_53_37_02394_dig_lcd.png,14,53,37
18_18_23_02395_dig_segmented.png,18,18,23
04_37_14_02396_dig_segmented.png,4,37,14
09_43_20_02397_dig_simple.png,9,43,20
08_30_31_02398_dig_simple.png,8,30,31
05_31_08_02399_dig_simple.png,5,31,8
18_28_43_02400_dig_simple.png,18,28,43
02_56_16_02401_dig_lcd.png,2,56,16
15_37_34_02402_dig_simple.png,15,37,34
02_50_55_02403_dig_lcd.png,2,50,55
13_12_20_02404_dig_simple.png,13,12,20
18_08_34_02405_dig_segmented.png,18,8,34
14_57_18_02406_dig_simple.png,14,57,18
19_06_18_02407_dig_lcd.png,19,6,18
09_24_56_02408_dig_simple.png,9,24,56
21_22_59_02409_dig_simple.png,21,22,59
07_31_35_02410_dig_segmented.png,7,31,35
18_18_12_02411_dig_simple.png,18,18,12
16_07_21_02412_dig_simple.png,16,7,21
16_04_31_02413_dig_segmented.png,16,4,31
16_59_01_02414_dig_lcd.png,16,59,1
05_06_46_02415_dig_lcd.png,5,6,46
22_06_19_02416_dig_lcd.png,22,6,19
08_30_31_02417_dig_simple.png,8,30,31
12_15_41_02418_dig_lcd.png,12,15,41
21_22_59_02419_dig_lcd.png,21,22,59
08_47_59_02420_dig_lcd.png,8,47,59
16_44_25_02421_dig_lcd.png,16,44,25
06_21_06_02422_dig_simple.png,6,21,6
10_06_39_02423_dig_segmented.png,10,6,39
11_50_35_02424_dig_lcd.png,11,50,35
11_34_46_02425_dig_lcd.png,11,34,46
20_06_41_02426_dig_simple.png,20,6,41
19_05_53_02427_dig_lcd.png,19,5,53
20_19_30_02428_dig_simple.png,20,19,30
18_01_22_02429_dig_segmented.png,18,1,22
10_46_50_02430_dig_lcd.png,10,46,50
07_56_53_02431_dig_lcd.png,7,56,53
00_15_13_02432_dig_lcd.png,0,15,13
23_52_13_02433_dig_simple.png,23,52,13
08_14_00_02434_dig_lcd.png,8,14,0
05_06_46_02435_dig_segmented.png,5,6,46
07_39_50_02436_dig_segmented.png,7,39,50
12_53_11_02437_dig_lcd.png,12,53,11
09_20_39_02438_dig_segmented.png,9,20,39
10_08_36_02439_dig_segmented.png,10,8,36
00_28_30_02440_dig_segmented.png,0,28,30
09_04_24_02441_dig_segmented.png,9,4,24
13_12_20_02442_dig_segmented.png,13,12,20
22_51_43_02443_dig_simple.png,22,51,43
19_06_18_02444_dig_lcd.png,19,6,18
02_50_55_02445_dig_lcd.png,2,50,55
05_23_16_02446_dig_lcd.png,5,23,16
12_19_40_02447_dig_segmented.png,12,19,40
03_05_38_02448_dig_lcd.png,3,5,38
17_46_41_02449_dig_simple.png,17,46,41
02_29_53_02450_dig_lcd.png,2,29,53
06_21_06_02451_dig_segmented.png,6,21,6
14_29_52_02452_dig_segmented.png,14,29,52
14_13_24_02453_dig_simple.png,14,13,24
09_09_06_02454_dig_simple.png,9,9,6
12_19_40_02455_dig_segmented.png,12,19,40
12_08_40_02456_dig_lcd.png,12,8,40
21_53_18_02457_dig_lcd.png,21,53,18
09_40_41_02458_dig_segmented.png,9,40,41
14_54_25_02459_dig_lcd.png,14,54,25
22_06_19_02460_dig_lcd.png,22,6,19
15_02_01_02461_dig_simple.png,15,2,1
16_07_40_02462_dig_segmented.png,16,7,40
05_34_09_02463_dig_lcd.png,5,34,9
22_06_19_02464_dig_segmented.png,22,6,19
03_29_12_02465_dig_lcd.png,3,29,12
05_23_16_02466_dig_segmented.png,5,23,16
11_30_47_02467_dig_segmented.png,11,30,47
12_29_08_02468_dig_lcd.png,12,29,8
06_55_06_02469_dig_segmented.png,6,55,6
18_09_10_02470_dig_segmented.png,18,9,10
07_19_24_02471_dig_segmented.png,7,19,24
10_10_27_02472_dig_segmented.png,10,10,27
14_10_37_02473_dig_segmented.png,14,10,37
00_04_20_02474_dig_lcd.png,0,4,20
16_44_25_02475_dig_simple.png,16,44,25
11_19_24_02476_dig_lcd.png,11,19,24
18_50_41_02477_dig_lcd.png,18,50,41
00_04_20_02478_dig_simple.png,0,4,20
20_54_43_02479_dig_lcd.png,20,54,43
06_16_08_02480_dig_segmented.png,6,16,8
14_16_23_02481_dig_segmented.png,14,16,23
23_05_20_02482_dig_segmented.png,23,5,20
12_21_40_02483_dig_segmented.png,12,21,40
20_45_07_02484_dig_simple.png,20,45,7
07_44_16_02485_dig_segmented.png,7,44,16
17_51_55_02486_dig_lcd.png,17,51,55
13_41_26_02487_dig_lcd.png,13,41,26
21_11_07_02488_dig_segmented.png,21,11,7
08_22_04_02489_dig_lcd.png,8,22,4
06_21_06_02490_dig_segmented.png,6,21,6
17_14_56_02491_dig_segmented.png,17,14,56
04_12_04_02492_dig_simple.png,4,12,4
02_36_34_02493_dig_simple.png,2,36,34
20_55_15_02494_dig_lcd.png,20,55,15
17_09_36_02495_dig_lcd.png,17,9,36
05_13_37_02496_dig_simple.png,5,13,37
14_16_23_02497_dig_segmented.png,14,16,23
00_18_33_02498_dig_segmented.png,0,18,33
14_43_52_02499_dig_lcd.png,14,43,52
00_10_25_02500_dig_segmented.png,0,10,25
09_26_48_02501_dig_simple.png,9,26,48
18_18_12_02502_dig_simple.png,18,18,12
12_00_17_02503_dig_lcd.png,12,0,17
20_09_28_02504_dig_lcd.png,20,9,28
23_05_20_02505_dig_lcd.png,23,5,20
21_53_18_02506_dig_lcd.png,21,53,18
02_04_41_02507_dig_lcd.png,2,4,41
05_06_46_02508_dig_segmented.png,5,6,46
23_49_49_02509_dig_lcd.png,23,49,49
02_16_00_02510_dig_simple.png,2,16,0
05_27_42_02511_dig_segmented.png,5,27,42
09_57_20_02512_dig_segmented.png,9,57,20
14_54_25_02513_dig_segmented.png,14,54,25
04_46_20_02514_dig_segmented.png,4,46,20
14_03_12_02515_dig_lcd.png,14,3,12
12_21_40_02516_dig_lcd.png,12,21,40
12_53_11_02517_dig_simple.png,12,53,11
04_07_10_02518_dig_lcd.png,4,7,10
09_14_11_02519_dig_segmented.png,9,14,11
09_09_45_02520_dig_segmented.png,9,9,45
08_13_24_02521_dig_lcd.png,8,13,24
03_21_56_02522_dig_segmented.png,3,21,56
12_31_05_02523_dig_lcd.png,12,31,5
02_57_38_02524_dig_lcd.png,2,57,38
02_52_52_02525_dig_simple.png,2,52,52
00_04_54_02526_dig_segmented.png,0,4,54
03_48_59_02527_dig_segmented.png,3,48,59
02_50_55_02528_dig_simple.png,2,50,55
03_06_14_02529_dig_simple.png,3,6,14
12_55_37_02530_dig_lcd.png,12,55,37
18_25_47_02531_dig_simple.png,18,25,47
21_34_02_02532_dig_simple.png,21,34,2
06_16_08_02533_dig_segmented.png,6,16,8
10_15_33_02534_dig_lcd.png,10,15,33
07_31_35_02535_dig_simple.png,7,31,35
21_42_27_02536_dig_simple.png,21,42,27
14_54_25_02537_dig_simple.png,14,54,25
04_46_20_02538_dig_lcd.png,4,46,20
00_18_33_02539_dig_segmented.png,0,18,33
02_50_09_02540_dig_lcd.png,2,50,9
14_54_25_02541_dig_segmented.png,14,54,25
06_29_58_02542_dig_simple.png,6,29,58
17_34_15_02543_dig_simple.png,17,34,15
08_27_44_02544_dig_segmented.png,8,27,44
04_08_49_02545_dig_lcd.png,4,8,49
13_16_06_02546_dig_simple.png,13,16,6
06_37_18_02547_dig_lcd.png,6,37,18
23_49_49_02548_dig_simple.png,23,49,49
21_53_18_02549_dig_lcd.png,21,53,18
04_26_31_02550_dig_lcd.png,4,26,31
16_47_14_02551_dig_lcd.png,16,47,14
23_04_31_02552_dig_segmented.png,23,4,31
11_50_35_02553_dig_segmented.png,11,50,35
14_13_24_02554_dig_lcd.png,14,13,24
11_02_54_02555_dig_simple.png,11,2,54
21_18_02_02556_dig_segmented.png,21,18,2
21_47_17_02557_dig_segmented.png,21,47,17
01_59_20_02558_dig_segmented.png,1,59,20
10_25_14_02559_dig_simple.png,10,25,14
21_47_17_02560_dig_segmented.png,21,47,17
11_32_04_02561_dig_lcd.png,11,32,4
03_12_53_02562_dig_lcd.png,3,12,53
14_19_20_02563_dig_simple.png,14,19,20
22_47_17_02564_dig_simple.png,22,47,17
17_55_33_02565_dig_simple.png,17,55,33
23_52_13_02566_dig_simple.png,23,52,13
17_46_41_02567_dig_lcd.png,17,46,41
15_14_08_02568_dig_lcd.png,15,14,8
13_49_04_02569_dig_segmented.png,13,49,4
04_08_49_02570_dig_segmented.png,4,8,49
20_09_28_02571_dig_segmented.png,20,9,28
04_58_22_02572_dig_segmented.png,4,58,22
15_03_16_02573_dig_segmented.png,15,3,16
05_53_15_02574_dig_lcd.png,5,53,15
13_49_04_02575_dig_segmented.png,13,49,4
16_46_15_02576_dig_simple.png,16,46,15
14_53_37_02577_dig_lcd.png,14,53,37
22_12_38_02578_dig_simple.png,22,12,38
07_53_31_02579_dig_simple.png,7,53,31
06_37_18_02580_dig_lcd.png,6,37,18
03_29_12_02581_dig_segmented.png,3,29,12
06_37_18_02582_dig_segmented.png,6,37,18
02_56_16_02583_dig_simple.png,2,56,16
04_07_10_02584_dig_lcd.png,4,7,10
20_06_38_02585_dig_simple.png,20,6,38
08_13_24_02586_dig_simple.png,8,13,24
04_22_09_02587_dig_lcd.png,4,22,9
01_09_35_02588_dig_simple.png,1,9,35
12_55_37_02589_dig_lcd.png,12,55,37
14_03_12_02590_dig_lcd.png,14,3,12
03_06_14_02591_dig_simple.png,3,6,14
14_11_50_02592_dig_segmented.png,14,11,50
21_15_10_02593_dig_lcd.png,21,15,10
23_04_31_02594_dig_simple.png,23,4,31
11_49_25_02595_dig_lcd.png,11,49,25
21_22_59_02596_dig_lcd.png,21,22,59
02_53_31_02597_dig_simple.png,2,53,31
01_36_28_02598_dig_lcd.png,1,36,28
23_04_31_02599_dig_simple.png,23,4,31
11_34_46_02600_dig_lcd.png,11,34,46
23_52_13_02601_dig_lcd.png,23,52,13
02_25_38_02602_dig_segmented.png,2,25,38
06_16_08_02603_dig_segmented.png,6,16,8
16_12_56_02604_dig_simple.png,16,12,56
01_40_27_02605_dig_lcd.png,1,40,27
20_07_54_02606_dig_segmented.png,20,7,54
01_56_19_02607_dig_simple.png,1,56,19
06_33_33_02608_dig_segmented.png,6,33,33
03_05_48_02609_dig_lcd.png,3,5,48
22_57_39_02610_dig_simple.png,22,57,39
16_52_36_02611_dig_lcd.png,16,52,36
19_06_18_02612_dig_lcd.png,19,6,18
07_53_53_02613_dig_lcd.png,7,53,53
01_41_02_02614_dig_simple.png,1,41,2
01_40_27_02615_dig_simple.png,1,40,27
09_11_53_02616_dig_simple.png,9,11,53
16_43_44_02617_dig_simple.png,16,43,44
18_08_34_02618_dig_lcd.png,18,8,34
00_39_41_02619_dig_lcd.png,0,39,41
21_37_43_02620_dig_lcd.png,21,37,43
04_37_14_02621_dig_segmented.png,4,37,14
04_46_20_02622_dig_segmented.png,4,46,20
14_11_50_02623_dig_lcd.png,14,11,50
23_44_31_02624_dig_simple.png,23,44,31
10_15_33_02625_dig_lcd.png,10,15,33
09_11_53_02626_dig_lcd.png,9,11,53
14_11_50_02627_dig_lcd.png,14,11,50
16_07_21_02628_dig_segmented.png,16,7,21
14_13_24_02629_dig_simple.png,14,13,24
15_03_16_02630_dig_segmented.png,15,3,16
20_35_14_02631_dig_lcd.png,20,35,14
18_18_12_02632_dig_simple.png,18,18,12
13_41_26_02633_dig_simple.png,13,41,26
23_42_19_02634_dig_simple.png,23,42,19
18_38_08_02635_dig_segmented.png,18,38,8
04_04_05_02636_dig_lcd.png,4,4,5
05_27_42_02637_dig_simple.png,5,27,42
09_57_20_02638_dig_segmented.png,9,57,20
15_18_44_02639_dig_segmented.png,15,18,44
22_24_30_02640_dig_segmented.png,22,24,30
05_42_51_02641_dig_segmented.png,5,42,51
02_16_00_02642_dig_lcd.png,2,16,0
12_55_37_02643_dig_segmented.png,12,55,37
03_17_00_02644_dig_lcd.png,3,17,0
23_49_28_02645_dig_lcd.png,23,49,28
05_31_08_02646_dig_lcd.png,5,31,8
14_19_20_02647_dig_lcd.png,14,19,20
07_53_53_02648_dig_segmented.png,7,53,53
08_22_04_02649_dig_simple.png,8,22,4
20_19_30_02650_dig_segmented.png,20,19,30
18_09_10_02651_dig_lcd.png,18,9,10
14_28_31_02652_dig_segmented.png,14,28,31
06_43_35_02653_dig_simple.png,6,43,35
18_28_43_02654_dig_segmented.png,18,28,43
11_14_45_02655_dig_lcd.png,11,14,45
20_06_41_02656_dig_simple.png,20,6,41
03_52_44_02657_dig_segmented.png,3,52,44
11_37_56_02658_dig_simple.png,11,37,56
12_29_08_02659_dig_segmented.png,12,29,8
00_08_23_02660_dig_lcd.png,0,8,23
14_47_02_02661_dig_lcd.png,14,47,2
03_12_55_02662_dig_simple.png,3,12,55
13_42_00_02663_dig_simple.png,13,42,0
19_04_46_02664_dig_lcd.png,19,4,46
03_52_44_02665_dig_lcd.png,3,52,44
00_16_19_02666_dig_simple.png,0,16,19
16_04_31_02667_dig_lcd.png,16,4,31
19_04_46_02668_dig_lcd.png,19,4,46
18_52_32_02669_dig_simple.png,18,52,32
21_23_29_02670_dig_simple.png,21,23,29
06_48_03_02671_dig_segmented.png,6,48,3
16_12_56_02672_dig_simple.png,16,12,56
10_03_25_02673_dig_lcd.png,10,3,25
17_37_04_02674_dig_segmented.png,17,37,4
04_08_49_02675_dig_segmented.png,4,8,49
14_03_12_02676_dig_lcd.png,14,3,12
21_53_18_02677_dig_lcd.png,21,53,18
11_36_55_02678_dig_lcd.png,11,36,55
05_06_46_02679_dig_simple.png,5,6,46
04_26_31_02680_dig_segmented.png,4,26,31
04_58_22_02681_dig_segmented.png,4,58,22
05_31_08_02682_dig_lcd.png,5,31,8
01_41_02_02683_dig_simple.png,1,41,2
20_35_14_02684_dig_lcd.png,20,35,14
15_37_34_02685_dig_simple.png,15,37,34
01_09_35_02686_dig_simple.png,1,9,35
16_52_36_02687_dig_simple.png,16,52,36
04_46_20_02688_dig_simple.png,4,46,20
20_58_06_02689_dig_lcd.png,20,58,6
08_22_04_02690_dig_lcd.png,8,22,4
14_54_40_02691_dig_segmented.png,14,54,40
18_09_10_02692_dig_lcd.png,18,9,10
01_47_06_02693_dig_simple.png,1,47,6
00_04_20_02694_dig_lcd.png,0,4,20
21_15_10_02695_dig_simple.png,21,15,10
12_15_41_02696_dig_simple.png,12,15,41
04_46_20_02697_dig_simple.png,4,46,20
02_25_38_02698_dig_lcd.png,2,25,38
08_14_00_02699_dig_segmented.png,8,14,0
02_34_16_02700_dig_lcd.png,2,34,16
13_38_53_02701_dig_segmented.png,13,38,53
23_49_28_02702_dig_simple.png,23,49,28
18_15_12_02703_dig_lcd.png,18,15,12
21_35_30_02704_dig_segmented.png,21,35,30
00_18_33_02705_dig_lcd.png,0,18,33
22_25_13_02706_dig_segmented.png,22,25,13
17_35_38_02707_dig_simple.png,17,35,38
09_20_39_02708_dig_simple.png,9,20,39
12_03_47_02709_dig_simple.png,12,3,47
00_20_08_02710_dig_simple.png,0,20,8
14_10_37_02711_dig_simple.png,14,10,37
01_40_27_02712_dig_simple.png,1,40,27
02_36_30_02713_dig_lcd.png,2,36,30
10_59_06_02714_dig_simple.png,10,59,6
18_38_25_02715_dig_simple.png,18,38,25
00_23_21_02716_dig_segmented.png,0,23,21
05_03_00_02717_dig_segmented.png,5,3,0
06_29_58_02718_dig_lcd.png,6,29,58
20_58_06_02719_dig_simple.png,20,58,6
12_31_05_02720_dig_simple.png,12,31,5
16_47_14_02721_dig_lcd.png,16,47,14
01_24_36_02722_dig_lcd.png,1,24,36
02_36_42_02723_dig_segmented.png,2,36,42
08_59_56_02724_dig_lcd.png,8,59,56
02_56_16_02725_dig_lcd.png,2,56,16
01_09_35_02726_dig_segmented.png,1,9,35
03_37_06_02727_dig_lcd.png,3,37,6
05_53_20_02728_dig_segmented.png,5,53,20
06_12_22_02729_dig_lcd.png,6,12,22
14_08_41_02730_dig_segmented.png,14,8,41
19_10_04_02731_dig_lcd.png,19,10,4
12_12_47_02732_dig_lcd.png,12,12,47
13_39_44_02733_dig_simple.png,13,39,44
20_58_06_02734_dig_lcd.png,20,58,6
14_19_20_02735_dig_segmented.png,14,19,20
17_37_04_02736_dig_lcd.png,17,37,4
13_42_00_02737_dig_simple.png,13,42,0
09_04_24_02738_dig_simple.png,9,4,24
05_55_57_02739_dig_lcd.png,5,55,57
11_40_21_02740_dig_segmented.png,11,40,21
18_12_37_02741_dig_simple.png,18,12,37
14_50_52_02742_dig_lcd.png,14,50,52
03_47_17_02743_dig_segmented.png,3,47,17
14_57_18_02744_dig_lcd.png,14,57,18
14_16_23_02745_dig_segmented.png,14,16,23
06_48_42_02746_dig_simple.png,6,48,42
12_55_37_02747_dig_lcd.png,12,55,37
09_24_56_02748_dig_simple.png,9,24,56
10_23_40_02749_dig_simple.png,10,23,40
08_56_12_02750_dig_segmented.png,8,56,12
14_11_40_02751_dig_simple.png,14,11,40
14_45_10_02752_dig_lcd.png,14,45,10
17_09_36_02753_dig_segmented.png,17,9,36
16_52_36_02754_dig_segmented.png,16,52,36
18_52_32_02755_dig_simple.png,18,52,32
20_09_28_02756_dig_simple.png,20,9,28
19_05_53_02757_dig_simple.png,19,5,53
14_45_10_02758_dig_simple.png,14,45,10
16_44_25_02759_dig_segmented.png,16,44,25
05_03_00_02760_dig_segmented.png,5,3,0
15_37_34_02761_dig_lcd.png,15,37,34
06_37_18_02762_dig_segmented.png,6,37,18
19_54_10_02763_dig_lcd.png,19,54,10
00_04_03_02764_dig_segmented.png,0,4,3
08_27_44_02765_dig_segmented.png,8,27,44
20_35_14_02766_dig_segmented.png,20,35,14
14_45_10_02767_dig_lcd.png,14,45,10
03_18_42_02768_dig_segmented.png,3,18,42
17_34_15_02769_dig_lcd.png,17,34,15
07_14_16_02770_dig_segmented.png,7,14,16
20_06_41_02771_dig_lcd.png,20,6,41
10_15_33_02772_dig_segmented.png,10,15,33
01_47_06_02773_dig_lcd.png,1,47,6
20_58_06_02774_dig_lcd.png,20,58,6
14_11_40_02775_dig_simple.png,14,11,40
16_14_11_02776_dig_lcd.png,16,14,11
05_27_32_02777_dig_lcd.png,5,27,32
06_48_42_02778_dig_lcd.png,6,48,42
02_34_56_02779_dig_lcd.png,2,34,56
20_16_08_02780_dig_segmented.png,20,16,8
20_45_07_02781_dig_simple.png,20,45,7
05_11_01_02782_dig_simple.png,5,11,1
11_07_20_02783_dig_segmented.png,11,7,20
02_55_46_02784_dig_segmented.png,2,55,46
02_34_16_02785_dig_lcd.png,2,34,16
10_10_27_02786_dig_lcd.png,10,10,27
06_38_49_02787_dig_lcd.png,6,38,49
23_29_19_02788_dig_lcd.png,23,29,19
16_28_50_02789_dig_lcd.png,16,28,50
18_01_22_02790_dig_simple.png,18,1,22
06_37_18_02791_dig_segmented.png,6,37,18
14_55_35_02792_dig_lcd.png,14,55,35
23_05_22_02793_dig_lcd.png,23,5,22
18_25_47_02794_dig_segmented.png,18,25,47
23_56_12_02795_dig_simple.png,23,56,12
16_07_40_02796_dig_lcd.png,16,7,40
21_11_07_02797_dig_simple.png,21,11,7
11_19_24_02798_dig_lcd.png,11,19,24
11_19_24_02799_dig_lcd.png,11,19,24
22_06_19_02800_dig_segmented.png,22,6,19
20_58_06_02801_dig_simple.png,20,58,6
08_01_35_02802_dig_simple.png,8,1,35
15_14_08_02803_dig_segmented.png,15,14,8
18_40_32_02804_dig_simple.png,18,40,32
02_51_15_02805_dig_lcd.png,2,51,15
01_26_54_02806_dig_segmented.png,1,26,54
13_01_42_02807_dig_segmented.png,13,1,42
14_29_52_02808_dig_lcd.png,14,29,52
22_10_28_02809_dig_segmented.png,22,10,28
20_32_18_02810_dig_segmented.png,20,32,18
14_15_34_02811_dig_simple.png,14,15,34
08_50_39_02812_dig_segmented.png,8,50,39
15_31_23_02813_dig_simple.png,15,31,23
12_24_07_02814_dig_lcd.png,12,24,7
21_53_18_02815_dig_segmented.png,21,53,18
17_38_11_02816_dig_simple.png,17,38,11
16_44_25_02817_dig_lcd.png,16,44,25
13_33_01_02818_dig_lcd.png,13,33,1
02_36_34_02819_dig_lcd.png,2,36,34
00_31_55_02820_dig_segmented.png,0,31,55
05_53_15_02821_dig_segmented.png,5,53,15
10_23_40_02822_dig_segmented.png,10,23,40
05_06_46_02823_dig_lcd.png,5,6,46
21_42_27_02824_dig_simple.png,21,42,27
04_51_02_02825_dig_simple.png,4,51,2
10_25_14_02826_dig_simple.png,10,25,14
09_39_15_02827_dig_segmented.png,9,39,15
21_22_59_02828_dig_segmented.png,21,22,59
04_12_04_02829_dig_simple.png,4,12,4
21_17_20_02830_dig_segmented.png,21,17,20
20_45_06_02831_dig_segmented.png,20,45,6
06_29_58_02832_dig_lcd.png,6,29,58
00_51_44_02833_dig_segmented.png,0,51,44
17_35_38_02834_dig_simple.png,17,35,38
13_49_04_02835_dig_segmented.png,13,49,4
22_47_17_02836_dig_segmented.png,22,47,17
18_01_22_02837_dig_segmented.png,18,1,22
18_50_41_02838_dig_lcd.png,18,50,41
14_42_57_02839_dig_segmented.png,14,42,57
01_47_06_02840_dig_simple.png,1,47,6
11_19_24_02841_dig_segmented.png,11,19,24
03_18_42_02842_dig_segmented.png,3,18,42
00_39_41_02843_dig_simple.png,0,39,41
14_50_52_02844_dig_segmented.png,14,50,52
12_21_40_02845_dig_segmented.png,12,21,40
05_53_15_02846_dig_segmented.png,5,53,15
01_16_29_02847_dig_lcd.png,1,16,29
11_49_25_02848_dig_segmented.png,11,49,25
21_40_08_02849_dig_simple.png,21,40,8
23_52_13_02850_dig_lcd.png,23,52,13
14_54_40_02851_dig_segmented.png,14,54,40
00_31_55_02852_dig_segmented.png,0,31,55
14_47_02_02853_dig_lcd.png,14,47,2
14_15_51_02854_dig_segmented.png,14,15,51
23_04_31_02855_dig_simple.png,23,4,31
00_18_41_02856_dig_lcd.png,0,18,41
20_09_28_02857_dig_lcd.png,20,9,28
21_04_16_02858_dig_simple.png,21,4,16
22_40_44_02859_dig_segmented.png,22,40,44
12_55_37_02860_dig_simple.png,12,55,37
17_33_59_02861_dig_simple.png,17,33,59
00_46_56_02862_dig_segmented.png,0,46,56
22_32_24_02863_dig_segmented.png,22,32,24
10_23_40_02864_dig_segmented.png,10,23,40
15_37_34_02865_dig_lcd.png,15,37,34
05_27_32_02866_dig_simple.png,5,27,32
00_04_03_02867_dig_segmented.png,0,4,3
00_33_25_02868_dig_simple.png,0,33,25
16_04_31_02869_dig_lcd.png,16,4,31
17_14_56_02870_dig_segmented.png,17,14,56
16_35_38_02871_dig_simple.png,16,35,38
09_43_20_02872_dig_lcd.png,9,43,20
17_09_36_02873_dig_segmented.png,17,9,36
20_16_08_02874_dig_segmented.png,20,16,8
08_48_26_02875_dig_lcd.png,8,48,26
16_46_15_02876_dig_simple.png,16,46,15
10_08_36_02877_dig_simple.png,10,8,36
05_21_54_02878_dig_lcd.png,5,21,54
00_04_22_02879_dig_simple.png,0,4,22
10_35_40_02880_dig_simple.png,10,35,40
13_39_44_02881_dig_segmented.png,13,39,44
17_40_48_02882_dig_lcd.png,17,40,48
06_33_33_02883_dig_lcd.png,6,33,33
21_04_16_02884_dig_lcd.png,21,4,16
22_47_17_02885_dig_lcd.png,22,47,17
00_16_19_02886_dig_simple.png,0,16,19
12_13_30_02887_dig_segmented.png,12,13,30
12_19_40_02888_dig_simple.png,12,19,40
13_33_01_02889_dig_segmented.png,13,33,1
23_49_49_02890_dig_lcd.png,23,49,49
06_43_48_02891_dig_simple.png,6,43,48
18_28_43_02892_dig_segmented.png,18,28,43
12_40_58_02893_dig_lcd.png,12,40,58
17_33_59_02894_dig_segmented.png,17,33,59
01_56_19_02895_dig_lcd.png,1,56,19
03_52_44_02896_dig_segmented.png,3,52,44
03_05_38_02897_dig_simple.png,3,5,38
17_37_04_02898_dig_simple.png,17,37,4
20_55_15_02899_dig_segmented.png,20,55,15
09_39_15_02900_dig_segmented.png,9,39,15
18_52_32_02901_dig_segmented.png,18,52,32
11_31_18_02902_dig_lcd.png,11,31,18
13_52_55_02903_dig_simple.png,13,52,55
19_01_51_02904_dig_segmented.png,19,1,51
20_07_54_02905_dig_simple.png,20,7,54
09_43_20_02906_dig_lcd.png,9,43,20
19_01_51_02907_dig_lcd.png,19,1,51
02_57_38_02908_dig_segmented.png,2,57,38
20_54_43_02909_dig_simple.png,20,54,43
07_35_43_02910_dig_simple.png,7,35,43
23_39_48_02911_dig_segmented.png,23,39,48
14_42_57_02912_dig_simple.png,14,42,57
04_10_12_02913_dig_simple.png,4,10,12
00_32_38_02914_dig_segmented.png,0,32,38
18_38_25_02915_dig_simple.png,18,38,25
22_32_24_02916_dig_segmented.png,22,32,24
21_34_02_02917_dig_lcd.png,21,34,2
11_20_01_02918_dig_simple.png,11,20,1
02_36_34_02919_dig_simple.png,2,36,34
03_48_59_02920_dig_simple.png,3,48,59
10_36_47_02921_dig_lcd.png,10,36,47
05_55_57_02922_dig_lcd.png,5,55,57
14_43_52_02923_dig_lcd.png,14,43,52
22_06_19_02924_dig_lcd.png,22,6,19
05_23_16_02925_dig_lcd.png,5,23,16
13_39_44_02926_dig_lcd.png,13,39,44
06_21_06_02927_dig_simple.png,6,21,6
10_03_25_02928_dig_segmented.png,10,3,25
21_18_02_02929_dig_simple.png,21,18,2
13_42_00_02930_dig_simple.png,13,42,0
12_49_52_02931_dig_simple.png,12,49,52
19_12_53_02932_dig_segmented.png,19,12,53
02_45_39_02933_dig_segmented.png,2,45,39
06_21_06_02934_dig_segmented.png,6,21,6
20_06_41_02935_dig_simple.png,20,6,41
10_23_40_02936_dig_simple.png,10,23,40
02_34_16_02937_dig_simple.png,2,34,16
01_59_20_02938_dig_segmented.png,1,59,20
17_38_11_02939_dig_lcd.png,17,38,11
06_43_35_02940_dig_lcd.png,6,43,35
22_25_13_02941_dig_segmented.png,22,25,13
12_49_52_02942_dig_segmented.png,12,49,52
14_45_10_02943_dig_lcd.png,14,45,10
06_21_06_02944_dig_simple.png,6,21,6
07_56_53_02945_dig_segmented.png,7,56,53
04_51_02_02946_dig_segmented.png,4,51,2
08_27_22_02947_dig_simple.png,8,27,22
16_52_36_02948_dig_simple.png,16,52,36
16_59_01_02949_dig_lcd.png,16,59,1
21_34_02_02950_dig_segmented.png,21,34,2
20_07_54_02951_dig_lcd.png,20,7,54
04_16_32_02952_dig_segmented.png,4,16,32
18_09_10_02953_dig_segmented.png,18,9,10
18_18_23_02954_dig_lcd.png,18,18,23
14_53_37_02955_dig_lcd.png,14,53,37
17_44_32_02956_dig_segmented.png,17,44,32
21_53_18_02957_dig_segmented.png,21,53,18
17_40_28_02958_dig_lcd.png,17,40,28
12_40_58_02959_dig_lcd.png,12,40,58
11_30_47_02960_dig_segmented.png,11,30,47
21_35_30_02961_dig_segmented.png,21,35,30
07_14_16_02962_dig_lcd.png,7,14,16
10_10_27_02963_dig_segmented.png,10,10,27
11_03_25_02964_dig_simple.png,11,3,25
10_08_36_02965_dig_simple.png,10,8,36
23_42_19_02966_dig_simple.png,23,42,19
11_22_48_02967_dig_simple.png,11,22,48
05_55_57_02968_dig_simple.png,5,55,57
14_08_41_02969_dig_simple.png,14,8,41
00_04_54_02970_dig_segmented.png,0,4,54
18_40_32_02971_dig_lcd.png,18,40,32
09_23_19_02972_dig_lcd.png,9,23,19
13_39_44_02973_dig_segmented.png,13,39,44
04_51_02_02974_dig_segmented.png,4,51,2
19_54_10_02975_dig_segmented.png,19,54,10
01_26_54_02976_dig_lcd.png,1,26,54
23_52_13_02977_dig_segmented.png,23,52,13
23_49_49_02978_dig_simple.png,23,49,49
15_14_08_02979_dig_segmented.png,15,14,8
14_57_18_02980_dig_lcd.png,14,57,18
03_42_31_02981_dig_simple.png,3,42,31
23_49_05_02982_dig_lcd.png,23,49,5
06_16_08_02983_dig_simple.png,6,16,8
04_07_10_02984_dig_lcd.png,4,7,10
06_48_03_02985_dig_simple.png,6,48,3
07_01_36_02986_dig_lcd.png,7,1,36
05_06_46_02987_dig_lcd.png,5,6,46
04_10_12_02988_dig_lcd.png,4,10,12
03_11_04_02989_dig_simple.png,3,11,4
22_51_43_02990_dig_segmented.png,22,51,43
13_01_42_02991_dig_lcd.png,13,1,42
17_33_59_02992_dig_simple.png,17,33,59
21_47_17_02993_dig_segmented.png,21,47,17
01_18_51_02994_dig_segmented.png,1,18,51
17_33_59_02995_dig_segmented.png,17,33,59
11_30_47_02996_dig_lcd.png,11,30,47
06_38_49_02997_dig_segmented.png,6,38,49
14_29_52_02998_dig_lcd.png,14,29,52
06_28_54_02999_dig_simple.png,6,28,54
09_18_05_03000_dig_lcd.png,9,18,5
11_22_48_03001_dig_segmented.png,11,22,48
14_47_36_03002_dig_segmented.png,14,47,36
06_43_35_03003_dig_simple.png,6,43,35
03_06_14_03004_dig_simple.png,3,6,14
05_23_16_03005_dig_lcd.png,5,23,16
12_19_40_03006_dig_lcd.png,12,19,40
21_04_16_03007_dig_lcd.png,21,4,16
13_01_42_03008_dig_lcd.png,13,1,42
20_45_06_03009_dig_simple.png,20,45,6
21_37_43_03010_dig_simple.png,21,37,43
00_13_06_03011_dig_lcd.png,0,13,6
19_54_10_03012_dig_simple.png,19,54,10
02_04_41_03013_dig_simple.png,2,4,41
19_07_46_03014_dig_simple.png,19,7,46
10_08_36_03015_dig_simple.png,10,8,36
03_29_12_03016_dig_lcd.png,3,29,12
09_36_41_03017_dig_simple.png,9,36,41
02_56_16_03018_dig_lcd.png,2,56,16
02_52_52_03019_dig_lcd.png,2,52,52
09_36_41_03020_dig_simple.png,9,36,41
20_32_18_03021_dig_segmented.png,20,32,18
09_24_56_03022_dig_simple.png,9,24,56
16_35_38_03023_dig_simple.png,16,35,38
04_07_10_03024_dig_segmented.png,4,7,10
13_49_04_03025_dig_segmented.png,13,49,4
19_01_51_03026_dig_segmented.png,19,1,51
05_53_15_03027_dig_segmented.png,5,53,15
06_48_42_03028_dig_segmented.png,6,48,42
06_33_33_03029_dig_lcd.png,6,33,33
07_01_36_03030_dig_segmented.png,7,1,36
03_37_06_03031_dig_lcd.png,3,37,6
03_42_31_03032_dig_segmented.png,3,42,31
07_30_07_03033_dig_simple.png,7,30,7
15_31_23_03034_dig_lcd.png,15,31,23
00_04_03_03035_dig_segmented.png,0,4,3
00_18_33_03036_dig_simple.png,0,18,33
07_19_24_03037_dig_simple.png,7,19,24
23_04_31_03038_dig_segmented.png,23,4,31
14_11_40_03039_dig_simple.png,14,11,40
00_31_55_03040_dig_lcd.png,0,31,55
08_37_16_03041_dig_lcd.png,8,37,16
03_48_59_03042_dig_lcd.png,3,48,59
21_34_02_03043_dig_segmented.png,21,34,2
12_29_08_03044_dig_simple.png,12,29,8
02_50_55_03045_dig_simple.png,2,50,55
05_55_57_03046_dig_simple.png,5,55,57
00_28_30_03047_dig_segmented.png,0,28,30
05_23_16_03048_dig_segmented.png,5,23,16
05_06_46_03049_dig_lcd.png,5,6,46
03_11_04_03050_dig_segmented.png,3,11,4
02_52_52_03051_dig_simple.png,2,52,52
17_46_41_03052_dig_simple.png,17,46,41
13_01_42_03053_dig_lcd.png,13,1,42
00_13_06_03054_dig_simple.png,0,13,6
02_36_30_03055_dig_segmented.png,2,36,30
10_36_47_03056_dig_lcd.png,10,36,47
05_55_57_03057_dig_simple.png,5,55,57
06_21_06_03058_dig_segmented.png,6,21,6
10_25_14_03059_dig_segmented.png,10,25,14
14_47_02_03060_dig_lcd.png,14,47,2
12_24_07_03061_dig_simple.png,12,24,7
09_42_38_03062_dig_simple.png,9,42,38
16_12_56_03063_dig_segmented.png,16,12,56
09_12_03_03064_dig_segmented.png,9,12,3
14_11_50_03065_dig_segmented.png,14,11,50
08_02_49_03066_dig_segmented.png,8,2,49
18_08_34_03067_dig_simple.png,18,8,34
21_34_02_03068_dig_simple.png,21,34,2
11_40_21_03069_dig_simple.png,11,40,21
21_04_16_03070_dig_segmented.png,21,4,16
19_04_46_03071_dig_simple.png,19,4,46
10_06_39_03072_dig_segmented.png,10,6,39
11_37_56_03073_dig_lcd.png,11,37,56
21_18_02_03074_dig_segmented.png,21,18,2
04_09_44_03075_dig_segmented.png,4,9,44
09_18_05_03076_dig_lcd.png,9,18,5
09_42_38_03077_dig_segmented.png,9,42,38
20_06_41_03078_dig_simple.png,20,6,41
12_53_11_03079_dig_segmented.png,12,53,11
06_43_48_03080_dig_segmented.png,6,43,48
06_55_06_03081_dig_lcd.png,6,55,6
09_47_10_03082_dig_simple.png,9,47,10
13_16_06_03083_dig_simple.png,13,16,6
16_59_01_03084_dig_lcd.png,16,59,1
23_05_22_03085_dig_simple.png,23,5,22
22_47_09_03086_dig_segmented.png,22,47,9
00_46_56_03087_dig_lcd.png,0,46,56
10_35_40_03088_dig_segmented.png,10,35,40
10_08_36_03089_dig_segmented.png,10,8,36
06_29_58_03090_dig_segmented.png,6,29,58
12_00_17_03091_dig_segmented.png,12,0,17
21_37_43_03092_dig_simple.png,21,37,43
04_08_19_03093_dig_lcd.png,4,8,19
14_29_52_03094_dig_segmented.png,14,29,52
16_43_44_03095_dig_segmented.png,16,43,44
01_36_28_03096_dig_segmented.png,1,36,28
05_31_08_03097_dig_segmented.png,5,31,8
11_31_18_03098_dig_segmented.png,11,31,18
00_51_28_03099_dig_simple.png,0,51,28
06_43_48_03100_dig_lcd.png,6,43,48
05_06_46_03101_dig_segmented.png,5,6,46
04_22_09_03102_dig_lcd.png,4,22,9
06_48_03_03103_dig_lcd.png,6,48,3
01_09_35_03104_dig_simple.png,1,9,35
11_34_46_03105_dig_lcd.png,11,34,46
21_23_29_03106_dig_segmented.png,21,23,29
06_38_49_03107_dig_simple.png,6,38,49
09_09_06_03108_dig_segmented.png,9,9,6
20_06_38_03109_dig_segmented.png,20,6,38
21_22_59_03110_dig_segmented.png,21,22,59
00_37_50_03111_dig_lcd.png,0,37,50
05_27_32_03112_dig_segmented.png,5,27,32
14_54_40_03113_dig_segmented.png,14,54,40
08_56_12_03114_dig_simple.png,8,56,12
22_09_26_03115_dig_lcd.png,22,9,26
06_37_18_03116_dig_segmented.png,6,37,18
14_16_23_03117_dig_segmented.png,14,16,23
03_48_59_03118_dig_segmented.png,3,48,59
18_12_37_03119_dig_lcd.png,18,12,37
12_31_05_03120_dig_simple.png,12,31,5
00_08_23_03121_dig_lcd.png,0,8,23
12_40_58_03122_dig_lcd.png,12,40,58
17_40_28_03123_dig_segmented.png,17,40,28
23_39_48_03124_dig_simple.png,23,39,48
03_00_15_03125_dig_simple.png,3,0,15
15_18_44_03126_dig_lcd.png,15,18,44
14_19_20_03127_dig_lcd.png,14,19,20
01_41_10_03128_dig_lcd.png,1,41,10
14_42_57_03129_dig_lcd.png,14,42,57
16_43_44_03130_dig_lcd.png,16,43,44
08_13_24_03131_dig_lcd.png,8,13,24
08_39_26_03132_dig_simple.png,8,39,26
21_18_02_03133_dig_segmented.png,21,18,2
11_36_55_03134_dig_simple.png,11,36,55
09_23_44_03135_dig_simple.png,9,23,44
19_54_10_03136_dig_lcd.png,19,54,10
16_52_36_03137_dig_segmented.png,16,52,36
16_46_15_03138_dig_simple.png,16,46,15
14_45_10_03139_dig_segmented.png,14,45,10
03_05_48_03140_dig_simple.png,3,5,48
00_20_08_03141_dig_lcd.png,0,20,8
21_53_18_03142_dig_lcd.png,21,53,18
11_37_56_03143_dig_simple.png,11,37,56
10_23_40_03144_dig_lcd.png,10,23,40
00_13_06_03145_dig_segmented.png,0,13,6
14_08_41_03146_dig_segmented.png,14,8,41
00_18_33_03147_dig_simple.png,0,18,33
14_53_37_03148_dig_segmented.png,14,53,37
18_15_12_03149_dig_segmented.png,18,15,12
12_21_40_03150_dig_lcd.png,12,21,40
11_27_45_03151_dig_simple.png,11,27,45
09_04_24_03152_dig_lcd.png,9,4,24
12_34_14_03153_dig_lcd.png,12,34,14
10_32_29_03154_dig_segmented.png,10,32,29
04_07_10_03155_dig_lcd.png,4,7,10
22_57_39_03156_dig_segmented.png,22,57,39
02_52_52_03157_dig_lcd.png,2,52,52
02_56_16_03158_dig_segmented.png,2,56,16
02_36_34_03159_dig_lcd.png,2,36,34
17_37_04_03160_dig_simple.png,17,37,4
05_23_16_03161_dig_simple.png,5,23,16
09_36_41_03162_dig_segmented.png,9,36,41
01_09_35_03163_dig_lcd.png,1,9,35
06_12_22_03164_dig_lcd.png,6,12,22
17_02_42_03165_dig_simple.png,17,2,42
05_55_57_03166_dig_segmented.png,5,55,57
12_15_41_03167_dig_lcd.png,12,15,41
04_46_20_03168_dig_segmented.png,4,46,20
09_12_03_03169_dig_lcd.png,9,12,3
09_12_03_03170_dig_lcd.png,9,12,3
15_27_41_03171_dig_lcd.png,15,27,41
10_35_40_03172_dig_lcd.png,10,35,40
17_22_45_03173_dig_lcd.png,17,22,45
12_19_40_03174_dig_segmented.png,12,19,40
11_02_54_03175_dig_segmented.png,11,2,54
02_50_55_03176_dig_lcd.png,2,50,55
04_04_05_03177_dig_lcd.png,4,4,5
19_54_10_03178_dig_segmented.png,19,54,10
02_54_31_03179_dig_lcd.png,2,54,31
18_09_10_03180_dig_segmented.png,18,9,10
02_57_38_03181_dig_segmented.png,2,57,38
16_24_47_03182_dig_segmented.png,16,24,47
14_54_40_03183_dig_simple.png,14,54,40
09_39_15_03184_dig_simple.png,9,39,15
03_12_55_03185_dig_segmented.png,3,12,55
04_37_14_03186_dig_segmented.png,4,37,14
00_13_06_03187_dig_segmented.png,0,13,6
22_10_28_03188_dig_segmented.png,22,10,28
07_44_16_03189_dig_segmented.png,7,44,16
22_09_26_03190_dig_lcd.png,22,9,26
11_49_25_03191_dig_lcd.png,11,49,25
07_56_53_03192_dig_segmented.png,7,56,53
17_51_55_03193_dig_simple.png,17,51,55
07_53_26_03194_dig_lcd.png,7,53,26
15_03_16_03195_dig_lcd.png,15,3,16
09_12_03_03196_dig_simple.png,9,12,3
11_27_45_03197_dig_segmented.png,11,27,45
12_21_40_03198_dig_segmented.png,12,21,40
23_49_28_03199_dig_lcd.png,23,49,28
23_05_22_03200_dig_lcd.png,23,5,22
06_43_35_03201_dig_simple.png,6,43,35
14_13_24_03202_dig_lcd.png,14,13,24
03_52_44_03203_dig_simple.png,3,52,44
03_47_17_03204_dig_simple.png,3,47,17
00_13_06_03205_dig_lcd.png,0,13,6
11_20_01_03206_dig_simple.png,11,20,1
14_43_52_03207_dig_lcd.png,14,43,52
20_16_08_03208_dig_segmented.png,20,16,8
02_34_16_03209_dig_lcd.png,2,34,16
02_29_53_03210_dig_lcd.png,2,29,53
20_07_54_03211_dig_segmented.png,20,7,54
21_40_52_03212_dig_lcd.png,21,40,52
09_23_44_03213_dig_segmented.png,9,23,44
09_24_56_03214_dig_lcd.png,9,24,56
00_51_28_03215_dig_simple.png,0,51,28
12_12_47_03216_dig_lcd.png,12,12,47
15_32_42_03217_dig_lcd.png,15,32,42
04_46_20_03218_dig_simple.png,4,46,20
23_49_28_03219_dig_lcd.png,23,49,28
10_39_37_03220_dig_simple.png,10,39,37
05_42_51_03221_dig_simple.png,5,42,51
05_27_42_03222_dig_segmented.png,5,27,42
11_14_45_03223_dig_lcd.png,11,14,45
02_54_31_03224_dig_simple.png,2,54,31
09_14_11_03225_dig_simple.png,9,14,11
00_04_20_03226_dig_segmented.png,0,4,20
15_31_23_03227_dig_simple.png,15,31,23
02_36_42_03228_dig_lcd.png,2,36,42
17_37_04_03229_dig_simple.png,17,37,4
05_39_33_03230_dig_lcd.png,5,39,33
17_44_32_03231_dig_segmented.png,17,44,32
07_01_36_03232_dig_simple.png,7,1,36
08_13_24_03233_dig_simple.png,8,13,24
00_04_22_03234_dig_segmented.png,0,4,22
15_03_16_03235_dig_segmented.png,15,3,16
02_36_30_03236_dig_segmented.png,2,36,30
13_16_06_03237_dig_segmented.png,13,16,6
11_40_21_03238_dig_segmented.png,11,40,21
07_31_35_03239_dig_lcd.png,7,31,35
09_11_53_03240_dig_segmented.png,9,11,53
21_04_16_03241_dig_segmented.png,21,4,16
03_52_44_03242_dig_lcd.png,3,52,44
14_13_24_03243_dig_simple.png,14,13,24
10_06_39_03244_dig_lcd.png,10,6,39
04_09_44_03245_dig_simple.png,4,9,44
03_11_04_03246_dig_segmented.png,3,11,4
15_14_33_03247_dig_simple.png,15,14,33
10_06_39_03248_dig_lcd.png,10,6,39
20_07_54_03249_dig_simple.png,20,7,54
09_31_45_03250_dig_segmented.png,9,31,45
21_53_18_03251_dig_simple.png,21,53,18
15_58_20_03252_dig_lcd.png,15,58,20
00_16_19_03253_dig_lcd.png,0,16,19
04_51_02_03254_dig_simple.png,4,51,2
12_24_07_03255_dig_segmented.png,12,24,7
19_01_51_03256_dig_segmented.png,19,1,51
03_47_17_03257_dig_lcd.png,3,47,17
17_35_38_03258_dig_lcd.png,17,35,38
01_59_20_03259_dig_lcd.png,1,59,20
09_43_20_03260_dig_simple.png,9,43,20
17_35_38_03261_dig_segmented.png,17,35,38
08_27_44_03262_dig_segmented.png,8,27,44
07_53_53_03263_dig_lcd.png,7,53,53
08_21_19_03264_dig_simple.png,8,21,19
18_28_43_03265_dig_lcd.png,18,28,43
06_48_42_03266_dig_lcd.png,6,48,42
01_40_27_03267_dig_simple.png,1,40,27
02_29_53_03268_dig_simple.png,2,29,53
14_53_37_03269_dig_simple.png,14,53,37
18_38_25_03270_dig_segmented.png,18,38,25
10_52_44_03271_dig_lcd.png,10,52,44
00_13_06_03272_dig_simple.png,0,13,6
21_23_29_03273_dig_lcd.png,21,23,29
18_09_10_03274_dig_lcd.png,18,9,10
04_51_02_03275_dig_lcd.png,4,51,2
16_17_10_03276_dig_simple.png,16,17,10
20_06_41_03277_dig_simple.png,20,6,41
04_12_04_03278_dig_segmented.png,4,12,4
07_35_06_03279_dig_segmented.png,7,35,6
06_12_22_03280_dig_simple.png,6,12,22
13_59_19_03281_dig_segmented.png,13,59,19
08_59_56_03282_dig_lcd.png,8,59,56
22_51_43_03283_dig_segmented.png,22,51,43
09_43_20_03284_dig_simple.png,9,43,20
15_41_24_03285_dig_simple.png,15,41,24
19_12_53_03286_dig_simple.png,19,12,53
05_39_33_03287_dig_simple.png,5,39,33
11_31_18_03288_dig_lcd.png,11,31,18
09_18_05_03289_dig_simple.png,9,18,5
13_52_55_03290_dig_simple.png,13,52,55
04_10_12_03291_dig_simple.png,4,10,12
18_09_10_03292_dig_lcd.png,18,9,10
21_17_20_03293_dig_segmented.png,21,17,20
14_11_50_03294_dig_simple.png,14,11,50
16_14_11_03295_dig_lcd.png,16,14,11
01_09_35_03296_dig_simple.png,1,9,35
04_07_10_03297_dig_simple.png,4,7,10
00_28_30_03298_dig_lcd.png,0,28,30
08_01_35_03299_dig_segmented.png,8,1,35
07_56_53_03300_dig_segmented.png,7,56,53
19_07_46_03301_dig_simple.png,19,7,46
06_28_54_03302_dig_segmented.png,6,28,54
08_40_04_03303_dig_simple.png,8,40,4
23_29_19_03304_dig_segmented.png,23,29,19
00_37_50_03305_dig_simple.png,0,37,50
09_40_41_03306_dig_segmented.png,9,40,41
01_56_19_03307_dig_segmented.png,1,56,19
15_02_01_03308_dig_lcd.png,15,2,1
10_15_33_03309_dig_simple.png,10,15,33
11_20_01_03310_dig_lcd.png,11,20,1
20_09_28_03311_dig_lcd.png,20,9,28
03_05_48_03312_dig_segmented.png,3,5,48
00_31_55_03313_dig_simple.png,0,31,55
12_34_14_03314_dig_lcd.png,12,34,14
11_30_47_03315_dig_simple.png,11,30,47
16_07_21_03316_dig_lcd.png,16,7,21
04_22_09_03317_dig_simple.png,4,22,9
10_59_06_03318_dig_lcd.png,10,59,6
03_49_41_03319_dig_segmented.png,3,49,41
22_06_19_03320_dig_segmented.png,22,6,19
09_43_20_03321_dig_segmented.png,9,43,20
02_16_00_03322_dig_segmented.png,2,16,0
16_17_10_03323_dig_segmented.png,16,17,10
23_46_00_03324_dig_simple.png,23,46,0
21_37_43_03325_dig_segmented.png,21,37,43
02_25_38_03326_dig_lcd.png,2,25,38
00_46_56_03327_dig_lcd.png,0,46,56
11_32_04_03328_dig_segmented.png,11,32,4
07_19_24_03329_dig_segmented.png,7,19,24
18_15_12_03330_dig_segmented.png,18,15,12
16_04_31_03331_dig_segmented.png,16,4,31
21_47_17_03332_dig_lcd.png,21,47,17
03_17_00_03333_dig_segmented.png,3,17,0
08_40_04_03334_dig_simple.png,8,40,4
15_02_01_03335_dig_simple.png,15,2,1
22_51_43_03336_dig_segmented.png,22,51,43
19_05_53_03337_dig_simple.png,19,5,53
07_53_31_03338_dig_simple.png,7,53,31
22_47_09_03339_dig_lcd.png,22,47,9
16_43_44_03340_dig_simple.png,16,43,44
07_37_43_03341_dig_segmented.png,7,37,43
12_00_17_03342_dig_simple.png,12,0,17
14_15_34_03343_dig_segmented.png,14,15,34
23_54_03_03344_dig_simple.png,23,54,3
07_14_16_03345_dig_segmented.png,7,14,16
21_04_16_03346_dig_simple.png,21,4,16
19_12_53_03347_dig_simple.png,19,12,53
11_25_51_03348_dig_simple.png,11,25,51
23_49_49_03349_dig_lcd.png,23,49,49
17_35_38_03350_dig_lcd.png,17,35,38
09_47_10_03351_dig_segmented.png,9,47,10
17_46_41_03352_dig_segmented.png,17,46,41
18_45_16_03353_dig_lcd.png,18,45,16
23_49_28_03354_dig_lcd.png,23,49,28
11_19_24_03355_dig_segmented.png,11,19,24
03_47_17_03356_dig_lcd.png,3,47,17
21_42_27_03357_dig_lcd.png,21,42,27
11_34_46_03358_dig_simple.png,11,34,46
22_24_30_03359_dig_segmented.png,22,24,30
22_55_28_03360_dig_segmented.png,22,55,28
21_11_07_03361_dig_simple.png,21,11,7
12_15_41_03362_dig_lcd.png,12,15,41
16_14_11_03363_dig_lcd.png,16,14,11
09_47_10_03364_dig_lcd.png,9,47,10
03_10_31_03365_dig_simple.png,3,10,31
06_40_54_03366_dig_segmented.png,6,40,54
22_47_09_03367_dig_simple.png,22,47,9
00_23_21_03368_dig_lcd.png,0,23,21
14_13_24_03369_dig_simple.png,14,13,24
20_32_18_03370_dig_segmented.png,20,32,18
15_58_20_03371_dig_simple.png,15,58,20
18_08_34_03372_dig_lcd.png,18,8,34
11_34_46_03373_dig_lcd.png,11,34,46
14_54_25_03374_dig_simple.png,14,54,25
11_31_18_03375_dig_lcd.png,11,31,18
13_41_26_03376_dig_lcd.png,13,41,26
11_37_56_03377_dig_simple.png,11,37,56
19_35_27_03378_dig_lcd.png,19,35,27
23_52_13_03379_dig_simple.png,23,52,13
11_02_54_03380_dig_simple.png,11,2,54
13_38_53_03381_dig_segmented.png,13,38,53
06_21_06_03382_dig_simple.png,6,21,6
17_22_45_03383_dig_simple.png,17,22,45
04_09_44_03384_dig_simple.png,4,9,44
21_47_17_03385_dig_lcd.png,21,47,17
00_13_06_03386_dig_simple.png,0,13,6
19_06_18_03387_dig_segmented.png,19,6,18
23_04_31_03388_dig_simple.png,23,4,31
20_54_43_03389_dig_lcd.png,20,54,43
16_47_14_03390_dig_segmented.png,16,47,14
02_04_41_03391_dig_simple.png,2,4,41
04_58_22_03392_dig_lcd.png,4,58,22
11_19_58_03393_dig_simple.png,11,19,58
05_34_09_03394_dig_lcd.png,5,34,9
19_07_46_03395_dig_simple.png,19,7,46
11_50_35_03396_dig_lcd.png,11,50,35
06_40_54_03397_dig_segmented.png,6,40,54
04_33_29_03398_dig_simple.png,4,33,29
19_05_53_03399_dig_lcd.png,19,5,53
16_35_38_03400_dig_lcd.png,16,35,38
20_19_30_03401_dig_lcd.png,20,19,30
07_35_06_03402_dig_lcd.png,7,35,6
00_20_08_03403_dig_segmented.png,0,20,8
17_37_04_03404_dig_simple.png,17,37,4
14_45_10_03405_dig_lcd.png,14,45,10
09_24_56_03406_dig_segmented.png,9,24,56
12_34_14_03407_dig_segmented.png,12,34,14
09_47_10_03408_dig_simple.png,9,47,10
05_27_32_03409_dig_segmented.png,5,27,32
14_04_48_03410_dig_lcd.png,14,4,48
10_08_36_03411_dig_segmented.png,10,8,36
19_04_46_03412_dig_simple.png,19,4,46
09_14_11_03413_dig_simple.png,9,14,11
21_13_47_03414_dig_lcd.png,21,13,47
08_02_49_03415_dig_simple.png,8,2,49
08_22_04_03416_dig_segmented.png,8,22,4
11_02_54_03417_dig_segmented.png,11,2,54
01_47_06_03418_dig_lcd.png,1,47,6
14_55_35_03419_dig_segmented.png,14,55,35
14_45_10_03420_dig_simple.png,14,45,10
12_31_05_03421_dig_segmented.png,12,31,5
05_23_16_03422_dig_simple.png,5,23,16
22_32_24_03423_dig_segmented.png,22,32,24
07_31_35_03424_dig_lcd.png,7,31,35
01_47_06_03425_dig_simple.png,1,47,6
17_33_59_03426_dig_simple.png,17,33,59
12_40_58_03427_dig_simple.png,12,40,58
22_10_28_03428_dig_segmented.png,22,10,28
00_51_44_03429_dig_segmented.png,0,51,44
12_19_40_03430_dig_lcd.png,12,19,40
00_28_30_03431_dig_segmented.png,0,28,30
22_40_44_03432_dig_simple.png,22,40,44
21_17_20_03433_dig_simple.png,21,17,20
13_41_26_03434_dig_simple.png,13,41,26
23_52_07_03435_dig_simple.png,23,52,7
13_42_00_03436_dig_simple.png,13,42,0
05_34_09_03437_dig_lcd.png,5,34,9
07_39_50_03438_dig_segmented.png,7,39,50
05_23_16_03439_dig_segmented.png,5,23,16
01_16_29_03440_dig_segmented.png,1,16,29
04_07_10_03441_dig_simple.png,4,7,10
00_18_41_03442_dig_lcd.png,0,18,41
22_47_17_03443_dig_simple.png,22,47,17
01_26_54_03444_dig_segmented.png,1,26,54
03_12_55_03445_dig_segmented.png,3,12,55
05_27_42_03446_dig_simple.png,5,27,42
15_37_34_03447_dig_lcd.png,15,37,34
12_24_07_03448_dig_lcd.png,12,24,7
03_05_48_03449_dig_simple.png,3,5,48
21_47_17_03450_dig_simple.png,21,47,17
21_53_18_03451_dig_simple.png,21,53,18
00_51_28_03452_dig_segmented.png,0,51,28
03_42_31_03453_dig_simple.png,3,42,31
01_36_28_03454_dig_lcd.png,1,36,28
05_11_01_03455_dig_segmented.png,5,11,1
07_39_50_03456_dig_segmented.png,7,39,50
18_38_08_03457_dig_simple.png,18,38,8
02_45_39_03458_dig_simple.png,2,45,39
03_12_55_03459_dig_simple.png,3,12,55
12_08_40_03460_dig_simple.png,12,8,40
20_45_06_03461_dig_simple.png,20,45,6
18_38_25_03462_dig_simple.png,18,38,25
07_53_53_03463_dig_segmented.png,7,53,53
10_10_27_03464_dig_segmented.png,10,10,27
02_36_42_03465_dig_simple.png,2,36,42
01_24_36_03466_dig_simple.png,1,24,36
02_36_34_03467_dig_lcd.png,2,36,34
14_47_02_03468_dig_simple.png,14,47,2
02_57_38_03469_dig_segmented.png,2,57,38
02_34_16_03470_dig_segmented.png,2,34,16
23_39_48_03471_dig_segmented.png,23,39,48
22_47_09_03472_dig_segmented.png,22,47,9
07_30_07_03473_dig_lcd.png,7,30,7
21_22_59_03474_dig_simple.png,21,22,59
09_43_20_03475_dig_lcd.png,9,43,20
16_59_01_03476_dig_lcd.png,16,59,1
10_47_21_03477_dig_lcd.png,10,47,21
07_39_50_03478_dig_lcd.png,7,39,50
02_34_16_03479_dig_segmented.png,2,34,16
18_01_22_03480_dig_segmented.png,18,1,22
01_40_27_03481_dig_segmented.png,1,40,27
07_37_43_03482_dig_segmented.png,7,37,43
12_35_28_03483_dig_segmented.png,12,35,28
07_53_53_03484_dig_simple.png,7,53,53
11_20_01_03485_dig_segmented.png,11,20,1
06_21_06_03486_dig_simple.png,6,21,6
06_12_22_03487_dig_segmented.png,6,12,22
13_16_06_03488_dig_lcd.png,13,16,6
04_08_49_03489_dig_segmented.png,4,8,49
09_47_10_03490_dig_simple.png,9,47,10
11_19_24_03491_dig_simple.png,11,19,24
08_14_00_03492_dig_segmented.png,8,14,0
04_10_12_03493_dig_simple.png,4,10,12
06_48_03_03494_dig_lcd.png,6,48,3
18_15_12_03495_dig_lcd.png,18,15,12
17_35_38_03496_dig_segmented.png,17,35,38
17_51_55_03497_dig_segmented.png,17,51,55
19_26_00_03498_dig_simple.png,19,26,0
18_38_25_03499_dig_lcd.png,18,38,25
02_29_53_03500_dig_segmented.png,2,29,53
11_30_47_03501_dig_simple.png,11,30,47
18_01_22_03502_dig_simple.png,18,1,22
06_55_06_03503_dig_lcd.png,6,55,6
08_14_00_03504_dig_segmented.png,8,14,0
02_29_53_03505_dig_simple.png,2,29,53
18_09_10_03506_dig_lcd.png,18,9,10
03_47_17_03507_dig_segmented.png,3,47,17
03_05_48_03508_dig_segmented.png,3,5,48
14_03_12_03509_dig_simple.png,14,3,12
16_14_11_03510_dig_simple.png,16,14,11
10_47_21_03511_dig_segmented.png,10,47,21
17_34_15_03512_dig_simple.png,17,34,15
11_03_25_03513_dig_lcd.png,11,3,25
19_05_53_03514_dig_lcd.png,19,5,53
14_29_52_03515_dig_lcd.png,14,29,52
08_21_19_03516_dig_lcd.png,8,21,19
08_36_49_03517_dig_lcd.png,8,36,49
23_52_13_03518_dig_segmented.png,23,52,13
07_14_16_03519_dig_simple.png,7,14,16
14_16_23_03520_dig_segmented.png,14,16,23
22_32_24_03521_dig_lcd.png,22,32,24
17_34_15_03522_dig_lcd.png,17,34,15
21_40_52_03523_dig_lcd.png,21,40,52
23_52_07_03524_dig_segmented.png,23,52,7
22_36_21_03525_dig_simple.png,22,36,21
19_07_46_03526_dig_segmented.png,19,7,46
14_29_52_03527_dig_lcd.png,14,29,52
07_44_16_03528_dig_simple.png,7,44,16
22_09_26_03529_dig_lcd.png,22,9,26
07_37_43_03530_dig_lcd.png,7,37,43
11_22_48_03531_dig_segmented.png,11,22,48
23_49_49_03532_dig_segmented.png,23,49,49
00_13_06_03533_dig_segmented.png,0,13,6
10_39_37_03534_dig_simple.png,10,39,37
06_43_48_03535_dig_simple.png,6,43,48
08_02_49_03536_dig_lcd.png,8,2,49
21_15_10_03537_dig_lcd.png,21,15,10
15_41_24_03538_dig_lcd.png,15,41,24
08_21_19_03539_dig_simple.png,8,21,19
17_22_45_03540_dig_lcd.png,17,22,45
13_45_41_03541_dig_segmented.png,13,45,41
06_28_54_03542_dig_lcd.png,6,28,54
03_49_41_03543_dig_lcd.png,3,49,41
18_15_12_03544_dig_segmented.png,18,15,12
11_27_45_03545_dig_simple.png,11,27,45
14_29_52_03546_dig_simple.png,14,29,52
01_24_36_03547_dig_simple.png,1,24,36
19_26_00_03548_dig_simple.png,19,26,0
13_41_26_03549_dig_simple.png,13,41,26
02_36_34_03550_dig_simple.png,2,36,34
14_54_25_03551_dig_lcd.png,14,54,25
20_07_54_03552_dig_lcd.png,20,7,54
12_34_14_03553_dig_segmented.png,12,34,14
09_18_05_03554_dig_segmented.png,9,18,5
03_11_04_03555_dig_lcd.png,3,11,4
03_06_14_03556_dig_lcd.png,3,6,14
12_19_40_03557_dig_lcd.png,12,19,40
08_59_56_03558_dig_segmented.png,8,59,56
17_40_48_03559_dig_simple.png,17,40,48
19_54_10_03560_dig_lcd.png,19,54,10
21_40_52_03561_dig_segmented.png,21,40,52
22_57_39_03562_dig_simple.png,22,57,39
01_26_54_03563_dig_simple.png,1,26,54
14_55_35_03564_dig_segmented.png,14,55,35
13_59_19_03565_dig_simple.png,13,59,19
20_09_28_03566_dig_simple.png,20,9,28
17_50_47_03567_dig_simple.png,17,50,47
14_57_18_03568_dig_segmented.png,14,57,18
18_09_10_03569_dig_simple.png,18,9,10
10_47_42_03570_dig_segmented.png,10,47,42
11_37_56_03571_dig_lcd.png,11,37,56
09_23_19_03572_dig_lcd.png,9,23,19
11_07_20_03573_dig_lcd.png,11,7,20
23_04_31_03574_dig_simple.png,23,4,31
14_42_57_03575_dig_lcd.png,14,42,57
03_12_53_03576_dig_simple.png,3,12,53
21_15_10_03577_dig_segmented.png,21,15,10
21_40_52_03578_dig_lcd.png,21,40,52
07_14_16_03579_dig_segmented.png,7,14,16
19_06_18_03580_dig_lcd.png,19,6,18
09_26_48_03581_dig_simple.png,9,26,48
22_24_30_03582_dig_lcd.png,22,24,30
14_11_50_03583_dig_simple.png,14,11,50
04_16_32_03584_dig_segmented.png,4,16,32
03_18_42_03585_dig_lcd.png,3,18,42
23_52_13_03586_dig_lcd.png,23,52,13
17_38_11_03587_dig_lcd.png,17,38,11
13_41_26_03588_dig_simple.png,13,41,26
23_29_19_03589_dig_lcd.png,23,29,19
07_35_06_03590_dig_lcd.png,7,35,6
05_21_54_03591_dig_lcd.png,5,21,54
05_34_09_03592_dig_simple.png,5,34,9
11_14_45_03593_dig_simple.png,11,14,45
14_08_41_03594_dig_lcd.png,14,8,41
23_54_03_03595_dig_lcd.png,23,54,3
16_59_01_03596_dig_lcd.png,16,59,1
18_08_34_03597_dig_segmented.png,18,8,34
17_22_45_03598_dig_segmented.png,17,22,45
19_07_46_03599_dig_lcd.png,19,7,46
10_08_36_03600_dig_lcd.png,10,8,36
07_53_31_03601_dig_simple.png,7,53,31
04_58_22_03602_dig_simple.png,4,58,22
11_14_45_03603_dig_segmented.png,11,14,45
13_42_00_03604_dig_segmented.png,13,42,0
14_29_52_03605_dig_segmented.png,14,29,52
18_52_32_03606_dig_simple.png,18,52,32
14_55_35_03607_dig_lcd.png,14,55,35
19_19_22_03608_dig_simple.png,19,19,22
08_39_26_03609_dig_lcd.png,8,39,26
09_18_05_03610_dig_simple.png,9,18,5
17_34_15_03611_dig_segmented.png,17,34,15
08_13_24_03612_dig_lcd.png,8,13,24
18_28_43_03613_dig_segmented.png,18,28,43
22_40_44_03614_dig_simple.png,22,40,44
00_51_14_03615_dig_lcd.png,0,51,14
17_34_15_03616_dig_simple.png,17,34,15
01_12_27_03617_dig_simple.png,1,12,27
22_25_13_03618_dig_segmented.png,22,25,13
20_54_43_03619_dig_simple.png,20,54,43
08_27_22_03620_dig_simple.png,8,27,22
21_22_59_03621_dig_lcd.png,21,22,59
16_04_31_03622_dig_simple.png,16,4,31
11_25_51_03623_dig_simple.png,11,25,51
02_16_00_03624_dig_segmented.png,2,16,0
03_49_41_03625_dig_lcd.png,3,49,41
04_51_02_03626_dig_lcd.png,4,51,2
18_12_37_03627_dig_segmented.png,18,12,37
15_14_33_03628_dig_segmented.png,15,14,33
10_03_25_03629_dig_lcd.png,10,3,25
23_44_31_03630_dig_simple.png,23,44,31
20_54_43_03631_dig_simple.png,20,54,43
04_33_29_03632_dig_lcd.png,4,33,29
09_26_48_03633_dig_segmented.png,9,26,48
09_57_20_03634_dig_segmented.png,9,57,20
05_55_57_03635_dig_simple.png,5,55,57
21_34_02_03636_dig_lcd.png,21,34,2
15_31_23_03637_dig_simple.png,15,31,23
19_01_51_03638_dig_lcd.png,19,1,51
19_04_18_03639_dig_lcd.png,19,4,18
01_56_19_03640_dig_lcd.png,1,56,19
06_37_18_03641_dig_simple.png,6,37,18
05_31_08_03642_dig_simple.png,5,31,8
09_23_19_03643_dig_lcd.png,9,23,19
03_47_17_03644_dig_lcd.png,3,47,17
13_52_55_03645_dig_segmented.png,13,52,55
00_10_25_03646_dig_segmented.png,0,10,25
01_40_27_03647_dig_segmented.png,1,40,27
05_42_51_03648_dig_simple.png,5,42,51
19_35_27_03649_dig_segmented.png,19,35,27
06_12_22_03650_dig_segmented.png,6,12,22
02_52_52_03651_dig_segmented.png,2,52,52
09_36_41_03652_dig_lcd.png,9,36,41
01_12_27_03653_dig_segmented.png,1,12,27
16_43_44_03654_dig_segmented.png,16,43,44
10_36_47_03655_dig_segmented.png,10,36,47
06_32_17_03656_dig_lcd.png,6,32,17
07_53_31_03657_dig_segmented.png,7,53,31
06_43_48_03658_dig_simple.png,6,43,48
22_25_13_03659_dig_lcd.png,22,25,13
07_04_02_03660_dig_segmented.png,7,4,2
08_01_35_03661_dig_segmented.png,8,1,35
14_54_40_03662_dig_simple.png,14,54,40
03_00_15_03663_dig_lcd.png,3,0,15
18_15_12_03664_dig_segmented.png,18,15,12
18_18_23_03665_dig_simple.png,18,18,23
10_59_06_03666_dig_simple.png,10,59,6
10_46_50_03667_dig_lcd.png,10,46,50
17_09_36_03668_dig_segmented.png,17,9,36
08_01_35_03669_dig_simple.png,8,1,35
12_35_28_03670_dig_lcd.png,12,35,28
20_06_41_03671_dig_segmented.png,20,6,41
04_10_12_03672_dig_simple.png,4,10,12
08_27_44_03673_dig_segmented.png,8,27,44
14_15_34_03674_dig_lcd.png,14,15,34
04_26_43_03675_dig_simple.png,4,26,43
05_53_15_03676_dig_lcd.png,5,53,15
16_04_31_03677_dig_lcd.png,16,4,31
16_47_14_03678_dig_lcd.png,16,47,14
00_31_55_03679_dig_simple.png,0,31,55
15_41_24_03680_dig_lcd.png,15,41,24
16_14_11_03681_dig_simple.png,16,14,11
21_15_10_03682_dig_simple.png,21,15,10
09_18_05_03683_dig_lcd.png,9,18,5
10_10_27_03684_dig_lcd.png,10,10,27
12_29_08_03685_dig_simple.png,12,29,8
10_06_39_03686_dig_simple.png,10,6,39
02_34_56_03687_dig_simple.png,2,34,56
02_52_52_03688_dig_lcd.png,2,52,52
05_53_20_03689_dig_segmented.png,5,53,20
00_46_56_03690_dig_simple.png,0,46,56
00_18_33_03691_dig_simple.png,0,18,33
06_48_42_03692_dig_segmented.png,6,48,42
07_35_43_03693_dig_segmented.png,7,35,43
12_55_37_03694_dig_segmented.png,12,55,37
01_26_54_03695_dig_simple.png,1,26,54
05_31_08_03696_dig_lcd.png,5,31,8
03_05_48_03697_dig_segmented.png,3,5,48
20_42_24_03698_dig_lcd.png,20,42,24
11_31_18_03699_dig_segmented.png,11,31,18
04_33_29_03700_dig_segmented.png,4,33,29
05_39_33_03701_dig_simple.png,5,39,33
14_47_36_03702_dig_simple.png,14,47,36
14_16_23_03703_dig_simple.png,14,16,23
00_46_56_03704_dig_simple.png,0,46,56
19_07_46_03705_dig_lcd.png,19,7,46
03_05_48_03706_dig_lcd.png,3,5,48
03_52_44_03707_dig_simple.png,3,52,44
14_16_23_03708_dig_segmented.png,14,16,23
09_42_38_03709_dig_segmented.png,9,42,38
09_31_45_03710_dig_segmented.png,9,31,45
19_05_53_03711_dig_simple.png,19,5,53
18_40_32_03712_dig_segmented.png,18,40,32
16_17_10_03713_dig_lcd.png,16,17,10
21_28_01_03714_dig_segmented.png,21,28,1
11_32_04_03715_dig_simple.png,11,32,4
14_47_36_03716_dig_simple.png,14,47,36
14_55_35_03717_dig_simple.png,14,55,35
00_51_14_03718_dig_simple.png,0,51,14
14_53_37_03719_dig_simple.png,14,53,37
14_04_48_03720_dig_segmented.png,14,4,48
05_53_15_03721_dig_lcd.png,5,53,15
22_10_28_03722_dig_segmented.png,22,10,28
16_59_01_03723_dig_segmented.png,16,59,1
04_08_19_03724_dig_simple.png,4,8,19
22_32_24_03725_dig_segmented.png,22,32,24
15_32_42_03726_dig_segmented.png,15,32,42
07_14_16_03727_dig_lcd.png,7,14,16
10_52_44_03728_dig_segmented.png,10,52,44
15_58_20_03729_dig_lcd.png,15,58,20
20_07_54_03730_dig_simple.png,20,7,54
18_45_16_03731_dig_simple.png,18,45,16
11_30_47_03732_dig_lcd.png,11,30,47
17_40_48_03733_dig_lcd.png,17,40,48
12_00_17_03734_dig_simple.png,12,0,17
08_27_22_03735_dig_lcd.png,8,27,22
03_05_48_03736_dig_segmented.png,3,5,48
06_43_35_03737_dig_lcd.png,6,43,35
02_57_38_03738_dig_segmented.png,2,57,38
16_24_47_03739_dig_lcd.png,16,24,47
21_18_02_03740_dig_segmented.png,21,18,2
23_54_03_03741_dig_segmented.png,23,54,3
09_14_11_03742_dig_segmented.png,9,14,11
04_22_09_03743_dig_lcd.png,4,22,9
12_08_40_03744_dig_lcd.png,12,8,40
21_15_10_03745_dig_segmented.png,21,15,10
16_07_40_03746_dig_simple.png,16,7,40
12_15_41_03747_dig_segmented.png,12,15,41
00_32_38_03748_dig_segmented.png,0,32,38
13_01_42_03749_dig_segmented.png,13,1,42
08_27_44_03750_dig_lcd.png,8,27,44
21_53_18_03751_dig_simple.png,21,53,18
23_05_22_03752_dig_segmented.png,23,5,22
08_56_12_03753_dig_lcd.png,8,56,12
07_35_43_03754_dig_segmented.png,7,35,43
17_50_47_03755_dig_lcd.png,17,50,47
01_40_27_03756_dig_segmented.png,1,40,27
22_06_19_03757_dig_lcd.png,22,6,19
07_39_50_03758_dig_lcd.png,7,39,50
12_34_14_03759_dig_segmented.png,12,34,14
07_31_35_03760_dig_segmented.png,7,31,35
19_06_18_03761_dig_segmented.png,19,6,18
18_28_43_03762_dig_lcd.png,18,28,43
23_56_12_03763_dig_lcd.png,23,56,12
08_56_12_03764_dig_lcd.png,8,56,12
18_50_41_03765_dig_simple.png,18,50,41
08_01_35_03766_dig_simple.png,8,1,35
21_35_30_03767_dig_lcd.png,21,35,30
03_29_12_03768_dig_lcd.png,3,29,12
03_05_38_03769_dig_segmented.png,3,5,38
14_47_02_03770_dig_segmented.png,14,47,2
06_43_48_03771_dig_segmented.png,6,43,48
07_14_16_03772_dig_lcd.png,7,14,16
10_10_27_03773_dig_segmented.png,10,10,27
21_47_17_03774_dig_segmented.png,21,47,17
14_54_25_03775_dig_segmented.png,14,54,25
10_03_25_03776_dig_simple.png,10,3,25
02_29_53_03777_dig_simple.png,2,29,53
02_57_38_03778_dig_lcd.png,2,57,38
22_40_44_03779_dig_segmented.png,22,40,44
08_50_39_03780_dig_segmented.png,8,50,39
20_06_38_03781_dig_segmented.png,20,6,38
20_06_41_03782_dig_lcd.png,20,6,41
02_16_00_03783_dig_simple.png,2,16,0
08_59_56_03784_dig_segmented.png,8,59,56
11_50_35_03785_dig_simple.png,11,50,35
21_13_47_03786_dig_segmented.png,21,13,47
22_40_44_03787_dig_simple.png,22,40,44
16_28_50_03788_dig_lcd.png,16,28,50
23_05_20_03789_dig_lcd.png,23,5,20
23_23_55_03790_dig_simple.png,23,23,55
00_15_13_03791_dig_simple.png,0,15,13
04_26_31_03792_dig_segmented.png,4,26,31
05_55_57_03793_dig_simple.png,5,55,57
12_49_52_03794_dig_lcd.png,12,49,52
17_51_55_03795_dig_simple.png,17,51,55
03_00_15_03796_dig_lcd.png,3,0,15
18_12_37_03797_dig_lcd.png,18,12,37
07_04_02_03798_dig_segmented.png,7,4,2
12_53_11_03799_dig_simple.png,12,53,11
13_12_20_03800_dig_lcd.png,13,12,20
07_53_31_03801_dig_lcd.png,7,53,31
11_30_47_03802_dig_lcd.png,11,30,47
16_17_10_03803_dig_segmented.png,16,17,10
16_43_44_03804_dig_simple.png,16,43,44
22_40_44_03805_dig_segmented.png,22,40,44
03_06_14_03806_dig_segmented.png,3,6,14
15_49_16_03807_dig_segmented.png,15,49,16
05_53_15_03808_dig_segmented.png,5,53,15
04_26_43_03809_dig_lcd.png,4,26,43
03_12_35_03810_dig_segmented.png,3,12,35
11_30_47_03811_dig_lcd.png,11,30,47
11_36_55_03812_dig_simple.png,11,36,55
19_07_46_03813_dig_simple.png,19,7,46
10_25_14_03814_dig_simple.png,10,25,14
10_10_27_03815_dig_segmented.png,10,10,27
03_12_53_03816_dig_segmented.png,3,12,53
18_01_22_03817_dig_simple.png,18,1,22
00_20_08_03818_dig_simple.png,0,20,8
23_05_20_03819_dig_simple.png,23,5,20
23_04_31_03820_dig_simple.png,23,4,31
18_38_25_03821_dig_lcd.png,18,38,25
04_09_44_03822_dig_simple.png,4,9,44
12_21_40_03823_dig_segmented.png,12,21,40
06_12_22_03824_dig_simple.png,6,12,22
02_56_16_03825_dig_segmented.png,2,56,16
10_25_14_03826_dig_segmented.png,10,25,14
12_12_47_03827_dig_simple.png,12,12,47
11_31_18_03828_dig_simple.png,11,31,18
21_22_59_03829_dig_segmented.png,21,22,59
20_32_18_03830_dig_simple.png,20,32,18
17_02_42_03831_dig_lcd.png,17,2,42
08_22_04_03832_dig_segmented.png,8,22,4
14_55_35_03833_dig_simple.png,14,55,35
11_37_56_03834_dig_lcd.png,11,37,56
05_31_08_03835_dig_segmented.png,5,31,8
01_36_28_03836_dig_simple.png,1,36,28
23_29_19_03837_dig_segmented.png,23,29,19
09_23_44_03838_dig_lcd.png,9,23,44
04_51_02_03839_dig_segmented.png,4,51,2
02_52_52_03840_dig_segmented.png,2,52,52
03_18_42_03841_dig_segmented.png,3,18,42
07_35_43_03842_dig_simple.png,7,35,43
07_53_31_03843_dig_segmented.png,7,53,31
01_36_28_03844_dig_segmented.png,1,36,28
21_13_47_03845_dig_lcd.png,21,13,47
00_15_13_03846_dig_segmented.png,0,15,13
14_57_18_03847_dig_lcd.png,14,57,18
12_12_47_03848_dig_simple.png,12,12,47
13_52_55_03849_dig_segmented.png,13,52,55
15_16_17_03850_dig_simple.png,15,16,17
14_28_31_03851_dig_simple.png,14,28,31
05_11_01_03852_dig_segmented.png,5,11,1
15_49_16_03853_dig_simple.png,15,49,16
01_36_28_03854_dig_segmented.png,1,36,28
20_09_28_03855_dig_lcd.png,20,9,28
00_46_56_03856_dig_lcd.png,0,46,56
22_55_28_03857_dig_lcd.png,22,55,28
06_28_54_03858_dig_lcd.png,6,28,54
03_11_04_03859_dig_lcd.png,3,11,4
18_25_47_03860_dig_simple.png,18,25,47
02_34_56_03861_dig_lcd.png,2,34,56
02_53_31_03862_dig_segmented.png,2,53,31
05_11_01_03863_dig_simple.png,5,11,1
21_40_08_03864_dig_segmented.png,21,40,8
09_12_03_03865_dig_lcd.png,9,12,3
19_26_00_03866_dig_lcd.png,19,26,0
19_04_18_03867_dig_simple.png,19,4,18
07_53_31_03868_dig_lcd.png,7,53,31
06_32_17_03869_dig_lcd.png,6,32,17
11_34_46_03870_dig_simple.png,11,34,46
15_58_20_03871_dig_segmented.png,15,58,20
22_25_13_03872_dig_lcd.png,22,25,13
18_38_25_03873_dig_lcd.png,18,38,25
05_39_33_03874_dig_lcd.png,5,39,33
13_01_42_03875_dig_lcd.png,13,1,42
21_53_18_03876_dig_simple.png,21,53,18
21_35_30_03877_dig_simple.png,21,35,30
12_21_40_03878_dig_lcd.png,12,21,40
09_09_45_03879_dig_lcd.png,9,9,45
16_46_15_03880_dig_lcd.png,16,46,15
17_55_33_03881_dig_lcd.png,17,55,33
04_51_02_03882_dig_segmented.png,4,51,2
08_56_12_03883_dig_lcd.png,8,56,12
14_55_35_03884_dig_lcd.png,14,55,35
00_04_22_03885_dig_lcd.png,0,4,22
11_02_54_03886_dig_segmented.png,11,2,54
00_51_14_03887_dig_lcd.png,0,51,14
18_38_25_03888_dig_simple.png,18,38,25
05_55_57_03889_dig_segmented.png,5,55,57
20_32_18_03890_dig_segmented.png,20,32,18
03_05_38_03891_dig_simple.png,3,5,38
09_26_48_03892_dig_lcd.png,9,26,48
07_44_16_03893_dig_lcd.png,7,44,16
14_15_51_03894_dig_segmented.png,14,15,51
12_19_40_03895_dig_segmented.png,12,19,40
12_40_58_03896_dig_segmented.png,12,40,58
15_32_42_03897_dig_lcd.png,15,32,42
11_19_24_03898_dig_segmented.png,11,19,24
13_52_55_03899_dig_lcd.png,13,52,55
03_12_55_03900_dig_simple.png,3,12,55
13_33_01_03901_dig_lcd.png,13,33,1
06_21_06_03902_dig_lcd.png,6,21,6
03_42_31_03903_dig_segmented.png,3,42,31
04_07_10_03904_dig_segmented.png,4,7,10
03_47_17_03905_dig_lcd.png,3,47,17
14_15_34_03906_dig_segmented.png,14,15,34
08_47_59_03907_dig_simple.png,8,47,59
05_23_16_03908_dig_lcd.png,5,23,16
19_06_18_03909_dig_segmented.png,19,6,18
01_41_02_03910_dig_segmented.png,1,41,2
02_54_31_03911_dig_simple.png,2,54,31
23_54_03_03912_dig_segmented.png,23,54,3
23_49_28_03913_dig_lcd.png,23,49,28
16_17_10_03914_dig_segmented.png,16,17,10
18_40_32_03915_dig_lcd.png,18,40,32
16_35_38_03916_dig_lcd.png,16,35,38
05_23_16_03917_dig_lcd.png,5,23,16
18_08_34_03918_dig_segmented.png,18,8,34
10_47_42_03919_dig_segmented.png,10,47,42
12_40_58_03920_dig_lcd.png,12,40,58
22_06_19_03921_dig_lcd.png,22,6,19
21_42_27_03922_dig_simple.png,21,42,27
17_02_42_03923_dig_lcd.png,17,2,42
06_43_48_03924_dig_simple.png,6,43,48
08_13_24_03925_dig_lcd.png,8,13,24
10_47_21_03926_dig_simple.png,10,47,21
10_03_25_03927_dig_lcd.png,10,3,25
12_49_52_03928_dig_segmented.png,12,49,52
12_29_08_03929_dig_simple.png,12,29,8
00_51_44_03930_dig_simple.png,0,51,44
06_38_49_03931_dig_lcd.png,6,38,49
23_49_28_03932_dig_simple.png,23,49,28
11_36_55_03933_dig_simple.png,11,36,55
11_30_47_03934_dig_segmented.png,11,30,47
08_30_31_03935_dig_simple.png,8,30,31
20_45_07_03936_dig_simple.png,20,45,7
13_59_19_03937_dig_lcd.png,13,59,19
14_15_34_03938_dig_simple.png,14,15,34
08_27_44_03939_dig_segmented.png,8,27,44
17_40_28_03940_dig_lcd.png,17,40,28
00_04_22_03941_dig_simple.png,0,4,22
03_48_59_03942_dig_segmented.png,3,48,59
18_40_32_03943_dig_segmented.png,18,40,32
00_15_13_03944_dig_segmented.png,0,15,13
11_14_45_03945_dig_simple.png,11,14,45
12_55_37_03946_dig_simple.png,12,55,37
16_04_31_03947_dig_simple.png,16,4,31
20_35_14_03948_dig_segmented.png,20,35,14
12_15_41_03949_dig_simple.png,12,15,41
02_54_31_03950_dig_segmented.png,2,54,31
11_50_35_03951_dig_simple.png,11,50,35
08_48_26_03952_dig_segmented.png,8,48,26
15_58_20_03953_dig_segmented.png,15,58,20
02_55_46_03954_dig_lcd.png,2,55,46
23_42_19_03955_dig_simple.png,23,42,19
16_04_31_03956_dig_lcd.png,16,4,31
09_39_15_03957_dig_segmented.png,9,39,15
12_12_47_03958_dig_lcd.png,12,12,47
09_47_10_03959_dig_segmented.png,9,47,10
09_09_45_03960_dig_simple.png,9,9,45
08_22_04_03961_dig_simple.png,8,22,4
18_40_32_03962_dig_segmented.png,18,40,32
22_36_21_03963_dig_simple.png,22,36,21
03_00_15_03964_dig_segmented.png,3,0,15
20_58_06_03965_dig_lcd.png,20,58,6
12_03_47_03966_dig_lcd.png,12,3,47
02_45_39_03967_dig_simple.png,2,45,39
23_49_28_03968_dig_simple.png,23,49,28
01_18_51_03969_dig_simple.png,1,18,51
06_48_03_03970_dig_simple.png,6,48,3
00_04_54_03971_dig_lcd.png,0,4,54
14_53_37_03972_dig_segmented.png,14,53,37
03_12_55_03973_dig_simple.png,3,12,55
01_16_29_03974_dig_segmented.png,1,16,29
15_03_16_03975_dig_simple.png,15,3,16
23_29_19_03976_dig_segmented.png,23,29,19
19_10_04_03977_dig_segmented.png,19,10,4
14_16_23_03978_dig_simple.png,14,16,23
09_40_41_03979_dig_simple.png,9,40,41
22_47_09_03980_dig_lcd.png,22,47,9
05_39_33_03981_dig_segmented.png,5,39,33
15_31_23_03982_dig_segmented.png,15,31,23
14_29_52_03983_dig_simple.png,14,29,52
09_09_45_03984_dig_lcd.png,9,9,45
03_17_00_03985_dig_segmented.png,3,17,0
03_06_14_03986_dig_segmented.png,3,6,14
10_39_37_03987_dig_lcd.png,10,39,37
21_28_01_03988_dig_segmented.png,21,28,1
06_12_22_03989_dig_segmented.png,6,12,22
03_52_44_03990_dig_segmented.png,3,52,44
03_48_59_03991_dig_simple.png,3,48,59
11_03_25_03992_dig_segmented.png,11,3,25
03_17_00_03993_dig_lcd.png,3,17,0
10_06_39_03994_dig_lcd.png,10,6,39
14_42_57_03995_dig_lcd.png,14,42,57
16_35_38_03996_dig_segmented.png,16,35,38
06_48_42_03997_dig_simple.png,6,48,42
08_39_26_03998_dig_simple.png,8,39,26
18_38_25_03999_dig_lcd.png,18,38,25
06_21_06_04000_dig_simple.png,6,21,6
15_14_08_04001_dig_lcd.png,15,14,8
03_12_35_04002_dig_lcd.png,3,12,35
11_34_46_04003_dig_lcd.png,11,34,46
02_52_52_04004_dig_lcd.png,2,52,52
04_46_20_04005_dig_segmented.png,4,46,20
15_14_33_04006_dig_lcd.png,15,14,33
14_11_40_04007_dig_segmented.png,14,11,40
23_05_20_04008_dig_segmented.png,23,5,20
05_39_33_04009_dig_lcd.png,5,39,33
16_07_21_04010_dig_segmented.png,16,7,21
05_27_42_04011_dig_segmented.png,5,27,42
14_15_34_04012_dig_simple.png,14,15,34
23_46_00_04013_dig_segmented.png,23,46,0
09_26_48_04014_dig_segmented.png,9,26,48
00_16_19_04015_dig_segmented.png,0,16,19
08_22_04_04016_dig_lcd.png,8,22,4
11_27_45_04017_dig_segmented.png,11,27,45
14_15_34_04018_dig_lcd.png,14,15,34
12_00_17_04019_dig_lcd.png,12,0,17
23_56_12_04020_dig_simple.png,23,56,12
22_57_39_04021_dig_segmented.png,22,57,39
16_07_40_04022_dig_segmented.png,16,7,40
05_55_57_04023_dig_simple.png,5,55,57
03_17_00_04024_dig_simple.png,3,17,0
23_05_20_04025_dig_segmented.png,23,5,20
21_40_08_04026_dig_segmented.png,21,40,8
03_18_42_04027_dig_lcd.png,3,18,42
11_50_35_04028_dig_segmented.png,11,50,35
05_42_51_04029_dig_lcd.png,5,42,51
10_06_39_04030_dig_lcd.png,10,6,39
21_18_02_04031_dig_lcd.png,21,18,2
23_29_19_04032_dig_segmented.png,23,29,19
21_40_08_04033_dig_simple.png,21,40,8
03_47_17_04034_dig_lcd.png,3,47,17
09_47_10_04035_dig_lcd.png,9,47,10
17_40_28_04036_dig_lcd.png,17,40,28
08_37_16_04037_dig_lcd.png,8,37,16
06_28_54_04038_dig_segmented.png,6,28,54
06_32_17_04039_dig_simple.png,6,32,17
10_23_40_04040_dig_segmented.png,10,23,40
09_09_06_04041_dig_lcd.png,9,9,6
20_54_43_04042_dig_lcd.png,20,54,43
21_42_27_04043_dig_simple.png,21,42,27
10_35_40_04044_dig_simple.png,10,35,40
10_39_37_04045_dig_segmented.png,10,39,37
15_14_33_04046_dig_segmented.png,15,14,33
12_12_47_04047_dig_segmented.png,12,12,47
17_34_15_04048_dig_lcd.png,17,34,15
05_23_16_04049_dig_segmented.png,5,23,16
13_39_44_04050_dig_lcd.png,13,39,44
17_51_55_04051_dig_segmented.png,17,51,55
12_49_52_04052_dig_segmented.png,12,49,52
07_35_06_04053_dig_simple.png,7,35,6
12_13_30_04054_dig_segmented.png,12,13,30
22_55_28_04055_dig_segmented.png,22,55,28
04_26_43_04056_dig_lcd.png,4,26,43
19_04_18_04057_dig_segmented.png,19,4,18
21_47_17_04058_dig_segmented.png,21,47,17
06_43_48_04059_dig_simple.png,6,43,48
10_10_27_04060_dig_segmented.png,10,10,27
17_35_38_04061_dig_lcd.png,17,35,38
16_43_44_04062_dig_lcd.png,16,43,44
12_34_14_04063_dig_segmented.png,12,34,14
14_15_34_04064_dig_lcd.png,14,15,34
22_47_17_04065_dig_lcd.png,22,47,17
17_37_04_04066_dig_lcd.png,17,37,4
12_00_17_04067_dig_segmented.png,12,0,17
13_41_26_04068_dig_simple.png,13,41,26
01_59_20_04069_dig_lcd.png,1,59,20
19_04_18_04070_dig_lcd.png,19,4,18
14_15_34_04071_dig_lcd.png,14,15,34
05_03_00_04072_dig_segmented.png,5,3,0
22_55_28_04073_dig_simple.png,22,55,28
22_10_28_04074_dig_lcd.png,22,10,28
21_35_30_04075_dig_lcd.png,21,35,30
02_34_56_04076_dig_lcd.png,2,34,56
09_12_03_04077_dig_simple.png,9,12,3
21_28_01_04078_dig_segmented.png,21,28,1
21_40_08_04079_dig_lcd.png,21,40,8
02_57_38_04080_dig_lcd.png,2,57,38
02_36_34_04081_dig_lcd.png,2,36,34
00_51_28_04082_dig_lcd.png,0,51,28
11_19_58_04083_dig_simple.png,11,19,58
23_49_28_04084_dig_simple.png,23,49,28
21_35_30_04085_dig_segmented.png,21,35,30
02_29_53_04086_dig_lcd.png,2,29,53
09_12_03_04087_dig_lcd.png,9,12,3
09_36_41_04088_dig_segmented.png,9,36,41
00_18_33_04089_dig_simple.png,0,18,33
06_38_49_04090_dig_simple.png,6,38,49
17_44_32_04091_dig_segmented.png,17,44,32
13_38_53_04092_dig_lcd.png,13,38,53
04_51_02_04093_dig_lcd.png,4,51,2
12_34_14_04094_dig_simple.png,12,34,14
08_47_59_04095_dig_simple.png,8,47,59
02_54_31_04096_dig_segmented.png,2,54,31
02_56_16_04097_dig_lcd.png,2,56,16
11_19_58_04098_dig_lcd.png,11,19,58
13_16_06_04099_dig_simple.png,13,16,6
20_35_14_04100_dig_lcd.png,20,35,14
13_49_04_04101_dig_lcd.png,13,49,4
08_14_00_04102_dig_lcd.png,8,14,0
21_42_27_04103_dig_lcd.png,21,42,27
09_18_05_04104_dig_segmented.png,9,18,5
02_16_00_04105_dig_segmented.png,2,16,0
00_15_13_04106_dig_segmented.png,0,15,13
16_07_40_04107_dig_simple.png,16,7,40
21_15_10_04108_dig_segmented.png,21,15,10
15_37_34_04109_dig_segmented.png,15,37,34
14_19_20_04110_dig_simple.png,14,19,20
18_09_10_04111_dig_segmented.png,18,9,10
14_54_40_04112_dig_simple.png,14,54,40
18_40_32_04113_dig_lcd.png,18,40,32
22_47_17_04114_dig_segmented.png,22,47,17
05_27_32_04115_dig_segmented.png,5,27,32
03_05_48_04116_dig_simple.png,3,5,48
12_31_05_04117_dig_segmented.png,12,31,5
06_48_42_04118_dig_simple.png,6,48,42
14_57_18_04119_dig_lcd.png,14,57,18
08_22_04_04120_dig_segmented.png,8,22,4
10_25_14_04121_dig_lcd.png,10,25,14
21_53_18_04122_dig_lcd.png,21,53,18
14_54_25_04123_dig_segmented.png,14,54,25
21_47_17_04124_dig_simple.png,21,47,17
01_40_27_04125_dig_simple.png,1,40,27
03_42_31_04126_dig_lcd.png,3,42,31
23_52_13_04127_dig_lcd.png,23,52,13
18_18_23_04128_dig_segmented.png,18,18,23
20_55_15_04129_dig_simple.png,20,55,15
14_19_20_04130_dig_segmented.png,14,19,20
17_51_55_04131_dig_segmented.png,17,51,55
19_54_10_04132_dig_lcd.png,19,54,10
20_35_14_04133_dig_simple.png,20,35,14
03_29_12_04134_dig_lcd.png,3,29,12
16_43_44_04135_dig_segmented.png,16,43,44
16_12_56_04136_dig_simple.png,16,12,56
10_39_37_04137_dig_segmented.png,10,39,37
02_57_38_04138_dig_simple.png,2,57,38
14_42_57_04139_dig_lcd.png,14,42,57
14_42_57_04140_dig_simple.png,14,42,57
09_04_24_04141_dig_segmented.png,9,4,24
15_16_17_04142_dig_simple.png,15,16,17
23_54_03_04143_dig_simple.png,23,54,3
16_52_36_04144_dig_segmented.png,16,52,36
00_15_13_04145_dig_segmented.png,0,15,13
05_31_08_04146_dig_simple.png,5,31,8
03_47_17_04147_dig_simple.png,3,47,17
23_52_07_04148_dig_segmented.png,23,52,7
07_04_02_04149_dig_simple.png,7,4,2
14_04_48_04150_dig_lcd.png,14,4,48
02_04_41_04151_dig_segmented.png,2,4,41
06_12_22_04152_dig_segmented.png,6,12,22
22_09_26_04153_dig_simple.png,22,9,26
15_41_24_04154_dig_segmented.png,15,41,24
12_03_47_04155_dig_lcd.png,12,3,47
20_42_24_04156_dig_simple.png,20,42,24
06_48_42_04157_dig_simple.png,6,48,42
05_11_01_04158_dig_segmented.png,5,11,1
01_56_19_04159_dig_lcd.png,1,56,19
14_42_57_04160_dig_segmented.png,14,42,57
18_09_10_04161_dig_lcd.png,18,9,10
05_23_16_04162_dig_simple.png,5,23,16
06_12_22_04163_dig_lcd.png,6,12,22
03_52_44_04164_dig_segmented.png,3,52,44
19_35_27_04165_dig_segmented.png,19,35,27
03_00_15_04166_dig_segmented.png,3,0,15
10_52_44_04167_dig_lcd.png,10,52,44
16_14_11_04168_dig_lcd.png,16,14,11
13_33_01_04169_dig_simple.png,13,33,1
05_31_08_04170_dig_segmented.png,5,31,8
12_00_17_04171_dig_simple.png,12,0,17
22_51_43_04172_dig_lcd.png,22,51,43
22_59_32_04173_dig_segmented.png,22,59,32
16_07_40_04174_dig_segmented.png,16,7,40
06_33_33_04175_dig_segmented.png,6,33,33
17_33_59_04176_dig_simple.png,17,33,59
14_45_10_04177_dig_simple.png,14,45,10
03_00_15_04178_dig_lcd.png,3,0,15
17_46_41_04179_dig_lcd.png,17,46,41
22_10_28_04180_dig_segmented.png,22,10,28
15_02_01_04181_dig_segmented.png,15,2,1
22_10_28_04182_dig_lcd.png,22,10,28
14_50_52_04183_dig_simple.png,14,50,52
11_50_35_04184_dig_lcd.png,11,50,35
03_21_56_04185_dig_lcd.png,3,21,56
12_19_40_04186_dig_segmented.png,12,19,40
02_25_38_04187_dig_simple.png,2,25,38
04_16_32_04188_dig_segmented.png,4,16,32
00_39_41_04189_dig_segmented.png,0,39,41
04_51_02_04190_dig_simple.png,4,51,2
00_51_14_04191_dig_simple.png,0,51,14
23_46_00_04192_dig_lcd.png,23,46,0
13_49_04_04193_dig_segmented.png,13,49,4
04_04_05_04194_dig_segmented.png,4,4,5
06_55_06_04195_dig_simple.png,6,55,6
19_54_10_04196_dig_simple.png,19,54,10
02_36_42_04197_dig_segmented.png,2,36,42
01_56_19_04198_dig_simple.png,1,56,19
21_17_20_04199_dig_lcd.png,21,17,20
22_09_26_04200_dig_segmented.png,22,9,26
11_22_48_04201_dig_segmented.png,11,22,48
14_15_34_04202_dig_lcd.png,14,15,34
22_57_39_04203_dig_lcd.png,22,57,39
07_35_06_04204_dig_segmented.png,7,35,6
20_09_28_04205_dig_simple.png,20,9,28
11_19_24_04206_dig_lcd.png,11,19,24
11_50_35_04207_dig_segmented.png,11,50,35
00_15_13_04208_dig_segmented.png,0,15,13
09_11_53_04209_dig_lcd.png,9,11,53
14_13_24_04210_dig_segmented.png,14,13,24
05_53_20_04211_dig_lcd.png,5,53,20
12_49_52_04212_dig_simple.png,12,49,52
11_27_45_04213_dig_lcd.png,11,27,45
07_19_24_04214_dig_lcd.png,7,19,24
18_12_37_04215_dig_simple.png,18,12,37
15_32_42_04216_dig_lcd.png,15,32,42
17_02_42_04217_dig_lcd.png,17,2,42
22_47_09_04218_dig_simple.png,22,47,9
16_14_11_04219_dig_lcd.png,16,14,11
07_35_06_04220_dig_simple.png,7,35,6
12_55_50_04221_dig_segmented.png,12,55,50
06_33_33_04222_dig_simple.png,6,33,33
10_10_27_04223_dig_simple.png,10,10,27
10_32_29_04224_dig_simple.png,10,32,29
12_34_14_04225_dig_simple.png,12,34,14
22_32_24_04226_dig_segmented.png,22,32,24
22_59_32_04227_dig_lcd.png,22,59,32
14_04_48_04228_dig_lcd.png,14,4,48
22_12_38_04229_dig_segmented.png,22,12,38
11_30_47_04230_dig_simple.png,11,30,47
20_55_15_04231_dig_segmented.png,20,55,15
05_21_54_04232_dig_simple.png,5,21,54
18_25_47_04233_dig_simple.png,18,25,47
13_52_55_04234_dig_segmented.png,13,52,55
07_35_43_04235_dig_simple.png,7,35,43
02_34_56_04236_dig_segmented.png,2,34,56
12_24_07_04237_dig_lcd.png,12,24,7
12_15_41_04238_dig_segmented.png,12,15,41
00_51_44_04239_dig_simple.png,0,51,44
13_41_26_04240_dig_simple.png,13,41,26
02_53_31_04241_dig_segmented.png,2,53,31
05_03_00_04242_dig_segmented.png,5,3,0
23_49_49_04243_dig_lcd.png,23,49,49
18_01_22_04244_dig_segmented.png,18,1,22
01_47_06_04245_dig_segmented.png,1,47,6
17_40_48_04246_dig_lcd.png,17,40,48
23_49_49_04247_dig_simple.png,23,49,49
12_40_58_04248_dig_simple.png,12,40,58
17_22_45_04249_dig_simple.png,17,22,45
09_09_45_04250_dig_segmented.png,9,9,45
05_11_01_04251_dig_simple.png,5,11,1
00_37_50_04252_dig_simple.png,0,37,50
23_23_55_04253_dig_segmented.png,23,23,55
18_38_25_04254_dig_lcd.png,18,38,25
13_16_06_04255_dig_lcd.png,13,16,6
21_34_02_04256_dig_simple.png,21,34,2
23_52_07_04257_dig_segmented.png,23,52,7
23_49_49_04258_dig_simple.png,23,49,49
22_25_13_04259_dig_simple.png,22,25,13
11_27_45_04260_dig_simple.png,11,27,45
14_08_41_04261_dig_segmented.png,14,8,41
19_19_22_04262_dig_segmented.png,19,19,22
02_51_15_04263_dig_segmented.png,2,51,15
18_50_41_04264_dig_simple.png,18,50,41
15_37_34_04265_dig_lcd.png,15,37,34
07_31_35_04266_dig_segmented.png,7,31,35
14_13_24_04267_dig_lcd.png,14,13,24
00_04_54_04268_dig_simple.png,0,4,54
18_38_25_04269_dig_simple.png,18,38,25
00_51_28_04270_dig_lcd.png,0,51,28
18_18_23_04271_dig_simple.png,18,18,23
08_14_00_04272_dig_segmented.png,8,14,0
00_39_41_04273_dig_simple.png,0,39,41
05_39_33_04274_dig_segmented.png,5,39,33
12_31_05_04275_dig_segmented.png,12,31,5
13_59_19_04276_dig_simple.png,13,59,19
22_25_13_04277_dig_simple.png,22,25,13
11_30_47_04278_dig_simple.png,11,30,47
14_47_02_04279_dig_segmented.png,14,47,2
04_10_12_04280_dig_simple.png,4,10,12
05_13_37_04281_dig_simple.png,5,13,37
14_45_10_04282_dig_segmented.png,14,45,10
07_30_07_04283_dig_simple.png,7,30,7
05_11_01_04284_dig_simple.png,5,11,1
22_25_13_04285_dig_simple.png,22,25,13
23_42_19_04286_dig_lcd.png,23,42,19
14_13_24_04287_dig_simple.png,14,13,24
18_38_25_04288_dig_lcd.png,18,38,25
10_46_50_04289_dig_lcd.png,10,46,50
08_30_31_04290_dig_lcd.png,8,30,31
20_45_06_04291_dig_segmented.png,20,45,6
13_49_04_04292_dig_segmented.png,13,49,4
16_47_14_04293_dig_simple.png,16,47,14
09_26_48_04294_dig_segmented.png,9,26,48
11_07_20_04295_dig_segmented.png,11,7,20
01_36_28_04296_dig_simple.png,1,36,28
03_00_15_04297_dig_simple.png,3,0,15
23_05_22_04298_dig_simple.png,23,5,22
22_36_21_04299_dig_simple.png,22,36,21
02_36_30_04300_dig_segmented.png,2,36,30
16_47_14_04301_dig_simple.png,16,47,14
21_40_52_04302_dig_segmented.png,21,40,52
23_52_13_04303_dig_segmented.png,23,52,13
14_55_35_04304_dig_segmented.png,14,55,35
11_50_35_04305_dig_simple.png,11,50,35
06_43_48_04306_dig_simple.png,6,43,48
01_56_19_04307_dig_segmented.png,1,56,19
17_46_41_04308_dig_lcd.png,17,46,41
21_53_18_04309_dig_segmented.png,21,53,18
06_43_48_04310_dig_lcd.png,6,43,48
22_36_21_04311_dig_segmented.png,22,36,21
03_47_17_04312_dig_segmented.png,3,47,17
05_13_37_04313_dig_simple.png,5,13,37
03_52_44_04314_dig_lcd.png,3,52,44
07_53_26_04315_dig_simple.png,7,53,26
14_57_18_04316_dig_segmented.png,14,57,18
10_52_44_04317_dig_segmented.png,10,52,44
06_40_54_04318_dig_lcd.png,6,40,54
22_12_38_04319_dig_lcd.png,22,12,38
18_52_32_04320_dig_segmented.png,18,52,32
09_47_10_04321_dig_segmented.png,9,47,10
02_34_16_04322_dig_segmented.png,2,34,16
14_47_36_04323_dig_segmented.png,14,47,36
02_29_53_04324_dig_simple.png,2,29,53
19_19_22_04325_dig_segmented.png,19,19,22
04_26_43_04326_dig_segmented.png,4,26,43
20_06_41_04327_dig_segmented.png,20,6,41
02_52_52_04328_dig_simple.png,2,52,52
18_25_47_04329_dig_simple.png,18,25,47
00_20_08_04330_dig_lcd.png,0,20,8
18_40_32_04331_dig_segmented.png,18,40,32
09_36_41_04332_dig_segmented.png,9,36,41
14_42_57_04333_dig_simple.png,14,42,57
12_21_40_04334_dig_segmented.png,12,21,40
17_51_55_04335_dig_simple.png,17,51,55
06_28_54_04336_dig_segmented.png,6,28,54
17_40_48_04337_dig_lcd.png,17,40,48
05_55_57_04338_dig_simple.png,5,55,57
19_05_53_04339_dig_lcd.png,19,5,53
02_53_31_04340_dig_simple.png,2,53,31
00_04_03_04341_dig_lcd.png,0,4,3
22_36_21_04342_dig_lcd.png,22,36,21
23_04_31_04343_dig_lcd.png,23,4,31
02_55_46_04344_dig_simple.png,2,55,46
10_23_40_04345_dig_lcd.png,10,23,40
12_08_40_04346_dig_simple.png,12,8,40
09_12_03_04347_dig_lcd.png,9,12,3
07_39_50_04348_dig_segmented.png,7,39,50
10_47_21_04349_dig_simple.png,10,47,21
03_18_42_04350_dig_segmented.png,3,18,42
22_09_26_04351_dig_simple.png,22,9,26
00_51_44_04352_dig_lcd.png,0,51,44
09_40_41_04353_dig_segmented.png,9,40,41
01_12_27_04354_dig_lcd.png,1,12,27
07_04_02_04355_dig_lcd.png,7,4,2
00_04_03_04356_dig_segmented.png,0,4,3
13_37_42_04357_dig_simple.png,13,37,42
15_58_20_04358_dig_simple.png,15,58,20
18_28_43_04359_dig_lcd.png,18,28,43
02_34_16_04360_dig_segmented.png,2,34,16
22_47_09_04361_dig_lcd.png,22,47,9
17_37_04_04362_dig_segmented.png,17,37,4
09_11_53_04363_dig_segmented.png,9,11,53
14_04_48_04364_dig_lcd.png,14,4,48
04_09_44_04365_dig_simple.png,4,9,44
16_59_01_04366_dig_segmented.png,16,59,1
08_21_19_04367_dig_simple.png,8,21,19
20_16_08_04368_dig_simple.png,20,16,8
06_12_22_04369_dig_segmented.png,6,12,22
09_11_53_04370_dig_lcd.png,9,11,53
12_49_52_04371_dig_segmented.png,12,49,52
21_42_27_04372_dig_simple.png,21,42,27
06_40_54_04373_dig_simple.png,6,40,54
03_21_56_04374_dig_simple.png,3,21,56
20_58_06_04375_dig_simple.png,20,58,6
18_38_25_04376_dig_simple.png,18,38,25
08_50_39_04377_dig_simple.png,8,50,39
16_17_10_04378_dig_lcd.png,16,17,10
10_15_33_04379_dig_segmented.png,10,15,33
04_46_20_04380_dig_segmented.png,4,46,20
15_03_16_04381_dig_simple.png,15,3,16
20_09_28_04382_dig_lcd.png,20,9,28
15_49_16_04383_dig_segmented.png,15,49,16
05_03_00_04384_dig_lcd.png,5,3,0
07_53_31_04385_dig_segmented.png,7,53,31
15_03_16_04386_dig_simple.png,15,3,16
09_42_38_04387_dig_simple.png,9,42,38
11_20_01_04388_dig_segmented.png,11,20,1
18_38_25_04389_dig_segmented.png,18,38,25
16_07_40_04390_dig_simple.png,16,7,40
14_19_20_04391_dig_segmented.png,14,19,20
09_57_20_04392_dig_segmented.png,9,57,20
17_34_15_04393_dig_simple.png,17,34,15
20_55_15_04394_dig_lcd.png,20,55,15
10_10_27_04395_dig_segmented.png,10,10,27
16_52_36_04396_dig_segmented.png,16,52,36
17_38_11_04397_dig_lcd.png,17,38,11
22_57_39_04398_dig_simple.png,22,57,39
07_35_43_04399_dig_lcd.png,7,35,43
00_28_30_04400_dig_simple.png,0,28,30
09_18_05_04401_dig_segmented.png,9,18,5
06_55_06_04402_dig_simple.png,6,55,6
14_55_35_04403_dig_segmented.png,14,55,35
07_35_43_04404_dig_segmented.png,7,35,43
07_04_02_04405_dig_lcd.png,7,4,2
00_37_50_04406_dig_lcd.png,0,37,50
21_34_02_04407_dig_segmented.png,21,34,2
23_56_12_04408_dig_segmented.png,23,56,12
02_51_15_04409_dig_segmented.png,2,51,15
22_06_19_04410_dig_simple.png,22,6,19
19_05_53_04411_dig_lcd.png,19,5,53
18_18_12_04412_dig_segmented.png,18,18,12
18_38_08_04413_dig_lcd.png,18,38,8
08_40_04_04414_dig_segmented.png,8,40,4
20_09_28_04415_dig_simple.png,20,9,28
05_03_00_04416_dig_segmented.png,5,3,0
14_57_18_04417_dig_lcd.png,14,57,18
16_57_56_04418_dig_simple.png,16,57,56
09_57_20_04419_dig_segmented.png,9,57,20
14_10_37_04420_dig_segmented.png,14,10,37
23_04_31_04421_dig_segmented.png,23,4,31
17_40_28_04422_dig_simple.png,17,40,28
20_32_18_04423_dig_segmented.png,20,32,18
06_48_42_04424_dig_lcd.png,6,48,42
10_15_33_04425_dig_segmented.png,10,15,33
14_43_52_04426_dig_lcd.png,14,43,52
20_55_15_04427_dig_simple.png,20,55,15
03_48_59_04428_dig_simple.png,3,48,59
21_11_07_04429_dig_segmented.png,21,11,7
22_51_43_04430_dig_segmented.png,22,51,43
23_05_22_04431_dig_lcd.png,23,5,22
14_03_12_04432_dig_simple.png,14,3,12
10_23_40_04433_dig_segmented.png,10,23,40
02_36_42_04434_dig_lcd.png,2,36,42
02_50_55_04435_dig_segmented.png,2,50,55
23_23_55_04436_dig_lcd.png,23,23,55
06_38_49_04437_dig_simple.png,6,38,49
20_42_24_04438_dig_segmented.png,20,42,24
10_59_06_04439_dig_lcd.png,10,59,6
08_39_26_04440_dig_segmented.png,8,39,26
05_55_57_04441_dig_segmented.png,5,55,57
14_42_57_04442_dig_segmented.png,14,42,57
17_40_48_04443_dig_lcd.png,17,40,48
20_16_08_04444_dig_simple.png,20,16,8
10_25_14_04445_dig_simple.png,10,25,14
07_35_43_04446_dig_lcd.png,7,35,43
20_54_43_04447_dig_lcd.png,20,54,43
05_11_01_04448_dig_simple.png,5,11,1
07_35_06_04449_dig_lcd.png,7,35,6
05_27_42_04450_dig_segmented.png,5,27,42
02_56_16_04451_dig_segmented.png,2,56,16
09_39_15_04452_dig_lcd.png,9,39,15
16_24_47_04453_dig_segmented.png,16,24,47
21_40_08_04454_dig_segmented.png,21,40,8
20_32_18_04455_dig_segmented.png,20,32,18
13_16_06_04456_dig_simple.png,13,16,6
11_49_25_04457_dig_lcd.png,11,49,25
06_12_22_04458_dig_segmented.png,6,12,22
14_54_25_04459_dig_segmented.png,14,54,25
21_28_01_04460_dig_segmented.png,21,28,1
14_15_51_04461_dig_simple.png,14,15,51
21_42_27_04462_dig_simple.png,21,42,27
13_37_42_04463_dig_segmented.png,13,37,42
13_49_04_04464_dig_segmented.png,13,49,4
08_48_26_04465_dig_segmented.png,8,48,26
06_12_22_04466_dig_lcd.png,6,12,22
00_13_06_04467_dig_lcd.png,0,13,6
09_23_19_04468_dig_simple.png,9,23,19
07_14_16_04469_dig_segmented.png,7,14,16
15_49_16_04470_dig_lcd.png,15,49,16
18_45_16_04471_dig_simple.png,18,45,16
20_19_30_04472_dig_simple.png,20,19,30
22_06_19_04473_dig_segmented.png,22,6,19
08_22_04_04474_dig_segmented.png,8,22,4
12_29_08_04475_dig_lcd.png,12,29,8
03_18_42_04476_dig_simple.png,3,18,42
22_59_32_04477_dig_lcd.png,22,59,32
20_09_28_04478_dig_lcd.png,20,9,28
08_37_16_04479_dig_lcd.png,8,37,16
09_23_44_04480_dig_lcd.png,9,23,44
11_14_45_04481_dig_lcd.png,11,14,45
09_36_41_04482_dig_segmented.png,9,36,41
00_37_50_04483_dig_simple.png,0,37,50
10_35_40_04484_dig_simple.png,10,35,40
10_52_44_04485_dig_simple.png,10,52,44
07_14_16_04486_dig_lcd.png,7,14,16
14_11_40_04487_dig_segmented.png,14,11,40
22_47_09_04488_dig_simple.png,22,47,9
04_26_43_04489_dig_simple.png,4,26,43
22_47_09_04490_dig_segmented.png,22,47,9
23_05_20_04491_dig_segmented.png,23,5,20
22_59_32_04492_dig_lcd.png,22,59,32
16_28_50_04493_dig_simple.png,16,28,50
02_50_55_04494_dig_lcd.png,2,50,55
23_49_05_04495_dig_lcd.png,23,49,5
05_55_57_04496_dig_simple.png,5,55,57
10_36_47_04497_dig_lcd.png,10,36,47
00_37_50_04498_dig_simple.png,0,37,50
04_26_31_04499_dig_simple.png,4,26,31
00_10_25_04500_dig_lcd.png,0,10,25
22_06_19_04501_dig_lcd.png,22,6,19
19_04_18_04502_dig_simple.png,19,4,18
07_14_16_04503_dig_lcd.png,7,14,16
23_52_13_04504_dig_segmented.png,23,52,13
03_11_04_04505_dig_segmented.png,3,11,4
02_56_16_04506_dig_segmented.png,2,56,16
06_29_58_04507_dig_lcd.png,6,29,58
00_04_22_04508_dig_simple.png,0,4,22
15_16_17_04509_dig_simple.png,15,16,17
07_53_26_04510_dig_lcd.png,7,53,26
01_47_06_04511_dig_lcd.png,1,47,6
01_56_19_04512_dig_segmented.png,1,56,19
04_07_10_04513_dig_simple.png,4,7,10
20_09_28_04514_dig_segmented.png,20,9,28
04_04_05_04515_dig_segmented.png,4,4,5
07_35_43_04516_dig_lcd.png,7,35,43
12_53_11_04517_dig_simple.png,12,53,11
05_21_54_04518_dig_lcd.png,5,21,54
09_36_41_04519_dig_segmented.png,9,36,41
01_16_29_04520_dig_lcd.png,1,16,29
02_34_56_04521_dig_simple.png,2,34,56
13_16_06_04522_dig_segmented.png,13,16,6
04_07_10_04523_dig_segmented.png,4,7,10
03_10_31_04524_dig_segmented.png,3,10,31
15_03_16_04525_dig_lcd.png,15,3,16
00_33_25_04526_dig_segmented.png,0,33,25
04_09_44_04527_dig_simple.png,4,9,44
09_31_45_04528_dig_lcd.png,9,31,45
17_46_41_04529_dig_lcd.png,17,46,41
10_36_47_04530_dig_lcd.png,10,36,47
03_49_41_04531_dig_simple.png,3,49,41
14_08_41_04532_dig_simple.png,14,8,41
07_14_16_04533_dig_segmented.png,7,14,16
09_31_45_04534_dig_simple.png,9,31,45
12_19_40_04535_dig_lcd.png,12,19,40
08_56_12_04536_dig_segmented.png,8,56,12
02_34_56_04537_dig_lcd.png,2,34,56
02_34_16_04538_dig_simple.png,2,34,16
16_59_01_04539_dig_simple.png,16,59,1
21_18_02_04540_dig_simple.png,21,18,2
16_24_47_04541_dig_lcd.png,16,24,47
01_18_51_04542_dig_lcd.png,1,18,51
23_23_55_04543_dig_lcd.png,23,23,55
20_35_14_04544_dig_segmented.png,20,35,14
01_16_29_04545_dig_segmented.png,1,16,29
06_40_54_04546_dig_segmented.png,6,40,54
00_31_55_04547_dig_segmented.png,0,31,55
09_23_44_04548_dig_segmented.png,9,23,44
03_18_42_04549_dig_segmented.png,3,18,42
20_06_38_04550_dig_lcd.png,20,6,38
08_27_44_04551_dig_simple.png,8,27,44
19_10_04_04552_dig_simple.png,19,10,4
05_53_15_04553_dig_simple.png,5,53,15
03_05_48_04554_dig_simple.png,3,5,48
07_01_36_04555_dig_segmented.png,7,1,36
23_29_19_04556_dig_segmented.png,23,29,19
11_22_48_04557_dig_simple.png,11,22,48
09_40_41_04558_dig_simple.png,9,40,41
04_08_49_04559_dig_segmented.png,4,8,49
16_47_14_04560_dig_simple.png,16,47,14
16_12_56_04561_dig_simple.png,16,12,56
05_03_00_04562_dig_lcd.png,5,3,0
20_19_30_04563_dig_lcd.png,20,19,30
12_00_17_04564_dig_simple.png,12,0,17
01_36_28_04565_dig_simple.png,1,36,28
20_19_30_04566_dig_lcd.png,20,19,30
08_47_59_04567_dig_simple.png,8,47,59
20_45_06_04568_dig_simple.png,20,45,6
00_13_06_04569_dig_lcd.png,0,13,6
20_07_54_04570_dig_lcd.png,20,7,54
22_59_32_04571_dig_simple.png,22,59,32
02_51_15_04572_dig_segmented.png,2,51,15
14_53_37_04573_dig_lcd.png,14,53,37
14_43_52_04574_dig_simple.png,14,43,52
01_47_06_04575_dig_simple.png,1,47,6
03_18_42_04576_dig_simple.png,3,18,42
02_53_31_04577_dig_segmented.png,2,53,31
10_52_44_04578_dig_lcd.png,10,52,44
02_50_55_04579_dig_simple.png,2,50,55
13_01_42_04580_dig_simple.png,13,1,42
05_42_51_04581_dig_simple.png,5,42,51
01_24_36_04582_dig_lcd.png,1,24,36
10_10_27_04583_dig_segmented.png,10,10,27
20_42_24_04584_dig_segmented.png,20,42,24
05_55_57_04585_dig_lcd.png,5,55,57
00_13_06_04586_dig_segmented.png,0,13,6
09_11_53_04587_dig_lcd.png,9,11,53
12_00_17_04588_dig_segmented.png,12,0,17
19_05_53_04589_dig_simple.png,19,5,53
22_36_21_04590_dig_simple.png,22,36,21
05_31_08_04591_dig_segmented.png,5,31,8
19_54_10_04592_dig_lcd.png,19,54,10
11_31_18_04593_dig_segmented.png,11,31,18
02_55_46_04594_dig_lcd.png,2,55,46
14_32_15_04595_dig_segmented.png,14,32,15
20_45_07_04596_dig_simple.png,20,45,7
18_28_43_04597_dig_simple.png,18,28,43
13_59_19_04598_dig_segmented.png,13,59,19
20_06_41_04599_dig_segmented.png,20,6,41
10_52_44_04600_dig_simple.png,10,52,44
21_17_20_04601_dig_lcd.png,21,17,20
16_28_50_04602_dig_segmented.png,16,28,50
14_42_57_04603_dig_segmented.png,14,42,57
17_35_38_04604_dig_segmented.png,17,35,38
03_05_38_04605_dig_segmented.png,3,5,38
14_47_02_04606_dig_segmented.png,14,47,2
17_55_33_04607_dig_lcd.png,17,55,33
14_47_02_04608_dig_simple.png,14,47,2
21_18_02_04609_dig_simple.png,21,18,2
13_49_04_04610_dig_segmented.png,13,49,4
06_28_54_04611_dig_segmented.png,6,28,54
17_02_42_04612_dig_lcd.png,17,2,42
23_46_00_04613_dig_simple.png,23,46,0
10_59_06_04614_dig_lcd.png,10,59,6
14_53_37_04615_dig_lcd.png,14,53,37
05_39_33_04616_dig_simple.png,5,39,33
17_34_15_04617_dig_simple.png,17,34,15
18_52_32_04618_dig_segmented.png,18,52,32
20_16_08_04619_dig_lcd.png,20,16,8
08_37_16_04620_dig_segmented.png,8,37,16
00_10_25_04621_dig_lcd.png,0,10,25
08_37_16_04622_dig_segmented.png,8,37,16
07_56_53_04623_dig_segmented.png,7,56,53
03_18_42_04624_dig_lcd.png,3,18,42
05_34_09_04625_dig_simple.png,5,34,9
15_16_17_04626_dig_lcd.png,15,16,17
00_51_44_04627_dig_segmented.png,0,51,44
19_07_46_04628_dig_simple.png,19,7,46
02_56_16_04629_dig_segmented.png,2,56,16
03_52_44_04630_dig_lcd.png,3,52,44
19_07_46_04631_dig_segmented.png,19,7,46
12_12_47_04632_dig_lcd.png,12,12,47
12_31_05_04633_dig_lcd.png,12,31,5
08_59_56_04634_dig_simple.png,8,59,56
18_15_12_04635_dig_segmented.png,18,15,12
00_51_44_04636_dig_segmented.png,0,51,44
16_07_21_04637_dig_simple.png,16,7,21
07_53_53_04638_dig_simple.png,7,53,53
11_25_51_04639_dig_lcd.png,11,25,51
03_12_35_04640_dig_segmented.png,3,12,35
21_11_07_04641_dig_lcd.png,21,11,7
17_14_56_04642_dig_simple.png,17,14,56
12_40_58_04643_dig_lcd.png,12,40,58
17_09_36_04644_dig_simple.png,17,9,36
15_02_01_04645_dig_segmented.png,15,2,1
16_43_44_04646_dig_segmented.png,16,43,44
13_59_19_04647_dig_segmented.png,13,59,19
10_59_06_04648_dig_segmented.png,10,59,6
09_23_44_04649_dig_simple.png,9,23,44
21_22_59_04650_dig_segmented.png,21,22,59
08_39_26_04651_dig_simple.png,8,39,26
23_05_20_04652_dig_lcd.png,23,5,20
23_52_07_04653_dig_segmented.png,23,52,7
03_10_31_04654_dig_lcd.png,3,10,31
10_23_40_04655_dig_segmented.png,10,23,40
21_53_18_04656_dig_lcd.png,21,53,18
00_18_41_04657_dig_lcd.png,0,18,41
00_04_22_04658_dig_lcd.png,0,4,22
01_24_36_04659_dig_lcd.png,1,24,36
02_36_30_04660_dig_segmented.png,2,36,30
20_55_15_04661_dig_segmented.png,20,55,15
01_16_29_04662_dig_segmented.png,1,16,29
04_22_09_04663_dig_lcd.png,4,22,9
08_37_16_04664_dig_segmented.png,8,37,16
09_14_11_04665_dig_lcd.png,9,14,11
14_19_20_04666_dig_lcd.png,14,19,20
22_47_09_04667_dig_lcd.png,22,47,9
15_18_44_04668_dig_lcd.png,15,18,44
04_08_19_04669_dig_lcd.png,4,8,19
14_28_31_04670_dig_segmented.png,14,28,31
10_25_14_04671_dig_simple.png,10,25,14
11_49_25_04672_dig_lcd.png,11,49,25
14_15_51_04673_dig_simple.png,14,15,51
07_35_06_04674_dig_simple.png,7,35,6
14_54_40_04675_dig_lcd.png,14,54,40
15_02_01_04676_dig_lcd.png,15,2,1
02_54_31_04677_dig_segmented.png,2,54,31
04_04_05_04678_dig_lcd.png,4,4,5
02_51_15_04679_dig_segmented.png,2,51,15
10_46_50_04680_dig_simple.png,10,46,50
20_16_08_04681_dig_segmented.png,20,16,8
15_27_41_04682_dig_segmented.png,15,27,41
03_12_35_04683_dig_simple.png,3,12,35
03_47_17_04684_dig_lcd.png,3,47,17
09_18_05_04685_dig_segmented.png,9,18,5
09_42_38_04686_dig_simple.png,9,42,38
02_50_09_04687_dig_simple.png,2,50,9
12_29_08_04688_dig_simple.png,12,29,8
22_06_19_04689_dig_simple.png,22,6,19
11_14_45_04690_dig_simple.png,11,14,45
03_05_38_04691_dig_simple.png,3,5,38
13_49_04_04692_dig_segmented.png,13,49,4
02_53_31_04693_dig_lcd.png,2,53,31
04_46_20_04694_dig_segmented.png,4,46,20
14_03_12_04695_dig_lcd.png,14,3,12
14_54_40_04696_dig_segmented.png,14,54,40
11_36_55_04697_dig_segmented.png,11,36,55
11_36_55_04698_dig_lcd.png,11,36,55
18_45_16_04699_dig_simple.png,18,45,16
08_01_35_04700_dig_lcd.png,8,1,35
14_42_57_04701_dig_simple.png,14,42,57
16_44_25_04702_dig_lcd.png,16,44,25
00_31_55_04703_dig_simple.png,0,31,55
13_45_41_04704_dig_segmented.png,13,45,41
00_32_38_04705_dig_simple.png,0,32,38
22_51_43_04706_dig_simple.png,22,51,43
00_37_50_04707_dig_simple.png,0,37,50
01_56_19_04708_dig_lcd.png,1,56,19
03_17_00_04709_dig_segmented.png,3,17,0
05_21_54_04710_dig_simple.png,5,21,54
23_23_55_04711_dig_lcd.png,23,23,55
00_37_50_04712_dig_segmented.png,0,37,50
05_23_16_04713_dig_simple.png,5,23,16
09_57_20_04714_dig_simple.png,9,57,20
09_20_39_04715_dig_lcd.png,9,20,39
06_48_03_04716_dig_lcd.png,6,48,3
00_08_23_04717_dig_simple.png,0,8,23
21_13_47_04718_dig_segmented.png,21,13,47
03_21_56_04719_dig_segmented.png,3,21,56
21_53_18_04720_dig_segmented.png,21,53,18
08_56_12_04721_dig_segmented.png,8,56,12
14_47_02_04722_dig_segmented.png,14,47,2
00_31_55_04723_dig_simple.png,0,31,55
21_22_59_04724_dig_lcd.png,21,22,59
00_51_44_04725_dig_lcd.png,0,51,44
13_52_55_04726_dig_lcd.png,13,52,55
06_32_17_04727_dig_segmented.png,6,32,17
07_30_07_04728_dig_lcd.png,7,30,7
15_02_01_04729_dig_simple.png,15,2,1
15_58_20_04730_dig_segmented.png,15,58,20
12_13_30_04731_dig_simple.png,12,13,30
00_15_13_04732_dig_lcd.png,0,15,13
04_37_14_04733_dig_lcd.png,4,37,14
09_04_24_04734_dig_lcd.png,9,4,24
11_49_25_04735_dig_simple.png,11,49,25
12_19_40_04736_dig_segmented.png,12,19,40
17_09_36_04737_dig_simple.png,17,9,36
14_54_40_04738_dig_segmented.png,14,54,40
14_55_35_04739_dig_segmented.png,14,55,35
23_52_13_04740_dig_segmented.png,23,52,13
01_41_02_04741_dig_simple.png,1,41,2
13_59_19_04742_dig_segmented.png,13,59,19
01_16_29_04743_dig_lcd.png,1,16,29
10_32_29_04744_dig_lcd.png,10,32,29
14_29_52_04745_dig_simple.png,14,29,52
14_29_52_04746_dig_segmented.png,14,29,52
18_52_32_04747_dig_simple.png,18,52,32
10_52_44_04748_dig_segmented.png,10,52,44
02_55_46_04749_dig_simple.png,2,55,46
09_12_03_04750_dig_simple.png,9,12,3
03_18_42_04751_dig_segmented.png,3,18,42
18_09_10_04752_dig_segmented.png,18,9,10
00_39_41_04753_dig_lcd.png,0,39,41
17_14_56_04754_dig_segmented.png,17,14,56
07_44_16_04755_dig_lcd.png,7,44,16
18_18_12_04756_dig_lcd.png,18,18,12
03_05_48_04757_dig_lcd.png,3,5,48
20_19_30_04758_dig_segmented.png,20,19,30
13_12_20_04759_dig_simple.png,13,12,20
07_53_26_04760_dig_lcd.png,7,53,26
23_05_20_04761_dig_simple.png,23,5,20
12_19_40_04762_dig_simple.png,12,19,40
12_49_52_04763_dig_simple.png,12,49,52
14_29_52_04764_dig_segmented.png,14,29,52
13_41_26_04765_dig_segmented.png,13,41,26
16_04_31_04766_dig_segmented.png,16,4,31
08_36_49_04767_dig_simple.png,8,36,49
17_55_33_04768_dig_simple.png,17,55,33
09_36_41_04769_dig_simple.png,9,36,41
13_42_00_04770_dig_lcd.png,13,42,0
03_18_42_04771_dig_lcd.png,3,18,42
20_54_43_04772_dig_lcd.png,20,54,43
09_11_53_04773_dig_segmented.png,9,11,53
20_35_14_04774_dig_simple.png,20,35,14
00_18_33_04775_dig_segmented.png,0,18,33
19_01_51_04776_dig_segmented.png,19,1,51
02_52_52_04777_dig_segmented.png,2,52,52
18_45_16_04778_dig_simple.png,18,45,16
16_14_11_04779_dig_simple.png,16,14,11
04_08_49_04780_dig_simple.png,4,8,49
09_26_48_04781_dig_simple.png,9,26,48
08_37_16_04782_dig_simple.png,8,37,16
00_15_13_04783_dig_segmented.png,0,15,13
13_42_00_04784_dig_lcd.png,13,42,0
13_42_00_04785_dig_simple.png,13,42,0
01_18_51_04786_dig_simple.png,1,18,51
01_40_27_04787_dig_segmented.png,1,40,27
08_27_44_04788_dig_lcd.png,8,27,44
12_00_17_04789_dig_lcd.png,12,0,17
04_46_20_04790_dig_segmented.png,4,46,20
20_06_38_04791_dig_segmented.png,20,6,38
19_35_27_04792_dig_segmented.png,19,35,27
09_57_20_04793_dig_simple.png,9,57,20
23_44_31_04794_dig_lcd.png,23,44,31
23_29_19_04795_dig_segmented.png,23,29,19
17_22_45_04796_dig_lcd.png,17,22,45
19_31_41_04797_dig_segmented.png,19,31,41
10_10_27_04798_dig_segmented.png,10,10,27
09_12_03_04799_dig_lcd.png,9,12,3
03_05_48_04800_dig_lcd.png,3,5,48
04_58_22_04801_dig_lcd.png,4,58,22
08_37_16_04802_dig_simple.png,8,37,16
04_12_04_04803_dig_segmented.png,4,12,4
16_24_47_04804_dig_lcd.png,16,24,47
21_28_01_04805_dig_segmented.png,21,28,1
18_38_08_04806_dig_simple.png,18,38,8
06_48_42_04807_dig_simple.png,6,48,42
09_26_48_04808_dig_segmented.png,9,26,48
18_25_47_04809_dig_segmented.png,18,25,47
08_56_12_04810_dig_simple.png,8,56,12
01_47_06_04811_dig_lcd.png,1,47,6
06_29_58_04812_dig_segmented.png,6,29,58
00_31_55_04813_dig_lcd.png,0,31,55
11_30_47_04814_dig_simple.png,11,30,47
04_37_14_04815_dig_simple.png,4,37,14
04_58_22_04816_dig_lcd.png,4,58,22
18_50_41_04817_dig_simple.png,18,50,41
21_23_29_04818_dig_simple.png,21,23,29
19_54_10_04819_dig_simple.png,19,54,10
02_34_16_04820_dig_simple.png,2,34,16
05_11_01_04821_dig_simple.png,5,11,1
18_15_12_04822_dig_lcd.png,18,15,12
20_55_15_04823_dig_simple.png,20,55,15
01_16_29_04824_dig_lcd.png,1,16,29
02_29_53_04825_dig_segmented.png,2,29,53
18_38_25_04826_dig_segmented.png,18,38,25
20_32_18_04827_dig_simple.png,20,32,18
22_36_21_04828_dig_simple.png,22,36,21
11_32_04_04829_dig_simple.png,11,32,4
11_36_55_04830_dig_segmented.png,11,36,55
05_53_15_04831_dig_simple.png,5,53,15
02_50_55_04832_dig_segmented.png,2,50,55
04_10_12_04833_dig_lcd.png,4,10,12
03_42_31_04834_dig_lcd.png,3,42,31
18_52_32_04835_dig_segmented.png,18,52,32
05_11_01_04836_dig_lcd.png,5,11,1
23_42_19_04837_dig_simple.png,23,42,19
09_26_48_04838_dig_simple.png,9,26,48
10_35_40_04839_dig_lcd.png,10,35,40
08_56_12_04840_dig_segmented.png,8,56,12
08_14_00_04841_dig_simple.png,8,14,0
10_47_42_04842_dig_lcd.png,10,47,42
21_28_01_04843_dig_simple.png,21,28,1
03_37_06_04844_dig_simple.png,3,37,6
20_19_30_04845_dig_segmented.png,20,19,30
05_53_20_04846_dig_lcd.png,5,53,20
23_05_22_04847_dig_lcd.png,23,5,22
22_55_28_04848_dig_lcd.png,22,55,28
04_16_32_04849_dig_simple.png,4,16,32
05_34_09_04850_dig_simple.png,5,34,9
01_41_02_04851_dig_simple.png,1,41,2
09_40_41_04852_dig_segmented.png,9,40,41
22_10_28_04853_dig_simple.png,22,10,28
10_08_36_04854_dig_lcd.png,10,8,36
10_52_44_04855_dig_simple.png,10,52,44
22_25_13_04856_dig_segmented.png,22,25,13
09_12_03_04857_dig_simple.png,9,12,3
12_34_14_04858_dig_segmented.png,12,34,14
01_26_54_04859_dig_lcd.png,1,26,54
08_27_22_04860_dig_lcd.png,8,27,22
00_51_14_04861_dig_simple.png,0,51,14
21_18_02_04862_dig_lcd.png,21,18,2
17_09_36_04863_dig_simple.png,17,9,36
15_41_24_04864_dig_simple.png,15,41,24
11_50_35_04865_dig_simple.png,11,50,35
16_57_56_04866_dig_simple.png,16,57,56
11_19_58_04867_dig_segmented.png,11,19,58
23_54_03_04868_dig_lcd.png,23,54,3
20_07_54_04869_dig_simple.png,20,7,54
00_08_23_04870_dig_simple.png,0,8,23
10_32_29_04871_dig_segmented.png,10,32,29
18_12_37_04872_dig_lcd.png,18,12,37
00_04_22_04873_dig_segmented.png,0,4,22
21_35_30_04874_dig_segmented.png,21,35,30
10_47_21_04875_dig_lcd.png,10,47,21
00_32_38_04876_dig_lcd.png,0,32,38
09_23_44_04877_dig_simple.png,9,23,44
10_06_39_04878_dig_simple.png,10,6,39
17_38_11_04879_dig_simple.png,17,38,11
00_04_22_04880_dig_segmented.png,0,4,22
14_57_18_04881_dig_lcd.png,14,57,18
05_34_09_04882_dig_lcd.png,5,34,9
10_03_25_04883_dig_lcd.png,10,3,25
02_50_55_04884_dig_simple.png,2,50,55
12_08_40_04885_dig_simple.png,12,8,40
19_12_53_04886_dig_lcd.png,19,12,53
03_12_55_04887_dig_simple.png,3,12,55
02_34_16_04888_dig_segmented.png,2,34,16
06_38_49_04889_dig_simple.png,6,38,49
08_59_56_04890_dig_lcd.png,8,59,56
03_37_06_04891_dig_simple.png,3,37,6
16_44_25_04892_dig_segmented.png,16,44,25
07_44_16_04893_dig_lcd.png,7,44,16
05_03_00_04894_dig_lcd.png,5,3,0
16_35_38_04895_dig_segmented.png,16,35,38
08_27_44_04896_dig_lcd.png,8,27,44
00_04_03_04897_dig_simple.png,0,4,3
11_22_48_04898_dig_segmented.png,11,22,48
16_35_38_04899_dig_lcd.png,16,35,38
20_45_07_04900_dig_lcd.png,20,45,7
11_34_46_04901_dig_simple.png,11,34,46
20_19_30_04902_dig_simple.png,20,19,30
20_54_43_04903_dig_segmented.png,20,54,43
03_06_14_04904_dig_lcd.png,3,6,14
03_29_12_04905_dig_segmented.png,3,29,12
05_34_09_04906_dig_lcd.png,5,34,9
13_49_04_04907_dig_segmented.png,13,49,4
13_41_26_04908_dig_simple.png,13,41,26
16_07_40_04909_dig_simple.png,16,7,40
08_27_44_04910_dig_simple.png,8,27,44
16_14_11_04911_dig_simple.png,16,14,11
10_08_36_04912_dig_simple.png,10,8,36
00_31_55_04913_dig_segmented.png,0,31,55
23_05_20_04914_dig_lcd.png,23,5,20
15_27_41_04915_dig_simple.png,15,27,41
22_59_32_04916_dig_simple.png,22,59,32
07_39_50_04917_dig_simple.png,7,39,50
14_03_12_04918_dig_lcd.png,14,3,12
20_58_06_04919_dig_segmented.png,20,58,6
03_52_44_04920_dig_lcd.png,3,52,44
19_31_41_04921_dig_simple.png,19,31,41
03_11_04_04922_dig_segmented.png,3,11,4
11_02_54_04923_dig_lcd.png,11,2,54
19_10_04_04924_dig_simple.png,19,10,4
22_10_28_04925_dig_lcd.png,22,10,28
20_55_15_04926_dig_lcd.png,20,55,15
19_10_04_04927_dig_simple.png,19,10,4
22_51_43_04928_dig_lcd.png,22,51,43
20_54_43_04929_dig_lcd.png,20,54,43
08_27_44_04930_dig_simple.png,8,27,44
18_45_16_04931_dig_lcd.png,18,45,16
02_55_46_04932_dig_lcd.png,2,55,46
01_09_35_04933_dig_lcd.png,1,9,35
16_35_38_04934_dig_simple.png,16,35,38
01_36_28_04935_dig_segmented.png,1,36,28
16_47_14_04936_dig_segmented.png,16,47,14
12_24_07_04937_dig_lcd.png,12,24,7
21_17_20_04938_dig_segmented.png,21,17,20
23_23_55_04939_dig_segmented.png,23,23,55
18_38_25_04940_dig_simple.png,18,38,25
23_56_12_04941_dig_simple.png,23,56,12
21_15_10_04942_dig_segmented.png,21,15,10
21_15_10_04943_dig_lcd.png,21,15,10
11_19_58_04944_dig_lcd.png,11,19,58
04_33_29_04945_dig_segmented.png,4,33,29
11_07_20_04946_dig_lcd.png,11,7,20
08_48_26_04947_dig_simple.png,8,48,26
03_49_41_04948_dig_simple.png,3,49,41
02_04_41_04949_dig_simple.png,2,4,41
16_17_10_04950_dig_lcd.png,16,17,10
07_53_31_04951_dig_segmented.png,7,53,31
08_27_22_04952_dig_lcd.png,8,27,22
07_35_06_04953_dig_segmented.png,7,35,6
01_09_35_04954_dig_segmented.png,1,9,35
14_19_20_04955_dig_segmented.png,14,19,20
17_38_11_04956_dig_lcd.png,17,38,11
14_32_15_04957_dig_simple.png,14,32,15
20_06_41_04958_dig_simple.png,20,6,41
00_18_41_04959_dig_lcd.png,0,18,41
11_31_18_04960_dig_simple.png,11,31,18
04_12_04_04961_dig_lcd.png,4,12,4
11_20_01_04962_dig_simple.png,11,20,1
05_53_20_04963_dig_segmented.png,5,53,20
15_02_01_04964_dig_segmented.png,15,2,1
14_47_36_04965_dig_simple.png,14,47,36
14_15_51_04966_dig_segmented.png,14,15,51
02_53_31_04967_dig_lcd.png,2,53,31
00_23_21_04968_dig_simple.png,0,23,21
18_18_12_04969_dig_simple.png,18,18,12
11_34_46_04970_dig_simple.png,11,34,46
20_16_08_04971_dig_simple.png,20,16,8
10_59_06_04972_dig_simple.png,10,59,6
02_50_55_04973_dig_simple.png,2,50,55
22_47_09_04974_dig_simple.png,22,47,9
13_45_41_04975_dig_segmented.png,13,45,41
03_47_17_04976_dig_segmented.png,3,47,17
14_28_31_04977_dig_segmented.png,14,28,31
01_26_54_04978_dig_lcd.png,1,26,54
07_53_31_04979_dig_simple.png,7,53,31
08_01_35_04980_dig_lcd.png,8,1,35
08_27_22_04981_dig_segmented.png,8,27,22
01_40_27_04982_dig_lcd.png,1,40,27
04_26_43_04983_dig_segmented.png,4,26,43
01_59_20_04984_dig_lcd.png,1,59,20
01_09_35_04985_dig_lcd.png,1,9,35
06_33_33_04986_dig_segmented.png,6,33,33
08_56_12_04987_dig_simple.png,8,56,12
00_13_06_04988_dig_segmented.png,0,13,6
00_51_14_04989_dig_simple.png,0,51,14
18_40_32_04990_dig_segmented.png,18,40,32
08_01_35_04991_dig_lcd.png,8,1,35
01_26_54_04992_dig_segmented.png,1,26,54
21_40_52_04993_dig_segmented.png,21,40,52
01_47_06_04994_dig_lcd.png,1,47,6
16_52_36_04995_dig_segmented.png,16,52,36
17_44_32_04996_dig_simple.png,17,44,32
08_37_16_04997_dig_lcd.png,8,37,16
02_34_56_04998_dig_lcd.png,2,34,56
11_27_45_04999_dig_simple.png,11,27,45
05_34_09_05000_dig_segmented.png,5,34,9
18_18_12_05001_dig_simple.png,18,18,12
23_52_07_05002_dig_segmented.png,23,52,7
10_25_14_05003_dig_lcd.png,10,25,14
12_00_17_05004_dig_segmented.png,12,0,17
10_23_40_05005_dig_lcd.png,10,23,40
21_04_16_05006_dig_segmented.png,21,4,16
00_04_20_05007_dig_segmented.png,0,4,20
15_16_17_05008_dig_simple.png,15,16,17
02_36_34_05009_dig_simple.png,2,36,34
09_40_41_05010_dig_segmented.png,9,40,41
10_46_50_05011_dig_lcd.png,10,46,50
19_12_53_05012_dig_lcd.png,19,12,53
21_18_02_05013_dig_segmented.png,21,18,2
05_31_08_05014_dig_segmented.png,5,31,8
08_48_26_05015_dig_segmented.png,8,48,26
07_53_26_05016_dig_segmented.png,7,53,26
12_49_52_05017_dig_segmented.png,12,49,52
08_40_04_05018_dig_segmented.png,8,40,4
09_24_56_05019_dig_lcd.png,9,24,56
08_40_04_05020_dig_segmented.png,8,40,4
06_21_06_05021_dig_lcd.png,6,21,6
06_37_18_05022_dig_segmented.png,6,37,18
17_37_04_05023_dig_segmented.png,17,37,4
05_13_37_05024_dig_simple.png,5,13,37
21_42_27_05025_dig_simple.png,21,42,27
06_55_06_05026_dig_lcd.png,6,55,6
00_04_03_05027_dig_lcd.png,0,4,3
14_42_57_05028_dig_simple.png,14,42,57
05_53_20_05029_dig_lcd.png,5,53,20
00_04_54_05030_dig_lcd.png,0,4,54
06_43_48_05031_dig_segmented.png,6,43,48
16_14_11_05032_dig_segmented.png,16,14,11
21_40_52_05033_dig_simple.png,21,40,52
18_28_43_05034_dig_segmented.png,18,28,43
13_01_42_05035_dig_simple.png,13,1,42
05_23_16_05036_dig_simple.png,5,23,16
11_03_25_05037_dig_simple.png,11,3,25
00_31_55_05038_dig_segmented.png,0,31,55
13_38_53_05039_dig_lcd.png,13,38,53
14_42_57_05040_dig_segmented.png,14,42,57
14_03_12_05041_dig_lcd.png,14,3,12
17_55_33_05042_dig_simple.png,17,55,33
02_53_31_05043_dig_simple.png,2,53,31
14_16_23_05044_dig_simple.png,14,16,23
02_50_55_05045_dig_segmented.png,2,50,55
11_14_45_05046_dig_simple.png,11,14,45
17_51_55_05047_dig_simple.png,17,51,55
00_51_14_05048_dig_segmented.png,0,51,14
18_01_22_05049_dig_simple.png,18,1,22
02_36_34_05050_dig_segmented.png,2,36,34
17_09_36_05051_dig_simple.png,17,9,36
04_22_09_05052_dig_lcd.png,4,22,9
23_49_05_05053_dig_simple.png,23,49,5
16_28_50_05054_dig_lcd.png,16,28,50
02_55_46_05055_dig_segmented.png,2,55,46
04_12_04_05056_dig_segmented.png,4,12,4
13_39_44_05057_dig_simple.png,13,39,44
12_55_37_05058_dig_segmented.png,12,55,37
17_50_47_05059_dig_lcd.png,17,50,47
10_46_50_05060_dig_simple.png,10,46,50
20_35_14_05061_dig_segmented.png,20,35,14
09_18_05_05062_dig_segmented.png,9,18,5
01_47_06_05063_dig_lcd.png,1,47,6
15_49_16_05064_dig_lcd.png,15,49,16
22_59_32_05065_dig_segmented.png,22,59,32
10_03_25_05066_dig_lcd.png,10,3,25
16_07_40_05067_dig_segmented.png,16,7,40
18_45_16_05068_dig_simple.png,18,45,16
04_51_02_05069_dig_segmented.png,4,51,2
21_13_47_05070_dig_lcd.png,21,13,47
22_32_24_05071_dig_lcd.png,22,32,24
11_14_45_05072_dig_simple.png,11,14,45
22_12_38_05073_dig_simple.png,22,12,38
11_25_51_05074_dig_segmented.png,11,25,51
06_40_54_05075_dig_segmented.png,6,40,54
04_07_10_05076_dig_segmented.png,4,7,10
02_04_41_05077_dig_simple.png,2,4,41
17_40_28_05078_dig_simple.png,17,40,28
18_28_43_05079_dig_simple.png,18,28,43
08_27_22_05080_dig_lcd.png,8,27,22
03_47_17_05081_dig_lcd.png,3,47,17
17_46_41_05082_dig_simple.png,17,46,41
23_49_49_05083_dig_segmented.png,23,49,49
22_25_13_05084_dig_segmented.png,22,25,13
18_40_32_05085_dig_segmented.png,18,40,32
23_49_05_05086_dig_simple.png,23,49,5
03_29_12_05087_dig_segmented.png,3,29,12
03_12_53_05088_dig_segmented.png,3,12,53
21_22_59_05089_dig_lcd.png,21,22,59
12_35_28_05090_dig_simple.png,12,35,28
12_00_17_05091_dig_lcd.png,12,0,17
09_04_24_05092_dig_segmented.png,9,4,24
05_06_46_05093_dig_simple.png,5,6,46
19_05_53_05094_dig_simple.png,19,5,53
03_29_12_05095_dig_lcd.png,3,29,12
03_37_06_05096_dig_segmented.png,3,37,6
16_17_10_05097_dig_segmented.png,16,17,10
10_08_36_05098_dig_segmented.png,10,8,36
12_55_50_05099_dig_lcd.png,12,55,50
15_18_44_05100_dig_lcd.png,15,18,44
21_35_30_05101_dig_segmented.png,21,35,30
12_55_50_05102_dig_segmented.png,12,55,50
05_21_54_05103_dig_lcd.png,5,21,54
01_40_27_05104_dig_simple.png,1,40,27
21_22_59_05105_dig_simple.png,21,22,59
12_03_47_05106_dig_simple.png,12,3,47
06_43_48_05107_dig_lcd.png,6,43,48
17_34_15_05108_dig_simple.png,17,34,15
14_43_52_05109_dig_simple.png,14,43,52
09_43_20_05110_dig_lcd.png,9,43,20
15_14_08_05111_dig_simple.png,15,14,8
21_23_29_05112_dig_segmented.png,21,23,29
06_40_54_05113_dig_segmented.png,6,40,54
11_34_46_05114_dig_lcd.png,11,34,46
13_41_26_05115_dig_lcd.png,13,41,26
17_50_47_05116_dig_lcd.png,17,50,47
16_43_44_05117_dig_segmented.png,16,43,44
11_02_54_05118_dig_segmented.png,11,2,54
03_52_44_05119_dig_simple.png,3,52,44
04_04_05_05120_dig_simple.png,4,4,5
00_39_41_05121_dig_lcd.png,0,39,41
17_44_32_05122_dig_lcd.png,17,44,32
09_14_11_05123_dig_segmented.png,9,14,11
18_15_12_05124_dig_segmented.png,18,15,12
11_40_21_05125_dig_lcd.png,11,40,21
17_40_28_05126_dig_simple.png,17,40,28
11_02_54_05127_dig_lcd.png,11,2,54
11_19_58_05128_dig_segmented.png,11,19,58
16_57_56_05129_dig_segmented.png,16,57,56
04_26_31_05130_dig_lcd.png,4,26,31
14_47_36_05131_dig_segmented.png,14,47,36
12_55_37_05132_dig_lcd.png,12,55,37
11_22_48_05133_dig_simple.png,11,22,48
11_31_18_05134_dig_segmented.png,11,31,18
14_08_41_05135_dig_simple.png,14,8,41
18_40_32_05136_dig_lcd.png,18,40,32
11_37_56_05137_dig_simple.png,11,37,56
16_14_11_05138_dig_simple.png,16,14,11
14_11_40_05139_dig_simple.png,14,11,40
09_47_10_05140_dig_simple.png,9,47,10
23_04_31_05141_dig_segmented.png,23,4,31
05_55_57_05142_dig_lcd.png,5,55,57
05_55_57_05143_dig_lcd.png,5,55,57
13_52_55_05144_dig_segmented.png,13,52,55
00_10_25_05145_dig_simple.png,0,10,25
04_37_14_05146_dig_simple.png,4,37,14
03_29_12_05147_dig_lcd.png,3,29,12
11_49_25_05148_dig_simple.png,11,49,25
17_38_11_05149_dig_lcd.png,17,38,11
13_59_19_05150_dig_simple.png,13,59,19
10_36_47_05151_dig_segmented.png,10,36,47
00_10_25_05152_dig_simple.png,0,10,25
21_13_47_05153_dig_lcd.png,21,13,47
21_47_17_05154_dig_segmented.png,21,47,17
14_08_41_05155_dig_segmented.png,14,8,41
02_52_52_05156_dig_simple.png,2,52,52
04_10_12_05157_dig_simple.png,4,10,12
06_55_06_05158_dig_simple.png,6,55,6
06_55_06_05159_dig_simple.png,6,55,6
06_32_17_05160_dig_simple.png,6,32,17
22_47_17_05161_dig_segmented.png,22,47,17
09_39_15_05162_dig_lcd.png,9,39,15
18_12_37_05163_dig_lcd.png,18,12,37
02_29_53_05164_dig_segmented.png,2,29,53
10_15_33_05165_dig_simple.png,10,15,33
19_05_53_05166_dig_lcd.png,19,5,53
01_18_51_05167_dig_simple.png,1,18,51
12_13_30_05168_dig_segmented.png,12,13,30
02_04_41_05169_dig_simple.png,2,4,41
09_43_20_05170_dig_lcd.png,9,43,20
08_40_04_05171_dig_segmented.png,8,40,4
03_05_48_05172_dig_lcd.png,3,5,48
14_10_37_05173_dig_lcd.png,14,10,37
05_53_20_05174_dig_segmented.png,5,53,20
00_04_22_05175_dig_segmented.png,0,4,22
10_39_37_05176_dig_lcd.png,10,39,37
16_17_10_05177_dig_lcd.png,16,17,10
04_08_19_05178_dig_simple.png,4,8,19
13_41_26_05179_dig_segmented.png,13,41,26
06_12_22_05180_dig_segmented.png,6,12,22
11_27_45_05181_dig_lcd.png,11,27,45
17_40_48_05182_dig_segmented.png,17,40,48
20_45_06_05183_dig_simple.png,20,45,6
01_26_54_05184_dig_simple.png,1,26,54
17_37_04_05185_dig_lcd.png,17,37,4
15_32_42_05186_dig_simple.png,15,32,42
03_05_38_05187_dig_segmented.png,3,5,38
07_37_43_05188_dig_simple.png,7,37,43
17_50_47_05189_dig_segmented.png,17,50,47
03_29_12_05190_dig_segmented.png,3,29,12
00_33_25_05191_dig_lcd.png,0,33,25
14_53_37_05192_dig_segmented.png,14,53,37
15_31_23_05193_dig_segmented.png,15,31,23
12_03_47_05194_dig_simple.png,12,3,47
15_14_33_05195_dig_lcd.png,15,14,33
13_52_55_05196_dig_segmented.png,13,52,55
11_31_18_05197_dig_segmented.png,11,31,18
04_08_49_05198_dig_lcd.png,4,8,49
17_40_48_05199_dig_simple.png,17,40,48
21_35_30_05200_dig_segmented.png,21,35,30
14_03_12_05201_dig_simple.png,14,3,12
15_37_34_05202_dig_simple.png,15,37,34
02_55_46_05203_dig_simple.png,2,55,46
16_35_38_05204_dig_simple.png,16,35,38
16_17_10_05205_dig_simple.png,16,17,10
23_54_03_05206_dig_segmented.png,23,54,3
01_59_20_05207_dig_lcd.png,1,59,20
16_04_31_05208_dig_segmented.png,16,4,31
21_18_02_05209_dig_lcd.png,21,18,2
15_14_08_05210_dig_simple.png,15,14,8
19_10_04_05211_dig_simple.png,19,10,4
20_07_54_05212_dig_simple.png,20,7,54
20_06_41_05213_dig_simple.png,20,6,41
01_16_29_05214_dig_segmented.png,1,16,29
21_15_10_05215_dig_simple.png,21,15,10
20_32_18_05216_dig_segmented.png,20,32,18
00_10_25_05217_dig_segmented.png,0,10,25
22_51_43_05218_dig_segmented.png,22,51,43
01_36_28_05219_dig_simple.png,1,36,28
14_29_52_05220_dig_segmented.png,14,29,52
00_07_33_05221_dig_segmented.png,0,7,33
18_50_41_05222_dig_segmented.png,18,50,41
12_15_41_05223_dig_lcd.png,12,15,41
20_54_43_05224_dig_segmented.png,20,54,43
23_49_28_05225_dig_simple.png,23,49,28
10_47_21_05226_dig_simple.png,10,47,21
10_10_27_05227_dig_simple.png,10,10,27
09_20_39_05228_dig_simple.png,9,20,39
15_02_01_05229_dig_segmented.png,15,2,1
12_49_52_05230_dig_simple.png,12,49,52
11_50_35_05231_dig_lcd.png,11,50,35
16_47_14_05232_dig_lcd.png,16,47,14
11_14_45_05233_dig_simple.png,11,14,45
21_17_20_05234_dig_lcd.png,21,17,20
00_16_19_05235_dig_simple.png,0,16,19
12_21_40_05236_dig_lcd.png,12,21,40
18_12_37_05237_dig_segmented.png,18,12,37
15_18_44_05238_dig_segmented.png,15,18,44
22_25_13_05239_dig_segmented.png,22,25,13
23_52_13_05240_dig_simple.png,23,52,13
15_41_24_05241_dig_segmented.png,15,41,24
00_28_30_05242_dig_simple.png,0,28,30
02_34_16_05243_dig_simple.png,2,34,16
15_31_23_05244_dig_segmented.png,15,31,23
03_10_31_05245_dig_simple.png,3,10,31
02_50_09_05246_dig_segmented.png,2,50,9
18_12_37_05247_dig_simple.png,18,12,37
03_12_55_05248_dig_segmented.png,3,12,55
16_07_21_05249_dig_segmented.png,16,7,21
14_15_34_05250_dig_simple.png,14,15,34
15_16_17_05251_dig_lcd.png,15,16,17
03_17_00_05252_dig_segmented.png,3,17,0
15_18_44_05253_dig_lcd.png,15,18,44
12_08_40_05254_dig_lcd.png,12,8,40
19_05_53_05255_dig_segmented.png,19,5,53
21_42_27_05256_dig_segmented.png,21,42,27
02_04_41_05257_dig_segmented.png,2,4,41
09_31_45_05258_dig_lcd.png,9,31,45
22_24_30_05259_dig_lcd.png,22,24,30
00_37_50_05260_dig_segmented.png,0,37,50
08_30_31_05261_dig_segmented.png,8,30,31
00_46_56_05262_dig_lcd.png,0,46,56
22_47_09_05263_dig_lcd.png,22,47,9
14_13_24_05264_dig_simple.png,14,13,24
11_27_45_05265_dig_lcd.png,11,27,45
06_55_06_05266_dig_simple.png,6,55,6
14_16_23_05267_dig_simple.png,14,16,23
00_51_28_05268_dig_lcd.png,0,51,28
16_07_21_05269_dig_segmented.png,16,7,21
00_23_21_05270_dig_segmented.png,0,23,21
05_11_01_05271_dig_simple.png,5,11,1
22_40_44_05272_dig_segmented.png,22,40,44
15_18_44_05273_dig_simple.png,15,18,44
13_38_53_05274_dig_lcd.png,13,38,53
16_35_38_05275_dig_lcd.png,16,35,38
12_55_37_05276_dig_lcd.png,12,55,37
20_06_38_05277_dig_lcd.png,20,6,38
14_11_40_05278_dig_simple.png,14,11,40
09_20_39_05279_dig_segmented.png,9,20,39
02_04_41_05280_dig_simple.png,2,4,41
21_35_30_05281_dig_simple.png,21,35,30
16_12_56_05282_dig_simple.png,16,12,56
12_19_40_05283_dig_segmented.png,12,19,40
03_17_00_05284_dig_lcd.png,3,17,0
18_18_23_05285_dig_segmented.png,18,18,23
15_27_41_05286_dig_segmented.png,15,27,41
19_26_00_05287_dig_lcd.png,19,26,0
20_09_28_05288_dig_segmented.png,20,9,28
01_16_29_05289_dig_lcd.png,1,16,29
12_49_52_05290_dig_lcd.png,12,49,52
17_38_11_05291_dig_simple.png,17,38,11
11_30_47_05292_dig_lcd.png,11,30,47
06_37_18_05293_dig_segmented.png,6,37,18
03_52_44_05294_dig_segmented.png,3,52,44
01_36_28_05295_dig_segmented.png,1,36,28
14_54_40_05296_dig_lcd.png,14,54,40
08_56_12_05297_dig_simple.png,8,56,12
23_49_05_05298_dig_segmented.png,23,49,5
04_10_12_05299_dig_lcd.png,4,10,12
21_13_47_05300_dig_simple.png,21,13,47
21_42_27_05301_dig_lcd.png,21,42,27
12_15_41_05302_dig_segmented.png,12,15,41
16_17_10_05303_dig_simple.png,16,17,10
19_19_22_05304_dig_segmented.png,19,19,22
05_13_37_05305_dig_simple.png,5,13,37
14_28_31_05306_dig_segmented.png,14,28,31
01_47_06_05307_dig_simple.png,1,47,6
13_45_41_05308_dig_simple.png,13,45,41
18_18_12_05309_dig_segmented.png,18,18,12
05_27_42_05310_dig_segmented.png,5,27,42
08_27_44_05311_dig_lcd.png,8,27,44
17_46_41_05312_dig_lcd.png,17,46,41
10_47_21_05313_dig_segmented.png,10,47,21
10_25_14_05314_dig_lcd.png,10,25,14
19_10_04_05315_dig_segmented.png,19,10,4
16_07_21_05316_dig_lcd.png,16,7,21
09_09_45_05317_dig_segmented.png,9,9,45
14_50_52_05318_dig_segmented.png,14,50,52
09_11_53_05319_dig_lcd.png,9,11,53
23_46_00_05320_dig_segmented.png,23,46,0
01_40_27_05321_dig_simple.png,1,40,27
17_46_41_05322_dig_segmented.png,17,46,41
07_19_24_05323_dig_segmented.png,7,19,24
22_32_24_05324_dig_lcd.png,22,32,24
21_47_17_05325_dig_segmented.png,21,47,17
07_56_53_05326_dig_segmented.png,7,56,53
11_34_46_05327_dig_segmented.png,11,34,46
12_03_47_05328_dig_segmented.png,12,3,47
19_12_53_05329_dig_lcd.png,19,12,53
15_14_33_05330_dig_simple.png,15,14,33
15_49_16_05331_dig_simple.png,15,49,16
02_36_42_05332_dig_lcd.png,2,36,42
04_08_19_05333_dig_segmented.png,4,8,19
08_48_26_05334_dig_lcd.png,8,48,26
20_55_15_05335_dig_lcd.png,20,55,15
03_12_55_05336_dig_lcd.png,3,12,55
02_45_39_05337_dig_lcd.png,2,45,39
08_22_04_05338_dig_segmented.png,8,22,4
16_12_56_05339_dig_simple.png,16,12,56
09_20_39_05340_dig_lcd.png,9,20,39
22_06_19_05341_dig_segmented.png,22,6,19
09_14_11_05342_dig_simple.png,9,14,11
05_03_00_05343_dig_lcd.png,5,3,0
14_42_57_05344_dig_lcd.png,14,42,57
09_23_19_05345_dig_simple.png,9,23,19
08_27_22_05346_dig_segmented.png,8,27,22
23_29_19_05347_dig_segmented.png,23,29,19
03_21_56_05348_dig_segmented.png,3,21,56
02_04_41_05349_dig_lcd.png,2,4,41
04_08_49_05350_dig_lcd.png,4,8,49
22_32_24_05351_dig_segmented.png,22,32,24
04_12_04_05352_dig_segmented.png,4,12,4
16_04_31_05353_dig_simple.png,16,4,31
23_39_48_05354_dig_simple.png,23,39,48
11_22_48_05355_dig_lcd.png,11,22,48
20_42_24_05356_dig_lcd.png,20,42,24
03_18_42_05357_dig_lcd.png,3,18,42
03_18_42_05358_dig_simple.png,3,18,42
07_19_24_05359_dig_lcd.png,7,19,24
13_33_01_05360_dig_lcd.png,13,33,1
06_37_18_05361_dig_simple.png,6,37,18
11_32_04_05362_dig_lcd.png,11,32,4
18_28_43_05363_dig_lcd.png,18,28,43
17_50_47_05364_dig_segmented.png,17,50,47
07_01_36_05365_dig_lcd.png,7,1,36
00_08_23_05366_dig_simple.png,0,8,23
20_45_07_05367_dig_segmented.png,20,45,7
14_53_37_05368_dig_segmented.png,14,53,37
16_46_15_05369_dig_segmented.png,16,46,15
11_34_46_05370_dig_segmented.png,11,34,46
21_37_43_05371_dig_simple.png,21,37,43
21_15_10_05372_dig_simple.png,21,15,10
06_29_58_05373_dig_simple.png,6,29,58
22_57_39_05374_dig_segmented.png,22,57,39
11_07_20_05375_dig_lcd.png,11,7,20
03_47_17_05376_dig_simple.png,3,47,17
04_12_04_05377_dig_lcd.png,4,12,4
04_37_14_05378_dig_lcd.png,4,37,14
09_26_48_05379_dig_lcd.png,9,26,48
00_04_03_05380_dig_segmented.png,0,4,3
07_44_16_05381_dig_lcd.png,7,44,16
15_14_33_05382_dig_lcd.png,15,14,33
12_08_40_05383_dig_segmented.png,12,8,40
19_26_00_05384_dig_simple.png,19,26,0
03_10_31_05385_dig_lcd.png,3,10,31
23_54_03_05386_dig_simple.png,23,54,3
02_29_53_05387_dig_lcd.png,2,29,53
20_45_07_05388_dig_segmented.png,20,45,7
23_46_00_05389_dig_lcd.png,23,46,0
19_26_00_05390_dig_lcd.png,19,26,0
11_40_21_05391_dig_lcd.png,11,40,21
15_03_16_05392_dig_segmented.png,15,3,16
19_12_53_05393_dig_simple.png,19,12,53
03_17_00_05394_dig_simple.png,3,17,0
13_42_00_05395_dig_segmented.png,13,42,0
06_38_49_05396_dig_segmented.png,6,38,49
21_34_02_05397_dig_segmented.png,21,34,2
08_14_00_05398_dig_lcd.png,8,14,0
00_18_33_05399_dig_segmented.png,0,18,33
23_49_05_05400_dig_lcd.png,23,49,5
14_50_52_05401_dig_simple.png,14,50,52
10_15_33_05402_dig_simple.png,10,15,33
21_04_16_05403_dig_segmented.png,21,4,16
07_01_36_05404_dig_segmented.png,7,1,36
02_36_34_05405_dig_simple.png,2,36,34
14_47_02_05406_dig_lcd.png,14,47,2
19_06_18_05407_dig_lcd.png,19,6,18
20_06_38_05408_dig_segmented.png,20,6,38
09_31_45_05409_dig_segmented.png,9,31,45
07_04_02_05410_dig_segmented.png,7,4,2
12_19_40_05411_dig_simple.png,12,19,40
10_35_40_05412_dig_lcd.png,10,35,40
09_43_20_05413_dig_simple.png,9,43,20
20_55_15_05414_dig_segmented.png,20,55,15
00_16_19_05415_dig_lcd.png,0,16,19
09_47_10_05416_dig_segmented.png,9,47,10
12_21_40_05417_dig_simple.png,12,21,40
00_23_21_05418_dig_simple.png,0,23,21
23_46_00_05419_dig_segmented.png,23,46,0
13_59_19_05420_dig_segmented.png,13,59,19
16_14_11_05421_dig_lcd.png,16,14,11
05_53_15_05422_dig_lcd.png,5,53,15
07_44_16_05423_dig_segmented.png,7,44,16
10_52_44_05424_dig_lcd.png,10,52,44
20_16_08_05425_dig_segmented.png,20,16,8
22_12_38_05426_dig_segmented.png,22,12,38
02_16_00_05427_dig_lcd.png,2,16,0
14_11_40_05428_dig_simple.png,14,11,40
07_44_16_05429_dig_lcd.png,7,44,16
09_12_03_05430_dig_simple.png,9,12,3
09_11_53_05431_dig_simple.png,9,11,53
16_59_01_05432_dig_simple.png,16,59,1
23_46_00_05433_dig_segmented.png,23,46,0
10_32_29_05434_dig_simple.png,10,32,29
20_07_54_05435_dig_segmented.png,20,7,54
01_40_27_05436_dig_lcd.png,1,40,27
20_32_18_05437_dig_lcd.png,20,32,18
18_38_08_05438_dig_segmented.png,18,38,8
13_39_44_05439_dig_lcd.png,13,39,44
22_59_32_05440_dig_segmented.png,22,59,32
18_18_23_05441_dig_lcd.png,18,18,23
19_54_10_05442_dig_simple.png,19,54,10
01_12_27_05443_dig_lcd.png,1,12,27
22_47_09_05444_dig_lcd.png,22,47,9
15_03_16_05445_dig_lcd.png,15,3,16
07_44_16_05446_dig_simple.png,7,44,16
17_38_11_05447_dig_lcd.png,17,38,11
09_09_06_05448_dig_simple.png,9,9,6
22_47_09_05449_dig_segmented.png,22,47,9
00_28_30_05450_dig_simple.png,0,28,30
21_13_47_05451_dig_simple.png,21,13,47
20_06_38_05452_dig_simple.png,20,6,38
20_45_06_05453_dig_lcd.png,20,45,6
23_23_55_05454_dig_lcd.png,23,23,55
22_51_43_05455_dig_segmented.png,22,51,43
06_33_33_05456_dig_segmented.png,6,33,33
05_31_08_05457_dig_simple.png,5,31,8
19_54_10_05458_dig_lcd.png,19,54,10
16_17_10_05459_dig_segmented.png,16,17,10
08_50_39_05460_dig_simple.png,8,50,39
02_04_41_05461_dig_simple.png,2,4,41
14_08_41_05462_dig_simple.png,14,8,41
07_31_35_05463_dig_lcd.png,7,31,35
04_07_10_05464_dig_simple.png,4,7,10
18_45_16_05465_dig_lcd.png,18,45,16
00_07_33_05466_dig_segmented.png,0,7,33
07_35_43_05467_dig_simple.png,7,35,43
07_14_16_05468_dig_lcd.png,7,14,16
06_28_54_05469_dig_simple.png,6,28,54
00_04_22_05470_dig_lcd.png,0,4,22
14_28_31_05471_dig_lcd.png,14,28,31
08_40_04_05472_dig_simple.png,8,40,4
15_02_01_05473_dig_simple.png,15,2,1
00_31_55_05474_dig_lcd.png,0,31,55
11_34_46_05475_dig_segmented.png,11,34,46
16_28_50_05476_dig_simple.png,16,28,50
23_49_49_05477_dig_segmented.png,23,49,49
18_50_41_05478_dig_lcd.png,18,50,41
00_51_14_05479_dig_segmented.png,0,51,14
01_41_02_05480_dig_segmented.png,1,41,2
14_45_10_05481_dig_simple.png,14,45,10
18_52_32_05482_dig_lcd.png,18,52,32
23_05_20_05483_dig_lcd.png,23,5,20
07_53_26_05484_dig_segmented.png,7,53,26
22_12_38_05485_dig_lcd.png,22,12,38
02_50_09_05486_dig_lcd.png,2,50,9
17_14_56_05487_dig_simple.png,17,14,56
08_27_22_05488_dig_simple.png,8,27,22
10_25_14_05489_dig_simple.png,10,25,14
16_43_44_05490_dig_simple.png,16,43,44
02_56_16_05491_dig_lcd.png,2,56,16
15_32_42_05492_dig_segmented.png,15,32,42
21_04_16_05493_dig_lcd.png,21,4,16
14_45_10_05494_dig_simple.png,14,45,10
23_56_12_05495_dig_simple.png,23,56,12
12_00_17_05496_dig_simple.png,12,0,17
22_51_43_05497_dig_lcd.png,22,51,43
01_59_20_05498_dig_segmented.png,1,59,20
05_53_15_05499_dig_segmented.png,5,53,15
01_41_10_05500_dig_lcd.png,1,41,10
07_01_36_05501_dig_simple.png,7,1,36
04_10_12_05502_dig_lcd.png,4,10,12
16_35_38_05503_dig_lcd.png,16,35,38
01_47_06_05504_dig_segmented.png,1,47,6
10_39_37_05505_dig_simple.png,10,39,37
11_30_47_05506_dig_segmented.png,11,30,47
01_41_02_05507_dig_simple.png,1,41,2
10_03_25_05508_dig_simple.png,10,3,25
03_12_35_05509_dig_simple.png,3,12,35
00_04_03_05510_dig_lcd.png,0,4,3
11_14_45_05511_dig_lcd.png,11,14,45
11_31_18_05512_dig_segmented.png,11,31,18
00_28_30_05513_dig_simple.png,0,28,30
17_55_33_05514_dig_simple.png,17,55,33
23_05_22_05515_dig_lcd.png,23,5,22
16_24_47_05516_dig_simple.png,16,24,47
22_40_44_05517_dig_segmented.png,22,40,44
22_09_26_05518_dig_segmented.png,22,9,26
04_16_32_05519_dig_simple.png,4,16,32
10_39_37_05520_dig_simple.png,10,39,37
04_37_14_05521_dig_simple.png,4,37,14
01_12_27_05522_dig_lcd.png,1,12,27
12_29_08_05523_dig_simple.png,12,29,8
08_21_19_05524_dig_simple.png,8,21,19
14_53_37_05525_dig_segmented.png,14,53,37
01_41_10_05526_dig_segmented.png,1,41,10
21_13_47_05527_dig_lcd.png,21,13,47
09_31_45_05528_dig_lcd.png,9,31,45
06_28_54_05529_dig_lcd.png,6,28,54
03_52_44_05530_dig_segmented.png,3,52,44
14_50_52_05531_dig_simple.png,14,50,52
03_29_12_05532_dig_lcd.png,3,29,12
10_47_21_05533_dig_simple.png,10,47,21
18_01_22_05534_dig_simple.png,18,1,22
02_50_55_05535_dig_lcd.png,2,50,55
04_12_04_05536_dig_simple.png,4,12,4
13_45_41_05537_dig_simple.png,13,45,41
03_52_44_05538_dig_simple.png,3,52,44
03_05_48_05539_dig_simple.png,3,5,48
18_45_16_05540_dig_simple.png,18,45,16
05_27_42_05541_dig_lcd.png,5,27,42
09_40_41_05542_dig_segmented.png,9,40,41
13_37_42_05543_dig_segmented.png,13,37,42
05_31_08_05544_dig_lcd.png,5,31,8
11_03_25_05545_dig_segmented.png,11,3,25
02_36_34_05546_dig_lcd.png,2,36,34
12_13_30_05547_dig_lcd.png,12,13,30
12_55_37_05548_dig_lcd.png,12,55,37
23_05_22_05549_dig_simple.png,23,5,22
17_51_55_05550_dig_lcd.png,17,51,55
01_41_10_05551_dig_segmented.png,1,41,10
01_16_29_05552_dig_simple.png,1,16,29
01_47_06_05553_dig_lcd.png,1,47,6
06_37_18_05554_dig_segmented.png,6,37,18
22_10_28_05555_dig_lcd.png,22,10,28
20_58_06_05556_dig_segmented.png,20,58,6
20_45_07_05557_dig_lcd.png,20,45,7
10_03_25_05558_dig_simple.png,10,3,25
14_11_40_05559_dig_simple.png,14,11,40
18_50_41_05560_dig_simple.png,18,50,41
20_06_41_05561_dig_segmented.png,20,6,41
11_20_01_05562_dig_segmented.png,11,20,1
20_55_15_05563_dig_simple.png,20,55,15
01_12_27_05564_dig_simple.png,1,12,27
08_30_31_05565_dig_simple.png,8,30,31
17_09_36_05566_dig_segmented.png,17,9,36
23_49_49_05567_dig_segmented.png,23,49,49
12_00_17_05568_dig_segmented.png,12,0,17
06_29_58_05569_dig_simple.png,6,29,58
02_04_41_05570_dig_lcd.png,2,4,41
08_37_16_05571_dig_segmented.png,8,37,16
00_46_56_05572_dig_segmented.png,0,46,56
09_47_10_05573_dig_lcd.png,9,47,10
15_14_08_05574_dig_lcd.png,15,14,8
10_39_37_05575_dig_segmented.png,10,39,37
00_46_56_05576_dig_segmented.png,0,46,56
08_48_26_05577_dig_simple.png,8,48,26
15_14_33_05578_dig_simple.png,15,14,33
02_51_15_05579_dig_segmented.png,2,51,15
18_38_25_05580_dig_simple.png,18,38,25
02_25_38_05581_dig_lcd.png,2,25,38
09_36_41_05582_dig_segmented.png,9,36,41
22_10_28_05583_dig_segmented.png,22,10,28
14_11_50_05584_dig_segmented.png,14,11,50
00_04_20_05585_dig_lcd.png,0,4,20
23_05_20_05586_dig_segmented.png,23,5,20
15_16_17_05587_dig_segmented.png,15,16,17
07_53_26_05588_dig_lcd.png,7,53,26
11_14_45_05589_dig_segmented.png,11,14,45
19_06_18_05590_dig_segmented.png,19,6,18
09_43_20_05591_dig_lcd.png,9,43,20
21_11_07_05592_dig_segmented.png,21,11,7
01_41_10_05593_dig_lcd.png,1,41,10
22_47_09_05594_dig_lcd.png,22,47,9
21_35_30_05595_dig_lcd.png,21,35,30
14_04_48_05596_dig_simple.png,14,4,48
19_35_27_05597_dig_segmented.png,19,35,27
19_04_18_05598_dig_segmented.png,19,4,18
09_09_06_05599_dig_lcd.png,9,9,6
20_06_38_05600_dig_simple.png,20,6,38
11_49_25_05601_dig_simple.png,11,49,25
23_23_55_05602_dig_segmented.png,23,23,55
15_49_16_05603_dig_segmented.png,15,49,16
08_56_12_05604_dig_simple.png,8,56,12
00_31_55_05605_dig_simple.png,0,31,55
19_54_10_05606_dig_simple.png,19,54,10
11_19_58_05607_dig_lcd.png,11,19,58
04_12_04_05608_dig_segmented.png,4,12,4
17_34_15_05609_dig_simple.png,17,34,15
23_04_31_05610_dig_simple.png,23,4,31
14_10_37_05611_dig_lcd.png,14,10,37
13_12_20_05612_dig_lcd.png,13,12,20
23_05_22_05613_dig_simple.png,23,5,22
08_48_26_05614_dig_segmented.png,8,48,26
15_02_01_05615_dig_segmented.png,15,2,1
11_07_20_05616_dig_simple.png,11,7,20
15_14_08_05617_dig_segmented.png,15,14,8
16_47_14_05618_dig_lcd.png,16,47,14
23_05_22_05619_dig_lcd.png,23,5,22
23_49_28_05620_dig_simple.png,23,49,28
01_41_10_05621_dig_simple.png,1,41,10
11_25_51_05622_dig_segmented.png,11,25,51
09_18_05_05623_dig_simple.png,9,18,5
00_23_21_05624_dig_simple.png,0,23,21
23_39_48_05625_dig_simple.png,23,39,48
00_33_25_05626_dig_segmented.png,0,33,25
17_37_04_05627_dig_lcd.png,17,37,4
11_49_25_05628_dig_segmented.png,11,49,25
20_16_08_05629_dig_lcd.png,20,16,8
11_27_45_05630_dig_simple.png,11,27,45
05_23_16_05631_dig_lcd.png,5,23,16
08_13_24_05632_dig_lcd.png,8,13,24
07_01_36_05633_dig_segmented.png,7,1,36
12_53_11_05634_dig_lcd.png,12,53,11
19_35_27_05635_dig_lcd.png,19,35,27
09_11_53_05636_dig_simple.png,9,11,53
00_39_41_05637_dig_simple.png,0,39,41
03_21_56_05638_dig_simple.png,3,21,56
22_06_19_05639_dig_segmented.png,22,6,19
14_57_18_05640_dig_segmented.png,14,57,18
12_00_17_05641_dig_simple.png,12,0,17
11_27_45_05642_dig_lcd.png,11,27,45
03_05_48_05643_dig_segmented.png,3,5,48
10_15_33_05644_dig_segmented.png,10,15,33
14_08_41_05645_dig_simple.png,14,8,41
18_18_12_05646_dig_simple.png,18,18,12
07_37_43_05647_dig_segmented.png,7,37,43
08_27_44_05648_dig_segmented.png,8,27,44
15_37_34_05649_dig_segmented.png,15,37,34
14_55_35_05650_dig_simple.png,14,55,35
13_16_06_05651_dig_lcd.png,13,16,6
03_42_31_05652_dig_lcd.png,3,42,31
10_25_14_05653_dig_simple.png,10,25,14
13_52_55_05654_dig_lcd.png,13,52,55
02_04_41_05655_dig_simple.png,2,4,41
12_31_05_05656_dig_simple.png,12,31,5
11_02_54_05657_dig_segmented.png,11,2,54
00_20_08_05658_dig_segmented.png,0,20,8
03_29_12_05659_dig_lcd.png,3,29,12
15_14_33_05660_dig_simple.png,15,14,33
18_25_47_05661_dig_lcd.png,18,25,47
11_49_25_05662_dig_segmented.png,11,49,25
06_40_54_05663_dig_lcd.png,6,40,54
19_35_27_05664_dig_simple.png,19,35,27
18_38_08_05665_dig_segmented.png,18,38,8
14_29_52_05666_dig_segmented.png,14,29,52
00_15_13_05667_dig_segmented.png,0,15,13
12_24_07_05668_dig_simple.png,12,24,7
10_10_27_05669_dig_simple.png,10,10,27
19_31_41_05670_dig_simple.png,19,31,41
04_26_43_05671_dig_simple.png,4,26,43
11_14_45_05672_dig_lcd.png,11,14,45
23_05_22_05673_dig_segmented.png,23,5,22
12_55_50_05674_dig_segmented.png,12,55,50
08_48_26_05675_dig_simple.png,8,48,26
04_09_44_05676_dig_segmented.png,4,9,44
21_47_17_05677_dig_simple.png,21,47,17
19_35_27_05678_dig_simple.png,19,35,27
17_35_38_05679_dig_segmented.png,17,35,38
13_37_42_05680_dig_lcd.png,13,37,42
11_03_25_05681_dig_lcd.png,11,3,25
00_08_23_05682_dig_segmented.png,0,8,23
16_17_10_05683_dig_lcd.png,16,17,10
17_35_38_05684_dig_segmented.png,17,35,38
19_05_53_05685_dig_segmented.png,19,5,53
11_14_45_05686_dig_simple.png,11,14,45
02_54_31_05687_dig_simple.png,2,54,31
04_16_32_05688_dig_simple.png,4,16,32
08_14_00_05689_dig_simple.png,8,14,0
09_42_38_05690_dig_segmented.png,9,42,38
09_40_41_05691_dig_segmented.png,9,40,41
10_59_06_05692_dig_simple.png,10,59,6
09_40_41_05693_dig_segmented.png,9,40,41
00_10_25_05694_dig_simple.png,0,10,25
03_12_55_05695_dig_lcd.png,3,12,55
02_56_16_05696_dig_simple.png,2,56,16
23_56_12_05697_dig_simple.png,23,56,12
06_33_33_05698_dig_lcd.png,6,33,33
06_38_49_05699_dig_simple.png,6,38,49
07_19_24_05700_dig_lcd.png,7,19,24
00_18_33_05701_dig_segmented.png,0,18,33
00_04_54_05702_dig_simple.png,0,4,54
01_26_54_05703_dig_lcd.png,1,26,54
10_59_06_05704_dig_simple.png,10,59,6
15_58_20_05705_dig_simple.png,15,58,20
08_47_59_05706_dig_segmented.png,8,47,59
18_09_10_05707_dig_segmented.png,18,9,10
07_56_53_05708_dig_lcd.png,7,56,53
19_35_27_05709_dig_segmented.png,19,35,27
21_22_59_05710_dig_segmented.png,21,22,59
19_06_18_05711_dig_lcd.png,19,6,18
04_10_12_05712_dig_lcd.png,4,10,12
21_40_08_05713_dig_segmented.png,21,40,8
11_30_47_05714_dig_simple.png,11,30,47
03_12_55_05715_dig_lcd.png,3,12,55
00_31_55_05716_dig_simple.png,0,31,55
20_07_54_05717_dig_lcd.png,20,7,54
19_05_53_05718_dig_simple.png,19,5,53
06_40_54_05719_dig_lcd.png,6,40,54
05_03_00_05720_dig_lcd.png,5,3,0
12_49_52_05721_dig_lcd.png,12,49,52
09_23_19_05722_dig_simple.png,9,23,19
12_15_41_05723_dig_segmented.png,12,15,41
02_50_09_05724_dig_lcd.png,2,50,9
00_18_41_05725_dig_simple.png,0,18,41
12_35_28_05726_dig_lcd.png,12,35,28
03_05_48_05727_dig_lcd.png,3,5,48
06_29_58_05728_dig_simple.png,6,29,58
03_06_14_05729_dig_lcd.png,3,6,14
14_47_36_05730_dig_segmented.png,14,47,36
00_51_28_05731_dig_lcd.png,0,51,28
02_36_34_05732_dig_simple.png,2,36,34
10_52_44_05733_dig_simple.png,10,52,44
21_04_16_05734_dig_simple.png,21,4,16
05_23_16_05735_dig_simple.png,5,23,16
16_52_36_05736_dig_simple.png,16,52,36
09_40_41_05737_dig_lcd.png,9,40,41
03_49_41_05738_dig_segmented.png,3,49,41
13_01_42_05739_dig_simple.png,13,1,42
07_30_07_05740_dig_lcd.png,7,30,7
14_32_15_05741_dig_lcd.png,14,32,15
02_36_34_05742_dig_simple.png,2,36,34
03_42_31_05743_dig_lcd.png,3,42,31
19_01_51_05744_dig_segmented.png,19,1,51
18_45_16_05745_dig_simple.png,18,45,16
19_01_51_05746_dig_segmented.png,19,1,51
14_28_31_05747_dig_segmented.png,14,28,31
03_42_31_05748_dig_segmented.png,3,42,31
23_49_05_05749_dig_simple.png,23,49,5
08_14_00_05750_dig_simple.png,8,14,0
11_20_01_05751_dig_segmented.png,11,20,1
02_36_42_05752_dig_segmented.png,2,36,42
19_54_10_05753_dig_lcd.png,19,54,10
09_39_15_05754_dig_lcd.png,9,39,15
11_27_45_05755_dig_lcd.png,11,27,45
10_46_50_05756_dig_simple.png,10,46,50
23_52_13_05757_dig_simple.png,23,52,13
02_50_55_05758_dig_segmented.png,2,50,55
03_12_55_05759_dig_segmented.png,3,12,55
10_06_39_05760_dig_lcd.png,10,6,39
01_12_27_05761_dig_segmented.png,1,12,27
13_42_00_05762_dig_lcd.png,13,42,0
04_12_04_05763_dig_simple.png,4,12,4
09_26_48_05764_dig_segmented.png,9,26,48
16_44_25_05765_dig_segmented.png,16,44,25
11_36_55_05766_dig_lcd.png,11,36,55
16_47_14_05767_dig_simple.png,16,47,14
01_41_10_05768_dig_lcd.png,1,41,10
18_40_32_05769_dig_lcd.png,18,40,32
17_46_41_05770_dig_lcd.png,17,46,41
05_13_37_05771_dig_lcd.png,5,13,37
01_18_51_05772_dig_simple.png,1,18,51
18_01_22_05773_dig_segmented.png,18,1,22
14_03_12_05774_dig_lcd.png,14,3,12
16_17_10_05775_dig_lcd.png,16,17,10
09_09_45_05776_dig_segmented.png,9,9,45
00_15_13_05777_dig_simple.png,0,15,13
09_31_45_05778_dig_simple.png,9,31,45
06_48_42_05779_dig_simple.png,6,48,42
05_11_01_05780_dig_segmented.png,5,11,1
16_17_10_05781_dig_segmented.png,16,17,10
03_52_44_05782_dig_simple.png,3,52,44
03_06_14_05783_dig_lcd.png,3,6,14
11_50_35_05784_dig_lcd.png,11,50,35
11_36_55_05785_dig_lcd.png,11,36,55
13_38_53_05786_dig_simple.png,13,38,53
01_41_10_05787_dig_segmented.png,1,41,10
22_47_17_05788_dig_simple.png,22,47,17
09_23_44_05789_dig_lcd.png,9,23,44
06_33_33_05790_dig_simple.png,6,33,33
02_34_56_05791_dig_lcd.png,2,34,56
12_49_52_05792_dig_segmented.png,12,49,52
12_34_14_05793_dig_segmented.png,12,34,14
14_45_10_05794_dig_segmented.png,14,45,10
19_26_00_05795_dig_lcd.png,19,26,0
05_23_16_05796_dig_simple.png,5,23,16
11_07_20_05797_dig_segmented.png,11,7,20
11_14_45_05798_dig_simple.png,11,14,45
22_36_21_05799_dig_lcd.png,22,36,21
11_19_24_05800_dig_simple.png,11,19,24
20_07_54_05801_dig_segmented.png,20,7,54
18_38_25_05802_dig_segmented.png,18,38,25
14_55_35_05803_dig_lcd.png,14,55,35
00_04_03_05804_dig_simple.png,0,4,3
04_10_12_05805_dig_simple.png,4,10,12
21_22_59_05806_dig_segmented.png,21,22,59
05_34_09_05807_dig_lcd.png,5,34,9
18_50_41_05808_dig_lcd.png,18,50,41
23_05_22_05809_dig_segmented.png,23,5,22
14_13_24_05810_dig_simple.png,14,13,24
22_36_21_05811_dig_segmented.png,22,36,21
00_15_13_05812_dig_segmented.png,0,15,13
12_21_40_05813_dig_segmented.png,12,21,40
05_23_16_05814_dig_segmented.png,5,23,16
02_34_56_05815_dig_lcd.png,2,34,56
10_52_44_05816_dig_lcd.png,10,52,44
17_40_48_05817_dig_segmented.png,17,40,48
19_26_00_05818_dig_simple.png,19,26,0
01_18_51_05819_dig_simple.png,1,18,51
22_32_24_05820_dig_simple.png,22,32,24
01_41_02_05821_dig_simple.png,1,41,2
12_08_40_05822_dig_simple.png,12,8,40
17_50_47_05823_dig_segmented.png,17,50,47
11_25_51_05824_dig_lcd.png,11,25,51
21_22_59_05825_dig_segmented.png,21,22,59
12_08_40_05826_dig_simple.png,12,8,40
19_01_51_05827_dig_lcd.png,19,1,51
06_29_58_05828_dig_simple.png,6,29,58
22_06_19_05829_dig_segmented.png,22,6,19
22_36_21_05830_dig_segmented.png,22,36,21
03_18_42_05831_dig_lcd.png,3,18,42
07_19_24_05832_dig_segmented.png,7,19,24
03_37_06_05833_dig_lcd.png,3,37,6
05_27_42_05834_dig_simple.png,5,27,42
02_36_34_05835_dig_simple.png,2,36,34
00_18_33_05836_dig_segmented.png,0,18,33
20_35_14_05837_dig_lcd.png,20,35,14
18_38_08_05838_dig_segmented.png,18,38,8
12_03_47_05839_dig_lcd.png,12,3,47
17_34_15_05840_dig_simple.png,17,34,15
23_42_19_05841_dig_simple.png,23,42,19
06_38_49_05842_dig_segmented.png,6,38,49
17_51_55_05843_dig_simple.png,17,51,55
22_47_17_05844_dig_lcd.png,22,47,17
06_12_22_05845_dig_segmented.png,6,12,22
23_44_31_05846_dig_lcd.png,23,44,31
22_32_24_05847_dig_simple.png,22,32,24
14_15_51_05848_dig_simple.png,14,15,51
00_15_13_05849_dig_lcd.png,0,15,13
08_22_04_05850_dig_lcd.png,8,22,4
23_42_19_05851_dig_segmented.png,23,42,19
20_45_06_05852_dig_segmented.png,20,45,6
07_53_26_05853_dig_lcd.png,7,53,26
08_37_16_05854_dig_segmented.png,8,37,16
13_59_19_05855_dig_lcd.png,13,59,19
15_58_20_05856_dig_segmented.png,15,58,20
02_36_42_05857_dig_segmented.png,2,36,42
21_04_16_05858_dig_segmented.png,21,4,16
12_24_07_05859_dig_segmented.png,12,24,7
17_38_11_05860_dig_lcd.png,17,38,11
14_08_41_05861_dig_lcd.png,14,8,41
05_55_57_05862_dig_lcd.png,5,55,57
04_37_14_05863_dig_simple.png,4,37,14
19_31_41_05864_dig_simple.png,19,31,41
08_59_56_05865_dig_lcd.png,8,59,56
02_45_39_05866_dig_lcd.png,2,45,39
22_51_43_05867_dig_simple.png,22,51,43
12_00_17_05868_dig_simple.png,12,0,17
07_39_50_05869_dig_segmented.png,7,39,50
00_04_54_05870_dig_segmented.png,0,4,54
09_11_53_05871_dig_simple.png,9,11,53
12_24_07_05872_dig_segmented.png,12,24,7
18_25_47_05873_dig_lcd.png,18,25,47
22_55_28_05874_dig_segmented.png,22,55,28
00_08_23_05875_dig_simple.png,0,8,23
20_58_06_05876_dig_segmented.png,20,58,6
10_15_33_05877_dig_lcd.png,10,15,33
13_52_55_05878_dig_lcd.png,13,52,55
16_59_01_05879_dig_segmented.png,16,59,1
12_21_40_05880_dig_simple.png,12,21,40
08_50_39_05881_dig_simple.png,8,50,39
14_47_02_05882_dig_lcd.png,14,47,2
14_04_48_05883_dig_segmented.png,14,4,48
01_41_10_05884_dig_simple.png,1,41,10
06_33_33_05885_dig_segmented.png,6,33,33
20_54_43_05886_dig_simple.png,20,54,43
00_16_19_05887_dig_segmented.png,0,16,19
03_29_12_05888_dig_lcd.png,3,29,12
14_10_37_05889_dig_simple.png,14,10,37
06_16_08_05890_dig_lcd.png,6,16,8
20_58_06_05891_dig_simple.png,20,58,6
03_48_59_05892_dig_segmented.png,3,48,59
09_11_53_05893_dig_lcd.png,9,11,53
15_02_01_05894_dig_simple.png,15,2,1
03_12_55_05895_dig_simple.png,3,12,55
06_55_06_05896_dig_simple.png,6,55,6
18_28_43_05897_dig_segmented.png,18,28,43
11_50_35_05898_dig_lcd.png,11,50,35
05_55_57_05899_dig_lcd.png,5,55,57
07_53_53_05900_dig_simple.png,7,53,53
00_04_20_05901_dig_lcd.png,0,4,20
00_04_03_05902_dig_simple.png,0,4,3
20_58_06_05903_dig_segmented.png,20,58,6
04_16_32_05904_dig_segmented.png,4,16,32
23_52_07_05905_dig_segmented.png,23,52,7
10_47_42_05906_dig_simple.png,10,47,42
18_18_23_05907_dig_segmented.png,18,18,23
18_09_10_05908_dig_lcd.png,18,9,10
18_12_37_05909_dig_segmented.png,18,12,37
12_03_47_05910_dig_simple.png,12,3,47
21_34_02_05911_dig_simple.png,21,34,2
08_36_49_05912_dig_simple.png,8,36,49
03_47_17_05913_dig_lcd.png,3,47,17
07_53_53_05914_dig_lcd.png,7,53,53
12_49_52_05915_dig_simple.png,12,49,52
17_34_15_05916_dig_lcd.png,17,34,15
08_48_26_05917_dig_simple.png,8,48,26
09_12_03_05918_dig_simple.png,9,12,3
09_09_45_05919_dig_simple.png,9,9,45
11_49_25_05920_dig_segmented.png,11,49,25
12_55_37_05921_dig_segmented.png,12,55,37
17_33_59_05922_dig_lcd.png,17,33,59
14_55_35_05923_dig_lcd.png,14,55,35
01_26_54_05924_dig_lcd.png,1,26,54
08_14_00_05925_dig_segmented.png,8,14,0
15_32_42_05926_dig_simple.png,15,32,42
15_16_17_05927_dig_simple.png,15,16,17
10_06_39_05928_dig_segmented.png,10,6,39
20_16_08_05929_dig_simple.png,20,16,8
18_01_22_05930_dig_simple.png,18,1,22
10_46_50_05931_dig_simple.png,10,46,50
08_30_31_05932_dig_lcd.png,8,30,31
20_55_15_05933_dig_segmented.png,20,55,15
23_29_19_05934_dig_simple.png,23,29,19
01_12_27_05935_dig_segmented.png,1,12,27
21_40_52_05936_dig_simple.png,21,40,52
02_55_46_05937_dig_lcd.png,2,55,46
12_00_17_05938_dig_lcd.png,12,0,17
09_23_19_05939_dig_lcd.png,9,23,19
09_31_45_05940_dig_simple.png,9,31,45
12_00_17_05941_dig_simple.png,12,0,17
13_59_19_05942_dig_segmented.png,13,59,19
14_28_31_05943_dig_simple.png,14,28,31
14_42_57_05944_dig_lcd.png,14,42,57
02_34_56_05945_dig_lcd.png,2,34,56
00_16_19_05946_dig_lcd.png,0,16,19
08_36_49_05947_dig_lcd.png,8,36,49
09_40_41_05948_dig_segmented.png,9,40,41
09_11_53_05949_dig_segmented.png,9,11,53
16_44_25_05950_dig_simple.png,16,44,25
15_03_16_05951_dig_simple.png,15,3,16
02_36_42_05952_dig_lcd.png,2,36,42
01_12_27_05953_dig_simple.png,1,12,27
12_13_30_05954_dig_segmented.png,12,13,30
07_30_07_05955_dig_segmented.png,7,30,7
14_11_40_05956_dig_lcd.png,14,11,40
00_10_25_05957_dig_simple.png,0,10,25
18_18_12_05958_dig_simple.png,18,18,12
06_38_49_05959_dig_segmented.png,6,38,49
14_45_10_05960_dig_lcd.png,14,45,10
22_55_28_05961_dig_segmented.png,22,55,28
13_01_42_05962_dig_segmented.png,13,1,42
08_13_24_05963_dig_lcd.png,8,13,24
11_27_45_05964_dig_lcd.png,11,27,45
17_33_59_05965_dig_segmented.png,17,33,59
01_16_29_05966_dig_simple.png,1,16,29
10_03_25_05967_dig_lcd.png,10,3,25
18_15_12_05968_dig_lcd.png,18,15,12
09_47_10_05969_dig_simple.png,9,47,10
19_04_46_05970_dig_lcd.png,19,4,46
15_49_16_05971_dig_segmented.png,15,49,16
17_50_47_05972_dig_lcd.png,17,50,47
05_31_08_05973_dig_lcd.png,5,31,8
22_40_44_05974_dig_lcd.png,22,40,44
05_53_20_05975_dig_lcd.png,5,53,20
14_15_34_05976_dig_segmented.png,14,15,34
11_27_45_05977_dig_lcd.png,11,27,45
02_54_31_05978_dig_segmented.png,2,54,31
02_51_15_05979_dig_segmented.png,2,51,15
12_55_37_05980_dig_segmented.png,12,55,37
04_37_14_05981_dig_segmented.png,4,37,14
13_33_01_05982_dig_segmented.png,13,33,1
01_59_20_05983_dig_lcd.png,1,59,20
12_00_17_05984_dig_simple.png,12,0,17
18_01_22_05985_dig_segmented.png,18,1,22
05_34_09_05986_dig_segmented.png,5,34,9
19_12_53_05987_dig_segmented.png,19,12,53
08_56_12_05988_dig_simple.png,8,56,12
10_35_40_05989_dig_lcd.png,10,35,40
20_06_41_05990_dig_segmented.png,20,6,41
19_10_04_05991_dig_segmented.png,19,10,4
21_28_01_05992_dig_segmented.png,21,28,1
06_38_49_05993_dig_lcd.png,6,38,49
23_52_07_05994_dig_segmented.png,23,52,7
09_26_48_05995_dig_segmented.png,9,26,48
18_12_37_05996_dig_lcd.png,18,12,37
04_09_44_05997_dig_lcd.png,4,9,44
15_03_16_05998_dig_simple.png,15,3,16
15_02_01_05999_dig_segmented.png,15,2,1
14_19_20_06000_dig_lcd.png,14,19,20
06_12_22_06001_dig_simple.png,6,12,22
07_31_35_06002_dig_simple.png,7,31,35
15_14_33_06003_dig_segmented.png,15,14,33
14_45_10_06004_dig_simple.png,14,45,10
02_29_53_06005_dig_segmented.png,2,29,53
09_39_15_06006_dig_lcd.png,9,39,15
06_43_35_06007_dig_lcd.png,6,43,35
17_46_41_06008_dig_segmented.png,17,46,41
02_54_31_06009_dig_simple.png,2,54,31
12_55_50_06010_dig_simple.png,12,55,50
14_54_40_06011_dig_segmented.png,14,54,40
18_45_16_06012_dig_lcd.png,18,45,16
11_22_48_06013_dig_lcd.png,11,22,48
03_29_12_06014_dig_simple.png,3,29,12
19_31_41_06015_dig_simple.png,19,31,41
23_49_28_06016_dig_segmented.png,23,49,28
19_04_18_06017_dig_simple.png,19,4,18
12_13_30_06018_dig_lcd.png,12,13,30
19_10_04_06019_dig_lcd.png,19,10,4
01_47_06_06020_dig_segmented.png,1,47,6
01_09_35_06021_dig_segmented.png,1,9,35
11_22_48_06022_dig_segmented.png,11,22,48
12_08_40_06023_dig_segmented.png,12,8,40
00_23_21_06024_dig_lcd.png,0,23,21
21_17_20_06025_dig_segmented.png,21,17,20
14_03_12_06026_dig_lcd.png,14,3,12
12_21_40_06027_dig_simple.png,12,21,40
05_27_42_06028_dig_segmented.png,5,27,42
16_47_14_06029_dig_lcd.png,16,47,14
00_04_54_06030_dig_lcd.png,0,4,54
13_45_41_06031_dig_segmented.png,13,45,41
00_46_56_06032_dig_simple.png,0,46,56
02_53_31_06033_dig_simple.png,2,53,31
23_49_05_06034_dig_segmented.png,23,49,5
12_19_40_06035_dig_lcd.png,12,19,40
12_08_40_06036_dig_segmented.png,12,8,40
18_18_23_06037_dig_segmented.png,18,18,23
03_12_53_06038_dig_simple.png,3,12,53
11_37_56_06039_dig_lcd.png,11,37,56
17_50_47_06040_dig_lcd.png,17,50,47
11_25_51_06041_dig_lcd.png,11,25,51
10_59_06_06042_dig_lcd.png,10,59,6
09_18_05_06043_dig_segmented.png,9,18,5
04_12_04_06044_dig_segmented.png,4,12,4
06_12_22_06045_dig_lcd.png,6,12,22
07_30_07_06046_dig_lcd.png,7,30,7
08_14_00_06047_dig_lcd.png,8,14,0
06_48_03_06048_dig_lcd.png,6,48,3
11_36_55_06049_dig_simple.png,11,36,55
11_14_45_06050_dig_segmented.png,11,14,45
15_14_08_06051_dig_simple.png,15,14,8
17_02_42_06052_dig_lcd.png,17,2,42
18_25_47_06053_dig_segmented.png,18,25,47
07_56_53_06054_dig_lcd.png,7,56,53
07_53_26_06055_dig_lcd.png,7,53,26
12_21_40_06056_dig_segmented.png,12,21,40
17_34_15_06057_dig_lcd.png,17,34,15
02_54_31_06058_dig_simple.png,2,54,31
23_29_19_06059_dig_simple.png,23,29,19
21_15_10_06060_dig_lcd.png,21,15,10
21_23_29_06061_dig_segmented.png,21,23,29
03_06_14_06062_dig_segmented.png,3,6,14
12_08_40_06063_dig_lcd.png,12,8,40
00_51_44_06064_dig_simple.png,0,51,44
20_32_18_06065_dig_lcd.png,20,32,18
03_47_17_06066_dig_lcd.png,3,47,17
03_00_15_06067_dig_simple.png,3,0,15
10_47_21_06068_dig_segmented.png,10,47,21
23_56_12_06069_dig_lcd.png,23,56,12
14_03_12_06070_dig_simple.png,14,3,12
20_32_18_06071_dig_lcd.png,20,32,18
18_28_43_06072_dig_segmented.png,18,28,43
00_23_21_06073_dig_segmented.png,0,23,21
02_53_31_06074_dig_lcd.png,2,53,31
15_31_23_06075_dig_segmented.png,15,31,23
08_37_16_06076_dig_segmented.png,8,37,16
18_18_12_06077_dig_lcd.png,18,18,12
11_27_45_06078_dig_segmented.png,11,27,45
01_56_19_06079_dig_lcd.png,1,56,19
08_01_35_06080_dig_simple.png,8,1,35
16_12_56_06081_dig_simple.png,16,12,56
02_50_09_06082_dig_lcd.png,2,50,9
08_56_12_06083_dig_simple.png,8,56,12
02_29_53_06084_dig_simple.png,2,29,53
18_18_23_06085_dig_simple.png,18,18,23
18_52_32_06086_dig_segmented.png,18,52,32
19_06_18_06087_dig_simple.png,19,6,18
04_08_49_06088_dig_simple.png,4,8,49
23_54_03_06089_dig_segmented.png,23,54,3
11_30_47_06090_dig_simple.png,11,30,47
12_49_52_06091_dig_lcd.png,12,49,52
04_16_32_06092_dig_simple.png,4,16,32
21_15_10_06093_dig_segmented.png,21,15,10
23_52_07_06094_dig_segmented.png,23,52,7
21_40_08_06095_dig_simple.png,21,40,8
05_27_32_06096_dig_lcd.png,5,27,32
17_35_38_06097_dig_lcd.png,17,35,38
04_16_32_06098_dig_lcd.png,4,16,32
16_12_56_06099_dig_lcd.png,16,12,56
02_36_34_06100_dig_segmented.png,2,36,34
04_04_05_06101_dig_simple.png,4,4,5
09_11_53_06102_dig_simple.png,9,11,53
23_23_55_06103_dig_lcd.png,23,23,55
20_16_08_06104_dig_lcd.png,20,16,8
10_10_27_06105_dig_lcd.png,10,10,27
15_03_16_06106_dig_lcd.png,15,3,16
09_57_20_06107_dig_simple.png,9,57,20
16_43_44_06108_dig_lcd.png,16,43,44
19_04_18_06109_dig_simple.png,19,4,18
14_16_23_06110_dig_segmented.png,14,16,23
19_26_00_06111_dig_simple.png,19,26,0
09_24_56_06112_dig_segmented.png,9,24,56
12_24_07_06113_dig_simple.png,12,24,7
00_46_56_06114_dig_segmented.png,0,46,56
06_33_33_06115_dig_simple.png,6,33,33
18_52_32_06116_dig_lcd.png,18,52,32
16_07_21_06117_dig_lcd.png,16,7,21
17_34_15_06118_dig_simple.png,17,34,15
22_51_43_06119_dig_segmented.png,22,51,43
02_36_30_06120_dig_segmented.png,2,36,30
09_04_24_06121_dig_segmented.png,9,4,24
12_55_50_06122_dig_simple.png,12,55,50
19_06_18_06123_dig_simple.png,19,6,18
19_04_46_06124_dig_simple.png,19,4,46
11_20_01_06125_dig_simple.png,11,20,1
18_28_43_06126_dig_simple.png,18,28,43
16_47_14_06127_dig_simple.png,16,47,14
09_04_24_06128_dig_segmented.png,9,4,24
07_56_53_06129_dig_lcd.png,7,56,53
17_51_55_06130_dig_lcd.png,17,51,55
05_06_46_06131_dig_simple.png,5,6,46
11_19_24_06132_dig_segmented.png,11,19,24
04_22_09_06133_dig_lcd.png,4,22,9
19_12_53_06134_dig_segmented.png,19,12,53
21_13_47_06135_dig_simple.png,21,13,47
06_12_22_06136_dig_simple.png,6,12,22
18_12_37_06137_dig_simple.png,18,12,37
14_11_40_06138_dig_segmented.png,14,11,40
18_12_37_06139_dig_lcd.png,18,12,37
16_28_50_06140_dig_simple.png,16,28,50
02_52_52_06141_dig_simple.png,2,52,52
11_25_51_06142_dig_lcd.png,11,25,51
19_54_10_06143_dig_simple.png,19,54,10
09_23_19_06144_dig_segmented.png,9,23,19
00_51_14_06145_dig_lcd.png,0,51,14
18_28_43_06146_dig_segmented.png,18,28,43
18_50_41_06147_dig_simple.png,18,50,41
19_05_53_06148_dig_lcd.png,19,5,53
19_54_10_06149_dig_segmented.png,19,54,10
04_26_31_06150_dig_lcd.png,4,26,31
21_04_16_06151_dig_lcd.png,21,4,16
19_01_51_06152_dig_lcd.png,19,1,51
05_06_46_06153_dig_segmented.png,5,6,46
19_54_10_06154_dig_lcd.png,19,54,10
20_19_30_06155_dig_lcd.png,20,19,30
08_27_22_06156_dig_segmented.png,8,27,22
05_11_01_06157_dig_lcd.png,5,11,1
17_14_56_06158_dig_simple.png,17,14,56
13_37_42_06159_dig_segmented.png,13,37,42
06_37_18_06160_dig_lcd.png,6,37,18
23_04_31_06161_dig_simple.png,23,4,31
06_12_22_06162_dig_simple.png,6,12,22
21_34_02_06163_dig_segmented.png,21,34,2
08_47_59_06164_dig_segmented.png,8,47,59
22_55_28_06165_dig_segmented.png,22,55,28
02_16_00_06166_dig_lcd.png,2,16,0
21_11_07_06167_dig_simple.png,21,11,7
00_51_44_06168_dig_segmented.png,0,51,44
05_53_15_06169_dig_lcd.png,5,53,15
15_31_23_06170_dig_simple.png,15,31,23
01_12_27_06171_dig_simple.png,1,12,27
08_39_26_06172_dig_simple.png,8,39,26
08_37_16_06173_dig_simple.png,8,37,16
07_39_50_06174_dig_segmented.png,7,39,50
00_28_30_06175_dig_lcd.png,0,28,30
12_49_52_06176_dig_lcd.png,12,49,52
02_36_42_06177_dig_lcd.png,2,36,42
17_55_33_06178_dig_lcd.png,17,55,33
14_15_34_06179_dig_segmented.png,14,15,34
07_19_24_06180_dig_segmented.png,7,19,24
21_04_16_06181_dig_simple.png,21,4,16
20_54_43_06182_dig_lcd.png,20,54,43
17_40_28_06183_dig_simple.png,17,40,28
15_02_01_06184_dig_segmented.png,15,2,1
00_31_55_06185_dig_segmented.png,0,31,55
01_47_06_06186_dig_segmented.png,1,47,6
23_49_05_06187_dig_lcd.png,23,49,5
23_05_20_06188_dig_segmented.png,23,5,20
12_03_47_06189_dig_lcd.png,12,3,47
15_18_44_06190_dig_lcd.png,15,18,44
23_52_13_06191_dig_lcd.png,23,52,13
21_23_29_06192_dig_lcd.png,21,23,29
14_53_37_06193_dig_lcd.png,14,53,37
00_32_38_06194_dig_segmented.png,0,32,38
17_02_42_06195_dig_simple.png,17,2,42
15_14_33_06196_dig_segmented.png,15,14,33
18_28_43_06197_dig_segmented.png,18,28,43
04_07_10_06198_dig_segmented.png,4,7,10
06_28_54_06199_dig_lcd.png,6,28,54
02_51_15_06200_dig_lcd.png,2,51,15
14_19_20_06201_dig_simple.png,14,19,20
11_49_25_06202_dig_segmented.png,11,49,25
17_44_32_06203_dig_lcd.png,17,44,32
09_24_56_06204_dig_lcd.png,9,24,56
09_23_19_06205_dig_lcd.png,9,23,19
14_19_20_06206_dig_lcd.png,14,19,20
03_18_42_06207_dig_simple.png,3,18,42
17_50_47_06208_dig_lcd.png,17,50,47
22_57_39_06209_dig_simple.png,22,57,39
21_47_17_06210_dig_simple.png,21,47,17
05_39_33_06211_dig_segmented.png,5,39,33
08_40_04_06212_dig_segmented.png,8,40,4
08_13_24_06213_dig_simple.png,8,13,24
15_14_08_06214_dig_simple.png,15,14,8
07_31_35_06215_dig_simple.png,7,31,35
04_07_10_06216_dig_simple.png,4,7,10
15_37_34_06217_dig_simple.png,15,37,34
01_41_10_06218_dig_lcd.png,1,41,10
21_15_10_06219_dig_simple.png,21,15,10
02_29_53_06220_dig_simple.png,2,29,53
01_12_27_06221_dig_lcd.png,1,12,27
02_53_31_06222_dig_simple.png,2,53,31
21_53_18_06223_dig_simple.png,21,53,18
18_28_43_06224_dig_segmented.png,18,28,43
12_00_17_06225_dig_lcd.png,12,0,17
00_04_20_06226_dig_segmented.png,0,4,20
14_47_02_06227_dig_lcd.png,14,47,2
04_08_49_06228_dig_segmented.png,4,8,49
14_13_24_06229_dig_lcd.png,14,13,24
23_49_28_06230_dig_simple.png,23,49,28
09_47_10_06231_dig_segmented.png,9,47,10
06_32_17_06232_dig_lcd.png,6,32,17
02_36_42_06233_dig_segmented.png,2,36,42
08_22_04_06234_dig_lcd.png,8,22,4
09_09_45_06235_dig_lcd.png,9,9,45
16_28_50_06236_dig_segmented.png,16,28,50
11_20_01_06237_dig_simple.png,11,20,1
13_37_42_06238_dig_lcd.png,13,37,42
22_12_38_06239_dig_lcd.png,22,12,38
23_49_49_06240_dig_lcd.png,23,49,49
11_14_45_06241_dig_lcd.png,11,14,45
12_24_07_06242_dig_lcd.png,12,24,7
03_29_12_06243_dig_segmented.png,3,29,12
10_36_47_06244_dig_segmented.png,10,36,47
02_34_56_06245_dig_simple.png,2,34,56
09_47_10_06246_dig_lcd.png,9,47,10
06_43_48_06247_dig_segmented.png,6,43,48
08_47_59_06248_dig_simple.png,8,47,59
18_15_12_06249_dig_segmented.png,18,15,12
21_42_27_06250_dig_simple.png,21,42,27
02_25_38_06251_dig_simple.png,2,25,38
12_49_52_06252_dig_lcd.png,12,49,52
22_57_39_06253_dig_simple.png,22,57,39
09_47_10_06254_dig_lcd.png,9,47,10
17_46_41_06255_dig_segmented.png,17,46,41
09_42_38_06256_dig_simple.png,9,42,38
17_09_36_06257_dig_segmented.png,17,9,36
00_18_33_06258_dig_lcd.png,0,18,33
21_28_01_06259_dig_simple.png,21,28,1
01_18_51_06260_dig_segmented.png,1,18,51
11_31_18_06261_dig_segmented.png,11,31,18
02_36_42_06262_dig_segmented.png,2,36,42
10_10_27_06263_dig_lcd.png,10,10,27
21_04_16_06264_dig_segmented.png,21,4,16
19_04_46_06265_dig_segmented.png,19,4,46
11_14_45_06266_dig_lcd.png,11,14,45
13_41_26_06267_dig_lcd.png,13,41,26
21_40_08_06268_dig_lcd.png,21,40,8
06_12_22_06269_dig_segmented.png,6,12,22
16_28_50_06270_dig_simple.png,16,28,50
03_49_41_06271_dig_lcd.png,3,49,41
03_18_42_06272_dig_simple.png,3,18,42
13_01_42_06273_dig_simple.png,13,1,42
15_49_16_06274_dig_segmented.png,15,49,16
11_19_58_06275_dig_segmented.png,11,19,58
07_01_36_06276_dig_lcd.png,7,1,36
21_42_27_06277_dig_simple.png,21,42,27
02_45_39_06278_dig_segmented.png,2,45,39
22_24_30_06279_dig_simple.png,22,24,30
14_28_31_06280_dig_simple.png,14,28,31
16_28_50_06281_dig_simple.png,16,28,50
18_18_12_06282_dig_segmented.png,18,18,12
23_05_22_06283_dig_lcd.png,23,5,22
22_47_09_06284_dig_simple.png,22,47,9
16_24_47_06285_dig_segmented.png,16,24,47
20_55_15_06286_dig_segmented.png,20,55,15
07_53_31_06287_dig_simple.png,7,53,31
05_13_37_06288_dig_lcd.png,5,13,37
14_43_52_06289_dig_lcd.png,14,43,52
21_42_27_06290_dig_segmented.png,21,42,27
16_43_44_06291_dig_lcd.png,16,43,44
11_25_51_06292_dig_segmented.png,11,25,51
15_14_33_06293_dig_segmented.png,15,14,33
05_34_09_06294_dig_lcd.png,5,34,9
17_33_59_06295_dig_simple.png,17,33,59
21_15_10_06296_dig_simple.png,21,15,10
00_32_38_06297_dig_simple.png,0,32,38
07_14_16_06298_dig_lcd.png,7,14,16
21_53_18_06299_dig_lcd.png,21,53,18
07_53_26_06300_dig_lcd.png,7,53,26
11_27_45_06301_dig_lcd.png,11,27,45
18_15_12_06302_dig_lcd.png,18,15,12
02_16_00_06303_dig_segmented.png,2,16,0
05_34_09_06304_dig_segmented.png,5,34,9
05_21_54_06305_dig_simple.png,5,21,54
02_34_16_06306_dig_segmented.png,2,34,16
15_14_08_06307_dig_simple.png,15,14,8
14_54_25_06308_dig_simple.png,14,54,25
20_06_38_06309_dig_simple.png,20,6,38
14_50_52_06310_dig_lcd.png,14,50,52
04_08_49_06311_dig_segmented.png,4,8,49
01_59_20_06312_dig_lcd.png,1,59,20
03_18_42_06313_dig_lcd.png,3,18,42
08_13_24_06314_dig_lcd.png,8,13,24
07_53_53_06315_dig_simple.png,7,53,53
16_12_56_06316_dig_lcd.png,16,12,56
04_51_02_06317_dig_lcd.png,4,51,2
11_40_21_06318_dig_lcd.png,11,40,21
23_39_48_06319_dig_simple.png,23,39,48
14_47_36_06320_dig_segmented.png,14,47,36
00_51_28_06321_dig_segmented.png,0,51,28
17_09_36_06322_dig_simple.png,17,9,36
17_51_55_06323_dig_segmented.png,17,51,55
10_47_21_06324_dig_segmented.png,10,47,21
08_47_59_06325_dig_simple.png,8,47,59
20_06_38_06326_dig_lcd.png,20,6,38
19_19_22_06327_dig_lcd.png,19,19,22
17_44_32_06328_dig_segmented.png,17,44,32
22_47_17_06329_dig_segmented.png,22,47,17
10_25_14_06330_dig_simple.png,10,25,14
03_37_06_06331_dig_segmented.png,3,37,6
00_32_38_06332_dig_lcd.png,0,32,38
05_03_00_06333_dig_segmented.png,5,3,0
07_35_43_06334_dig_simple.png,7,35,43
07_39_50_06335_dig_simple.png,7,39,50
08_30_31_06336_dig_lcd.png,8,30,31
23_29_19_06337_dig_lcd.png,23,29,19
12_55_37_06338_dig_lcd.png,12,55,37
14_15_51_06339_dig_segmented.png,14,15,51
16_35_38_06340_dig_simple.png,16,35,38
07_53_53_06341_dig_segmented.png,7,53,53
12_35_28_06342_dig_segmented.png,12,35,28
18_18_23_06343_dig_simple.png,18,18,23
09_04_24_06344_dig_simple.png,9,4,24
00_32_38_06345_dig_lcd.png,0,32,38
16_07_40_06346_dig_segmented.png,16,7,40
07_30_07_06347_dig_segmented.png,7,30,7
05_27_32_06348_dig_segmented.png,5,27,32
11_32_04_06349_dig_segmented.png,11,32,4
12_13_30_06350_dig_segmented.png,12,13,30
08_40_04_06351_dig_lcd.png,8,40,4
11_37_56_06352_dig_lcd.png,11,37,56
09_18_05_06353_dig_simple.png,9,18,5
01_24_36_06354_dig_segmented.png,1,24,36
22_06_19_06355_dig_segmented.png,22,6,19
09_20_39_06356_dig_segmented.png,9,20,39
09_47_10_06357_dig_simple.png,9,47,10
04_12_04_06358_dig_simple.png,4,12,4
03_00_15_06359_dig_segmented.png,3,0,15
06_55_06_06360_dig_segmented.png,6,55,6
16_17_10_06361_dig_segmented.png,16,17,10
20_55_15_06362_dig_segmented.png,20,55,15
20_07_54_06363_dig_segmented.png,20,7,54
17_50_47_06364_dig_lcd.png,17,50,47
04_46_20_06365_dig_segmented.png,4,46,20
08_39_26_06366_dig_lcd.png,8,39,26
00_33_25_06367_dig_simple.png,0,33,25
10_10_27_06368_dig_simple.png,10,10,27
09_09_06_06369_dig_simple.png,9,9,6
04_08_19_06370_dig_lcd.png,4,8,19
03_10_31_06371_dig_simple.png,3,10,31
22_47_17_06372_dig_simple.png,22,47,17
03_52_44_06373_dig_simple.png,3,52,44
17_02_42_06374_dig_segmented.png,17,2,42
03_17_00_06375_dig_segmented.png,3,17,0
12_31_05_06376_dig_lcd.png,12,31,5
23_05_20_06377_dig_lcd.png,23,5,20
07_04_02_06378_dig_simple.png,7,4,2
05_06_46_06379_dig_lcd.png,5,6,46
23_39_48_06380_dig_lcd.png,23,39,48
02_04_41_06381_dig_simple.png,2,4,41
04_10_12_06382_dig_segmented.png,4,10,12
18_38_25_06383_dig_lcd.png,18,38,25
02_51_15_06384_dig_simple.png,2,51,15
04_58_22_06385_dig_simple.png,4,58,22
19_01_51_06386_dig_lcd.png,19,1,51
15_02_01_06387_dig_segmented.png,15,2,1
14_54_40_06388_dig_segmented.png,14,54,40
22_24_30_06389_dig_segmented.png,22,24,30
18_18_23_06390_dig_segmented.png,18,18,23
09_39_15_06391_dig_lcd.png,9,39,15
09_09_06_06392_dig_segmented.png,9,9,6
17_02_42_06393_dig_lcd.png,17,2,42
09_31_45_06394_dig_simple.png,9,31,45
23_29_19_06395_dig_simple.png,23,29,19
14_42_57_06396_dig_lcd.png,14,42,57
02_36_34_06397_dig_lcd.png,2,36,34
13_37_42_06398_dig_segmented.png,13,37,42
08_40_04_06399_dig_lcd.png,8,40,4
04_08_49_06400_dig_simple.png,4,8,49
21_37_43_06401_dig_segmented.png,21,37,43
18_38_25_06402_dig_segmented.png,18,38,25
02_50_09_06403_dig_segmented.png,2,50,9
18_38_25_06404_dig_segmented.png,18,38,25
00_04_03_06405_dig_simple.png,0,4,3
00_07_33_06406_dig_lcd.png,0,7,33
04_33_29_06407_dig_segmented.png,4,33,29
05_31_08_06408_dig_lcd.png,5,31,8
03_21_56_06409_dig_simple.png,3,21,56
11_30_47_06410_dig_lcd.png,11,30,47
08_50_39_06411_dig_segmented.png,8,50,39
18_09_10_06412_dig_simple.png,18,9,10
19_31_41_06413_dig_simple.png,19,31,41
11_31_18_06414_dig_segmented.png,11,31,18
23_49_28_06415_dig_simple.png,23,49,28
18_12_37_06416_dig_lcd.png,18,12,37
00_18_41_06417_dig_simple.png,0,18,41
13_42_00_06418_dig_segmented.png,13,42,0
23_56_12_06419_dig_simple.png,23,56,12
01_40_27_06420_dig_segmented.png,1,40,27
10_10_27_06421_dig_simple.png,10,10,27
09_09_45_06422_dig_simple.png,9,9,45
13_59_19_06423_dig_simple.png,13,59,19
10_03_25_06424_dig_segmented.png,10,3,25
16_44_25_06425_dig_segmented.png,16,44,25
23_49_49_06426_dig_segmented.png,23,49,49
06_28_54_06427_dig_lcd.png,6,28,54
00_23_21_06428_dig_simple.png,0,23,21
09_23_44_06429_dig_segmented.png,9,23,44
00_28_30_06430_dig_lcd.png,0,28,30
06_37_18_06431_dig_simple.png,6,37,18
00_51_44_06432_dig_simple.png,0,51,44
15_03_16_06433_dig_simple.png,15,3,16
05_23_16_06434_dig_lcd.png,5,23,16
05_34_09_06435_dig_simple.png,5,34,9
06_12_22_06436_dig_lcd.png,6,12,22
03_17_00_06437_dig_segmented.png,3,17,0
07_39_50_06438_dig_lcd.png,7,39,50
00_23_21_06439_dig_lcd.png,0,23,21
23_29_19_06440_dig_lcd.png,23,29,19
09_20_39_06441_dig_segmented.png,9,20,39
00_46_56_06442_dig_lcd.png,0,46,56
20_06_41_06443_dig_lcd.png,20,6,41
16_57_56_06444_dig_simple.png,16,57,56
23_42_19_06445_dig_lcd.png,23,42,19
09_47_10_06446_dig_lcd.png,9,47,10
15_18_44_06447_dig_segmented.png,15,18,44
12_55_50_06448_dig_segmented.png,12,55,50
14_15_51_06449_dig_segmented.png,14,15,51
13_37_42_06450_dig_segmented.png,13,37,42
22_47_09_06451_dig_simple.png,22,47,9
15_37_34_06452_dig_simple.png,15,37,34
04_46_20_06453_dig_segmented.png,4,46,20
18_50_41_06454_dig_simple.png,18,50,41
14_47_02_06455_dig_segmented.png,14,47,2
06_55_06_06456_dig_lcd.png,6,55,6
23_44_31_06457_dig_segmented.png,23,44,31
00_46_56_06458_dig_lcd.png,0,46,56
00_16_19_06459_dig_simple.png,0,16,19
00_37_50_06460_dig_simple.png,0,37,50
22_09_26_06461_dig_segmented.png,22,9,26
15_41_24_06462_dig_segmented.png,15,41,24
19_54_10_06463_dig_segmented.png,19,54,10
10_08_36_06464_dig_lcd.png,10,8,36
03_37_06_06465_dig_simple.png,3,37,6
14_16_23_06466_dig_segmented.png,14,16,23
08_40_04_06467_dig_segmented.png,8,40,4
18_45_16_06468_dig_simple.png,18,45,16
01_56_19_06469_dig_segmented.png,1,56,19
09_23_44_06470_dig_segmented.png,9,23,44
15_32_42_06471_dig_segmented.png,15,32,42
07_37_43_06472_dig_simple.png,7,37,43
09_36_41_06473_dig_segmented.png,9,36,41
02_04_41_06474_dig_segmented.png,2,4,41
03_10_31_06475_dig_segmented.png,3,10,31
03_29_12_06476_dig_segmented.png,3,29,12
12_24_07_06477_dig_segmented.png,12,24,7
09_42_38_06478_dig_lcd.png,9,42,38
09_09_06_06479_dig_segmented.png,9,9,6
01_41_10_06480_dig_segmented.png,1,41,10
00_23_21_06481_dig_simple.png,0,23,21
11_31_18_06482_dig_lcd.png,11,31,18
07_35_43_06483_dig_segmented.png,7,35,43
12_12_47_06484_dig_simple.png,12,12,47
11_02_54_06485_dig_simple.png,11,2,54
10_47_21_06486_dig_segmented.png,10,47,21
18_45_16_06487_dig_lcd.png,18,45,16
13_45_41_06488_dig_lcd.png,13,45,41
10_10_27_06489_dig_lcd.png,10,10,27
05_27_32_06490_dig_segmented.png,5,27,32
05_53_15_06491_dig_lcd.png,5,53,15
01_26_54_06492_dig_simple.png,1,26,54
09_39_15_06493_dig_segmented.png,9,39,15
03_12_55_06494_dig_lcd.png,3,12,55
13_33_01_06495_dig_lcd.png,13,33,1
18_08_34_06496_dig_segmented.png,18,8,34
17_34_15_06497_dig_segmented.png,17,34,15
05_34_09_06498_dig_segmented.png,5,34,9
12_19_40_06499_dig_simple.png,12,19,40
13_41_26_06500_dig_segmented.png,13,41,26
12_00_17_06501_dig_segmented.png,12,0,17
01_40_27_06502_dig_simple.png,1,40,27
09_18_05_06503_dig_segmented.png,9,18,5
14_47_36_06504_dig_simple.png,14,47,36
14_10_37_06505_dig_segmented.png,14,10,37
13_49_04_06506_dig_segmented.png,13,49,4
15_03_16_06507_dig_lcd.png,15,3,16
04_22_09_06508_dig_segmented.png,4,22,9
17_02_42_06509_dig_lcd.png,17,2,42
20_45_07_06510_dig_lcd.png,20,45,7
18_15_12_06511_dig_simple.png,18,15,12
12_24_07_06512_dig_lcd.png,12,24,7
18_01_22_06513_dig_lcd.png,18,1,22
02_50_55_06514_dig_segmented.png,2,50,55
08_13_24_06515_dig_segmented.png,8,13,24
14_28_31_06516_dig_segmented.png,14,28,31
00_28_30_06517_dig_segmented.png,0,28,30
17_46_41_06518_dig_lcd.png,17,46,41
14_47_02_06519_dig_lcd.png,14,47,2
00_15_13_06520_dig_simple.png,0,15,13
11_20_01_06521_dig_segmented.png,11,20,1
16_14_11_06522_dig_lcd.png,16,14,11
05_11_01_06523_dig_simple.png,5,11,1
21_22_59_06524_dig_lcd.png,21,22,59
04_08_19_06525_dig_segmented.png,4,8,19
09_31_45_06526_dig_lcd.png,9,31,45
02_57_38_06527_dig_segmented.png,2,57,38
00_13_06_06528_dig_simple.png,0,13,6
15_14_33_06529_dig_simple.png,15,14,33
07_39_50_06530_dig_segmented.png,7,39,50
03_42_31_06531_dig_segmented.png,3,42,31
02_25_38_06532_dig_simple.png,2,25,38
01_12_27_06533_dig_segmented.png,1,12,27
21_18_02_06534_dig_segmented.png,21,18,2
04_12_04_06535_dig_segmented.png,4,12,4
01_40_27_06536_dig_lcd.png,1,40,27
22_59_32_06537_dig_simple.png,22,59,32
04_37_14_06538_dig_segmented.png,4,37,14
00_04_03_06539_dig_lcd.png,0,4,3
04_04_05_06540_dig_simple.png,4,4,5
19_54_10_06541_dig_simple.png,19,54,10
11_31_18_06542_dig_segmented.png,11,31,18
07_53_53_06543_dig_lcd.png,7,53,53
02_54_31_06544_dig_segmented.png,2,54,31
00_04_22_06545_dig_simple.png,0,4,22
17_46_41_06546_dig_segmented.png,17,46,41
02_56_16_06547_dig_simple.png,2,56,16
14_03_12_06548_dig_lcd.png,14,3,12
22_40_44_06549_dig_simple.png,22,40,44
11_49_25_06550_dig_lcd.png,11,49,25
05_27_32_06551_dig_segmented.png,5,27,32
02_16_00_06552_dig_segmented.png,2,16,0
19_12_53_06553_dig_lcd.png,19,12,53
05_13_37_06554_dig_segmented.png,5,13,37
23_49_05_06555_dig_segmented.png,23,49,5
17_37_04_06556_dig_simple.png,17,37,4
21_18_02_06557_dig_simple.png,21,18,2
12_55_50_06558_dig_segmented.png,12,55,50
22_36_21_06559_dig_simple.png,22,36,21
21_15_10_06560_dig_simple.png,21,15,10
21_22_59_06561_dig_simple.png,21,22,59
00_28_30_06562_dig_simple.png,0,28,30
15_03_16_06563_dig_lcd.png,15,3,16
11_31_18_06564_dig_lcd.png,11,31,18
17_22_45_06565_dig_lcd.png,17,22,45
19_05_53_06566_dig_simple.png,19,5,53
11_22_48_06567_dig_lcd.png,11,22,48
06_33_33_06568_dig_segmented.png,6,33,33
22_51_43_06569_dig_segmented.png,22,51,43
12_19_40_06570_dig_simple.png,12,19,40
03_29_12_06571_dig_simple.png,3,29,12
21_11_07_06572_dig_lcd.png,21,11,7
07_19_24_06573_dig_simple.png,7,19,24
02_36_30_06574_dig_simple.png,2,36,30
14_54_40_06575_dig_simple.png,14,54,40
23_05_20_06576_dig_simple.png,23,5,20
04_08_49_06577_dig_simple.png,4,8,49
00_28_30_06578_dig_lcd.png,0,28,30
09_43_20_06579_dig_simple.png,9,43,20
08_50_39_06580_dig_segmented.png,8,50,39
13_38_53_06581_dig_segmented.png,13,38,53
01_47_06_06582_dig_simple.png,1,47,6
16_17_10_06583_dig_segmented.png,16,17,10
09_42_38_06584_dig_simple.png,9,42,38
00_07_33_06585_dig_simple.png,0,7,33
18_01_22_06586_dig_segmented.png,18,1,22
22_40_44_06587_dig_simple.png,22,40,44
01_40_27_06588_dig_lcd.png,1,40,27
10_46_50_06589_dig_lcd.png,10,46,50
16_14_11_06590_dig_segmented.png,16,14,11
21_37_43_06591_dig_segmented.png,21,37,43
08_36_49_06592_dig_lcd.png,8,36,49
18_38_25_06593_dig_lcd.png,18,38,25
07_39_50_06594_dig_simple.png,7,39,50
01_12_27_06595_dig_simple.png,1,12,27
00_08_23_06596_dig_lcd.png,0,8,23
06_28_54_06597_dig_lcd.png,6,28,54
17_14_56_06598_dig_lcd.png,17,14,56
00_23_21_06599_dig_simple.png,0,23,21
03_49_41_06600_dig_segmented.png,3,49,41
16_46_15_06601_dig_lcd.png,16,46,15
23_49_28_06602_dig_lcd.png,23,49,28
22_25_13_06603_dig_lcd.png,22,25,13
01_56_19_06604_dig_lcd.png,1,56,19
16_17_10_06605_dig_simple.png,16,17,10
09_31_45_06606_dig_lcd.png,9,31,45
02_45_39_06607_dig_segmented.png,2,45,39
07_44_16_06608_dig_lcd.png,7,44,16
07_31_35_06609_dig_lcd.png,7,31,35
12_08_40_06610_dig_segmented.png,12,8,40
03_48_59_06611_dig_lcd.png,3,48,59
07_53_26_06612_dig_segmented.png,7,53,26
11_30_47_06613_dig_segmented.png,11,30,47
12_55_50_06614_dig_simple.png,12,55,50
02_29_53_06615_dig_lcd.png,2,29,53
02_45_39_06616_dig_segmented.png,2,45,39
12_03_47_06617_dig_segmented.png,12,3,47
08_36_49_06618_dig_lcd.png,8,36,49
09_23_44_06619_dig_lcd.png,9,23,44
09_57_20_06620_dig_simple.png,9,57,20
06_32_17_06621_dig_lcd.png,6,32,17
05_23_16_06622_dig_lcd.png,5,23,16
12_34_14_06623_dig_lcd.png,12,34,14
12_29_08_06624_dig_lcd.png,12,29,8
10_47_42_06625_dig_simple.png,10,47,42
13_49_04_06626_dig_lcd.png,13,49,4
18_15_12_06627_dig_simple.png,18,15,12
18_52_32_06628_dig_segmented.png,18,52,32
18_52_32_06629_dig_lcd.png,18,52,32
04_46_20_06630_dig_simple.png,4,46,20
12_40_58_06631_dig_lcd.png,12,40,58
14_43_52_06632_dig_simple.png,14,43,52
20_45_06_06633_dig_simple.png,20,45,6
09_18_05_06634_dig_segmented.png,9,18,5
09_23_19_06635_dig_lcd.png,9,23,19
04_09_44_06636_dig_simple.png,4,9,44
23_54_03_06637_dig_segmented.png,23,54,3
03_12_53_06638_dig_lcd.png,3,12,53
14_10_37_06639_dig_lcd.png,14,10,37
07_53_31_06640_dig_segmented.png,7,53,31
05_53_15_06641_dig_lcd.png,5,53,15
23_52_07_06642_dig_simple.png,23,52,7
00_04_03_06643_dig_simple.png,0,4,3
05_27_42_06644_dig_simple.png,5,27,42
21_37_43_06645_dig_simple.png,21,37,43
09_23_19_06646_dig_simple.png,9,23,19
08_01_35_06647_dig_segmented.png,8,1,35
04_26_31_06648_dig_simple.png,4,26,31
08_27_44_06649_dig_lcd.png,8,27,44
10_23_40_06650_dig_simple.png,10,23,40
12_55_37_06651_dig_simple.png,12,55,37
10_59_06_06652_dig_lcd.png,10,59,6
00_04_20_06653_dig_simple.png,0,4,20
21_18_02_06654_dig_segmented.png,21,18,2
17_40_28_06655_dig_segmented.png,17,40,28
19_26_00_06656_dig_simple.png,19,26,0
02_52_52_06657_dig_lcd.png,2,52,52
21_37_43_06658_dig_simple.png,21,37,43
14_47_02_06659_dig_segmented.png,14,47,2
00_51_44_06660_dig_simple.png,0,51,44
11_19_24_06661_dig_simple.png,11,19,24
17_34_15_06662_dig_lcd.png,17,34,15
08_40_04_06663_dig_simple.png,8,40,4
22_51_43_06664_dig_segmented.png,22,51,43
10_23_40_06665_dig_simple.png,10,23,40
09_09_06_06666_dig_segmented.png,9,9,6
21_23_29_06667_dig_simple.png,21,23,29
09_42_38_06668_dig_simple.png,9,42,38
20_45_06_06669_dig_simple.png,20,45,6
18_25_47_06670_dig_segmented.png,18,25,47
10_15_33_06671_dig_segmented.png,10,15,33
02_57_38_06672_dig_simple.png,2,57,38
15_58_20_06673_dig_segmented.png,15,58,20
20_06_41_06674_dig_simple.png,20,6,41
23_42_19_06675_dig_lcd.png,23,42,19
14_28_31_06676_dig_segmented.png,14,28,31
07_53_26_06677_dig_simple.png,7,53,26
00_04_22_06678_dig_segmented.png,0,4,22
14_32_15_06679_dig_simple.png,14,32,15
00_04_54_06680_dig_simple.png,0,4,54
21_47_17_06681_dig_simple.png,21,47,17
12_24_07_06682_dig_segmented.png,12,24,7
23_49_05_06683_dig_segmented.png,23,49,5
04_26_43_06684_dig_segmented.png,4,26,43
00_51_28_06685_dig_segmented.png,0,51,28
14_47_02_06686_dig_segmented.png,14,47,2
03_18_42_06687_dig_lcd.png,3,18,42
00_04_22_06688_dig_simple.png,0,4,22
03_48_59_06689_dig_lcd.png,3,48,59
14_04_48_06690_dig_simple.png,14,4,48
16_43_44_06691_dig_segmented.png,16,43,44
08_50_39_06692_dig_lcd.png,8,50,39
19_54_10_06693_dig_segmented.png,19,54,10
12_03_47_06694_dig_simple.png,12,3,47
22_12_38_06695_dig_lcd.png,22,12,38
00_16_19_06696_dig_segmented.png,0,16,19
02_56_16_06697_dig_segmented.png,2,56,16
11_25_51_06698_dig_segmented.png,11,25,51
00_31_55_06699_dig_lcd.png,0,31,55
15_18_44_06700_dig_simple.png,15,18,44
20_32_18_06701_dig_lcd.png,20,32,18
18_12_37_06702_dig_simple.png,18,12,37
23_29_19_06703_dig_simple.png,23,29,19
02_55_46_06704_dig_lcd.png,2,55,46
16_28_50_06705_dig_simple.png,16,28,50
06_55_06_06706_dig_segmented.png,6,55,6
07_56_53_06707_dig_lcd.png,7,56,53
14_28_31_06708_dig_lcd.png,14,28,31
00_46_56_06709_dig_segmented.png,0,46,56
17_51_55_06710_dig_segmented.png,17,51,55
21_37_43_06711_dig_segmented.png,21,37,43
17_40_28_06712_dig_simple.png,17,40,28
10_10_27_06713_dig_segmented.png,10,10,27
06_33_33_06714_dig_segmented.png,6,33,33
10_39_37_06715_dig_simple.png,10,39,37
21_15_10_06716_dig_lcd.png,21,15,10
17_22_45_06717_dig_simple.png,17,22,45
07_44_16_06718_dig_lcd.png,7,44,16
23_49_49_06719_dig_segmented.png,23,49,49
02_52_52_06720_dig_segmented.png,2,52,52
13_16_06_06721_dig_simple.png,13,16,6
20_19_30_06722_dig_lcd.png,20,19,30
13_12_20_06723_dig_simple.png,13,12,20
20_06_41_06724_dig_simple.png,20,6,41
15_18_44_06725_dig_segmented.png,15,18,44
04_04_05_06726_dig_segmented.png,4,4,5
03_12_53_06727_dig_simple.png,3,12,53
21_13_47_06728_dig_simple.png,21,13,47
13_16_06_06729_dig_lcd.png,13,16,6
06_38_49_06730_dig_lcd.png,6,38,49
07_01_36_06731_dig_segmented.png,7,1,36
11_14_45_06732_dig_lcd.png,11,14,45
03_06_14_06733_dig_lcd.png,3,6,14
09_40_41_06734_dig_simple.png,9,40,41
19_26_00_06735_dig_segmented.png,19,26,0
18_45_16_06736_dig_simple.png,18,45,16
18_08_34_06737_dig_lcd.png,18,8,34
15_03_16_06738_dig_segmented.png,15,3,16
05_39_33_06739_dig_simple.png,5,39,33
04_16_32_06740_dig_simple.png,4,16,32
13_59_19_06741_dig_segmented.png,13,59,19
06_16_08_06742_dig_lcd.png,6,16,8
23_44_31_06743_dig_simple.png,23,44,31
04_26_43_06744_dig_segmented.png,4,26,43
07_53_53_06745_dig_simple.png,7,53,53
17_34_15_06746_dig_segmented.png,17,34,15
13_38_53_06747_dig_simple.png,13,38,53
14_13_24_06748_dig_segmented.png,14,13,24
02_50_55_06749_dig_segmented.png,2,50,55
15_14_08_06750_dig_segmented.png,15,14,8
00_10_25_06751_dig_segmented.png,0,10,25
08_37_16_06752_dig_segmented.png,8,37,16
17_46_41_06753_dig_segmented.png,17,46,41
07_53_53_06754_dig_segmented.png,7,53,53
03_47_17_06755_dig_simple.png,3,47,17
13_52_55_06756_dig_lcd.png,13,52,55
00_32_38_06757_dig_lcd.png,0,32,38
03_47_17_06758_dig_lcd.png,3,47,17
22_09_26_06759_dig_simple.png,22,9,26
11_19_24_06760_dig_simple.png,11,19,24
08_50_39_06761_dig_lcd.png,8,50,39
19_06_18_06762_dig_segmented.png,19,6,18
10_46_50_06763_dig_segmented.png,10,46,50
08_36_49_06764_dig_lcd.png,8,36,49
08_02_49_06765_dig_lcd.png,8,2,49
14_42_57_06766_dig_segmented.png,14,42,57
06_55_06_06767_dig_segmented.png,6,55,6
15_14_08_06768_dig_lcd.png,15,14,8
12_53_11_06769_dig_lcd.png,12,53,11
02_29_53_06770_dig_segmented.png,2,29,53
23_49_28_06771_dig_segmented.png,23,49,28
08_27_22_06772_dig_lcd.png,8,27,22
21_34_02_06773_dig_lcd.png,21,34,2
18_18_23_06774_dig_simple.png,18,18,23
06_48_03_06775_dig_simple.png,6,48,3
14_54_25_06776_dig_simple.png,14,54,25
04_37_14_06777_dig_lcd.png,4,37,14
21_23_29_06778_dig_lcd.png,21,23,29
13_38_53_06779_dig_simple.png,13,38,53
14_03_12_06780_dig_segmented.png,14,3,12
02_29_53_06781_dig_lcd.png,2,29,53
16_35_38_06782_dig_simple.png,16,35,38
23_23_55_06783_dig_lcd.png,23,23,55
06_21_06_06784_dig_simple.png,6,21,6
14_04_48_06785_dig_segmented.png,14,4,48
14_57_18_06786_dig_simple.png,14,57,18
00_04_20_06787_dig_simple.png,0,4,20
05_11_01_06788_dig_segmented.png,5,11,1
17_34_15_06789_dig_simple.png,17,34,15
13_16_06_06790_dig_simple.png,13,16,6
00_32_38_06791_dig_simple.png,0,32,38
04_22_09_06792_dig_lcd.png,4,22,9
14_54_25_06793_dig_lcd.png,14,54,25
02_29_53_06794_dig_lcd.png,2,29,53
08_50_39_06795_dig_lcd.png,8,50,39
12_35_28_06796_dig_lcd.png,12,35,28
06_38_49_06797_dig_segmented.png,6,38,49
14_42_57_06798_dig_lcd.png,14,42,57
13_52_55_06799_dig_simple.png,13,52,55
23_39_48_06800_dig_simple.png,23,39,48
02_16_00_06801_dig_segmented.png,2,16,0
23_23_55_06802_dig_segmented.png,23,23,55
04_16_32_06803_dig_simple.png,4,16,32
04_26_31_06804_dig_lcd.png,4,26,31
11_49_25_06805_dig_segmented.png,11,49,25
03_05_48_06806_dig_lcd.png,3,5,48
08_56_12_06807_dig_segmented.png,8,56,12
03_47_17_06808_dig_lcd.png,3,47,17
04_10_12_06809_dig_segmented.png,4,10,12
18_50_41_06810_dig_lcd.png,18,50,41
22_25_13_06811_dig_simple.png,22,25,13
13_41_26_06812_dig_segmented.png,13,41,26
06_12_22_06813_dig_simple.png,6,12,22
00_13_06_06814_dig_lcd.png,0,13,6
05_39_33_06815_dig_segmented.png,5,39,33
06_43_48_06816_dig_segmented.png,6,43,48
15_58_20_06817_dig_segmented.png,15,58,20
11_49_25_06818_dig_segmented.png,11,49,25
21_47_17_06819_dig_simple.png,21,47,17
17_46_41_06820_dig_simple.png,17,46,41
13_59_19_06821_dig_lcd.png,13,59,19
06_40_54_06822_dig_lcd.png,6,40,54
00_13_06_06823_dig_lcd.png,0,13,6
20_55_15_06824_dig_lcd.png,20,55,15
03_42_31_06825_dig_lcd.png,3,42,31
14_03_12_06826_dig_segmented.png,14,3,12
01_26_54_06827_dig_simple.png,1,26,54
14_10_37_06828_dig_lcd.png,14,10,37
22_06_19_06829_dig_segmented.png,22,6,19
11_30_47_06830_dig_segmented.png,11,30,47
06_29_58_06831_dig_lcd.png,6,29,58
23_52_13_06832_dig_segmented.png,23,52,13
01_47_06_06833_dig_segmented.png,1,47,6
20_54_43_06834_dig_segmented.png,20,54,43
19_05_53_06835_dig_lcd.png,19,5,53
11_30_47_06836_dig_lcd.png,11,30,47
03_52_44_06837_dig_lcd.png,3,52,44
07_31_35_06838_dig_lcd.png,7,31,35
02_51_15_06839_dig_simple.png,2,51,15
19_04_46_06840_dig_segmented.png,19,4,46
14_16_23_06841_dig_lcd.png,14,16,23
08_56_12_06842_dig_simple.png,8,56,12
11_34_46_06843_dig_simple.png,11,34,46
21_37_43_06844_dig_segmented.png,21,37,43
20_42_24_06845_dig_lcd.png,20,42,24
10_23_40_06846_dig_segmented.png,10,23,40
23_39_48_06847_dig_lcd.png,23,39,48
19_35_27_06848_dig_simple.png,19,35,27
04_58_22_06849_dig_segmented.png,4,58,22
07_39_50_06850_dig_simple.png,7,39,50
14_53_37_06851_dig_lcd.png,14,53,37
15_58_20_06852_dig_lcd.png,15,58,20
06_21_06_06853_dig_segmented.png,6,21,6
11_19_58_06854_dig_segmented.png,11,19,58
14_55_35_06855_dig_segmented.png,14,55,35
23_49_05_06856_dig_segmented.png,23,49,5
06_43_35_06857_dig_segmented.png,6,43,35
04_22_09_06858_dig_simple.png,4,22,9
15_14_33_06859_dig_segmented.png,15,14,33
05_55_57_06860_dig_lcd.png,5,55,57
19_12_53_06861_dig_simple.png,19,12,53
15_14_08_06862_dig_simple.png,15,14,8
19_26_00_06863_dig_segmented.png,19,26,0
03_17_00_06864_dig_segmented.png,3,17,0
21_37_43_06865_dig_segmented.png,21,37,43
15_31_23_06866_dig_simple.png,15,31,23
07_53_53_06867_dig_simple.png,7,53,53
14_32_15_06868_dig_lcd.png,14,32,15
14_47_36_06869_dig_simple.png,14,47,36
09_24_56_06870_dig_simple.png,9,24,56
11_36_55_06871_dig_simple.png,11,36,55
09_18_05_06872_dig_segmented.png,9,18,5
00_20_08_06873_dig_segmented.png,0,20,8
02_57_38_06874_dig_segmented.png,2,57,38
05_11_01_06875_dig_simple.png,5,11,1
11_31_18_06876_dig_segmented.png,11,31,18
02_52_52_06877_dig_simple.png,2,52,52
17_46_41_06878_dig_segmented.png,17,46,41
01_40_27_06879_dig_lcd.png,1,40,27
00_16_19_06880_dig_lcd.png,0,16,19
10_47_42_06881_dig_simple.png,10,47,42
13_38_53_06882_dig_lcd.png,13,38,53
13_01_42_06883_dig_segmented.png,13,1,42
09_31_45_06884_dig_segmented.png,9,31,45
01_47_06_06885_dig_simple.png,1,47,6
11_20_01_06886_dig_simple.png,11,20,1
23_54_03_06887_dig_segmented.png,23,54,3
14_03_12_06888_dig_segmented.png,14,3,12
09_20_39_06889_dig_segmented.png,9,20,39
08_13_24_06890_dig_simple.png,8,13,24
02_36_30_06891_dig_segmented.png,2,36,30
14_57_18_06892_dig_simple.png,14,57,18
21_11_07_06893_dig_segmented.png,21,11,7
16_28_50_06894_dig_simple.png,16,28,50
15_02_01_06895_dig_segmented.png,15,2,1
23_49_28_06896_dig_segmented.png,23,49,28
05_53_15_06897_dig_segmented.png,5,53,15
13_33_01_06898_dig_lcd.png,13,33,1
06_37_18_06899_dig_lcd.png,6,37,18
06_48_03_06900_dig_segmented.png,6,48,3
07_37_43_06901_dig_segmented.png,7,37,43
02_56_16_06902_dig_segmented.png,2,56,16
11_50_35_06903_dig_lcd.png,11,50,35
10_35_40_06904_dig_segmented.png,10,35,40
14_54_25_06905_dig_segmented.png,14,54,25
21_17_20_06906_dig_simple.png,21,17,20
07_56_53_06907_dig_lcd.png,7,56,53
20_55_15_06908_dig_lcd.png,20,55,15
15_41_24_06909_dig_simple.png,15,41,24
06_29_58_06910_dig_segmented.png,6,29,58
14_47_36_06911_dig_lcd.png,14,47,36
23_42_19_06912_dig_segmented.png,23,42,19
21_04_16_06913_dig_lcd.png,21,4,16
11_22_48_06914_dig_segmented.png,11,22,48
07_53_31_06915_dig_simple.png,7,53,31
16_17_10_06916_dig_lcd.png,16,17,10
09_31_45_06917_dig_lcd.png,9,31,45
18_12_37_06918_dig_segmented.png,18,12,37
18_15_12_06919_dig_simple.png,18,15,12
02_29_53_06920_dig_segmented.png,2,29,53
16_24_47_06921_dig_lcd.png,16,24,47
07_53_31_06922_dig_segmented.png,7,53,31
01_26_54_06923_dig_lcd.png,1,26,54
05_23_16_06924_dig_simple.png,5,23,16
03_12_55_06925_dig_lcd.png,3,12,55
23_04_31_06926_dig_lcd.png,23,4,31
21_22_59_06927_dig_simple.png,21,22,59
10_25_14_06928_dig_lcd.png,10,25,14
01_26_54_06929_dig_simple.png,1,26,54
14_43_52_06930_dig_segmented.png,14,43,52
18_01_22_06931_dig_lcd.png,18,1,22
00_51_44_06932_dig_simple.png,0,51,44
21_04_16_06933_dig_lcd.png,21,4,16
14_47_02_06934_dig_simple.png,14,47,2
12_55_37_06935_dig_simple.png,12,55,37
16_07_40_06936_dig_simple.png,16,7,40
20_19_30_06937_dig_segmented.png,20,19,30
10_47_21_06938_dig_segmented.png,10,47,21
06_12_22_06939_dig_lcd.png,6,12,22
07_14_16_06940_dig_segmented.png,7,14,16
14_45_10_06941_dig_simple.png,14,45,10
20_45_07_06942_dig_segmented.png,20,45,7
18_38_08_06943_dig_lcd.png,18,38,8
20_35_14_06944_dig_simple.png,20,35,14
12_12_47_06945_dig_segmented.png,12,12,47
10_35_40_06946_dig_simple.png,10,35,40
19_05_53_06947_dig_simple.png,19,5,53
19_10_04_06948_dig_simple.png,19,10,4
00_04_20_06949_dig_segmented.png,0,4,20
19_01_51_06950_dig_lcd.png,19,1,51
06_48_42_06951_dig_lcd.png,6,48,42
04_26_43_06952_dig_segmented.png,4,26,43
06_48_42_06953_dig_segmented.png,6,48,42
22_12_38_06954_dig_lcd.png,22,12,38
15_03_16_06955_dig_simple.png,15,3,16
13_42_00_06956_dig_segmented.png,13,42,0
08_56_12_06957_dig_segmented.png,8,56,12
01_40_27_06958_dig_simple.png,1,40,27
03_06_14_06959_dig_simple.png,3,6,14
12_15_41_06960_dig_segmented.png,12,15,41
21_11_07_06961_dig_lcd.png,21,11,7
19_54_10_06962_dig_lcd.png,19,54,10
16_07_21_06963_dig_simple.png,16,7,21
10_52_44_06964_dig_lcd.png,10,52,44
04_22_09_06965_dig_segmented.png,4,22,9
07_56_53_06966_dig_segmented.png,7,56,53
06_12_22_06967_dig_lcd.png,6,12,22
14_13_24_06968_dig_lcd.png,14,13,24
21_42_27_06969_dig_simple.png,21,42,27
17_50_47_06970_dig_lcd.png,17,50,47
13_37_42_06971_dig_segmented.png,13,37,42
09_31_45_06972_dig_lcd.png,9,31,45
11_07_20_06973_dig_segmented.png,11,7,20
00_33_25_06974_dig_segmented.png,0,33,25
14_42_57_06975_dig_segmented.png,14,42,57
00_39_41_06976_dig_simple.png,0,39,41
19_04_18_06977_dig_lcd.png,19,4,18
17_40_28_06978_dig_segmented.png,17,40,28
02_53_31_06979_dig_segmented.png,2,53,31
13_42_00_06980_dig_segmented.png,13,42,0
04_58_22_06981_dig_segmented.png,4,58,22
05_11_01_06982_dig_lcd.png,5,11,1
12_13_30_06983_dig_segmented.png,12,13,30
12_15_41_06984_dig_lcd.png,12,15,41
02_25_38_06985_dig_simple.png,2,25,38
02_55_46_06986_dig_segmented.png,2,55,46
16_17_10_06987_dig_simple.png,16,17,10
22_24_30_06988_dig_simple.png,22,24,30
12_40_58_06989_dig_segmented.png,12,40,58
02_53_31_06990_dig_segmented.png,2,53,31
04_10_12_06991_dig_simple.png,4,10,12
00_46_56_06992_dig_simple.png,0,46,56
09_14_11_06993_dig_lcd.png,9,14,11
01_40_27_06994_dig_simple.png,1,40,27
17_44_32_06995_dig_segmented.png,17,44,32
17_40_48_06996_dig_simple.png,17,40,48
23_05_22_06997_dig_simple.png,23,5,22
04_12_04_06998_dig_segmented.png,4,12,4
21_15_10_06999_dig_simple.png,21,15,10
08_22_04_07000_dig_lcd.png,8,22,4
10_47_21_07001_dig_simple.png,10,47,21
18_50_41_07002_dig_simple.png,18,50,41
17_35_38_07003_dig_segmented.png,17,35,38
00_04_03_07004_dig_simple.png,0,4,3
20_16_08_07005_dig_lcd.png,20,16,8
06_33_33_07006_dig_simple.png,6,33,33
22_12_38_07007_dig_segmented.png,22,12,38
22_51_43_07008_dig_simple.png,22,51,43
01_09_35_07009_dig_segmented.png,1,9,35
09_31_45_07010_dig_simple.png,9,31,45
11_22_48_07011_dig_lcd.png,11,22,48
16_44_25_07012_dig_simple.png,16,44,25
19_10_04_07013_dig_simple.png,19,10,4
15_49_16_07014_dig_simple.png,15,49,16
04_51_02_07015_dig_segmented.png,4,51,2
04_26_43_07016_dig_segmented.png,4,26,43
00_16_19_07017_dig_lcd.png,0,16,19
05_06_46_07018_dig_simple.png,5,6,46
06_43_35_07019_dig_simple.png,6,43,35
17_44_32_07020_dig_simple.png,17,44,32
20_16_08_07021_dig_segmented.png,20,16,8
00_10_25_07022_dig_segmented.png,0,10,25
21_28_01_07023_dig_segmented.png,21,28,1
04_51_02_07024_dig_simple.png,4,51,2
21_15_10_07025_dig_segmented.png,21,15,10
13_52_55_07026_dig_simple.png,13,52,55
04_33_29_07027_dig_segmented.png,4,33,29
00_51_14_07028_dig_segmented.png,0,51,14
15_27_41_07029_dig_simple.png,15,27,41
17_22_45_07030_dig_simple.png,17,22,45
17_09_36_07031_dig_segmented.png,17,9,36
19_05_53_07032_dig_segmented.png,19,5,53
14_04_48_07033_dig_lcd.png,14,4,48
15_16_17_07034_dig_lcd.png,15,16,17
21_23_29_07035_dig_simple.png,21,23,29
14_47_36_07036_dig_simple.png,14,47,36
10_06_39_07037_dig_simple.png,10,6,39
19_04_18_07038_dig_simple.png,19,4,18
18_18_23_07039_dig_lcd.png,18,18,23
01_16_29_07040_dig_simple.png,1,16,29
13_37_42_07041_dig_segmented.png,13,37,42
12_21_40_07042_dig_segmented.png,12,21,40
18_52_32_07043_dig_segmented.png,18,52,32
12_34_14_07044_dig_simple.png,12,34,14
05_42_51_07045_dig_segmented.png,5,42,51
11_31_18_07046_dig_lcd.png,11,31,18
14_55_35_07047_dig_simple.png,14,55,35
23_46_00_07048_dig_lcd.png,23,46,0
13_42_00_07049_dig_segmented.png,13,42,0
22_40_44_07050_dig_segmented.png,22,40,44
13_33_01_07051_dig_simple.png,13,33,1
05_27_32_07052_dig_lcd.png,5,27,32
03_10_31_07053_dig_simple.png,3,10,31
08_30_31_07054_dig_simple.png,8,30,31
04_08_19_07055_dig_lcd.png,4,8,19
23_05_20_07056_dig_lcd.png,23,5,20
09_14_11_07057_dig_simple.png,9,14,11
21_28_01_07058_dig_segmented.png,21,28,1
22_57_39_07059_dig_simple.png,22,57,39
12_00_17_07060_dig_lcd.png,12,0,17
14_43_52_07061_dig_simple.png,14,43,52
05_31_08_07062_dig_lcd.png,5,31,8
13_39_44_07063_dig_lcd.png,13,39,44
09_26_48_07064_dig_simple.png,9,26,48
06_16_08_07065_dig_segmented.png,6,16,8
03_49_41_07066_dig_lcd.png,3,49,41
06_48_42_07067_dig_segmented.png,6,48,42
23_44_31_07068_dig_segmented.png,23,44,31
15_32_42_07069_dig_lcd.png,15,32,42
08_50_39_07070_dig_lcd.png,8,50,39
16_44_25_07071_dig_simple.png,16,44,25
20_42_24_07072_dig_segmented.png,20,42,24
21_37_43_07073_dig_simple.png,21,37,43
07_14_16_07074_dig_lcd.png,7,14,16
03_12_55_07075_dig_lcd.png,3,12,55
14_15_34_07076_dig_simple.png,14,15,34
18_18_23_07077_dig_simple.png,18,18,23
11_36_55_07078_dig_segmented.png,11,36,55
14_53_37_07079_dig_segmented.png,14,53,37
09_12_03_07080_dig_lcd.png,9,12,3
13_16_06_07081_dig_simple.png,13,16,6
20_42_24_07082_dig_simple.png,20,42,24
06_48_42_07083_dig_segmented.png,6,48,42
11_40_21_07084_dig_segmented.png,11,40,21
02_51_15_07085_dig_simple.png,2,51,15
08_40_04_07086_dig_segmented.png,8,40,4
00_31_55_07087_dig_lcd.png,0,31,55
10_06_39_07088_dig_segmented.png,10,6,39
14_55_35_07089_dig_lcd.png,14,55,35
23_05_22_07090_dig_lcd.png,23,5,22
06_48_03_07091_dig_simple.png,6,48,3
02_45_39_07092_dig_segmented.png,2,45,39
19_04_46_07093_dig_lcd.png,19,4,46
12_19_40_07094_dig_lcd.png,12,19,40
16_28_50_07095_dig_lcd.png,16,28,50
12_21_40_07096_dig_segmented.png,12,21,40
22_09_26_07097_dig_segmented.png,22,9,26
01_18_51_07098_dig_simple.png,1,18,51
09_20_39_07099_dig_simple.png,9,20,39
11_19_24_07100_dig_simple.png,11,19,24
00_16_19_07101_dig_simple.png,0,16,19
12_55_37_07102_dig_lcd.png,12,55,37
16_46_15_07103_dig_simple.png,16,46,15
09_14_11_07104_dig_simple.png,9,14,11
10_32_29_07105_dig_segmented.png,10,32,29
21_13_47_07106_dig_lcd.png,21,13,47
08_59_56_07107_dig_simple.png,8,59,56
14_15_34_07108_dig_segmented.png,14,15,34
12_40_58_07109_dig_simple.png,12,40,58
16_59_01_07110_dig_lcd.png,16,59,1
02_53_31_07111_dig_lcd.png,2,53,31
13_12_20_07112_dig_lcd.png,13,12,20
15_41_24_07113_dig_segmented.png,15,41,24
23_49_49_07114_dig_simple.png,23,49,49
13_33_01_07115_dig_segmented.png,13,33,1
15_16_17_07116_dig_segmented.png,15,16,17
07_01_36_07117_dig_simple.png,7,1,36
00_28_30_07118_dig_lcd.png,0,28,30
23_05_20_07119_dig_simple.png,23,5,20
12_13_30_07120_dig_segmented.png,12,13,30
09_11_53_07121_dig_segmented.png,9,11,53
22_51_43_07122_dig_simple.png,22,51,43
04_33_29_07123_dig_simple.png,4,33,29
20_58_06_07124_dig_lcd.png,20,58,6
06_43_35_07125_dig_segmented.png,6,43,35
00_08_23_07126_dig_segmented.png,0,8,23
03_52_44_07127_dig_simple.png,3,52,44
10_46_50_07128_dig_segmented.png,10,46,50
12_00_17_07129_dig_lcd.png,12,0,17
18_52_32_07130_dig_simple.png,18,52,32
04_08_49_07131_dig_lcd.png,4,8,49
03_11_04_07132_dig_simple.png,3,11,4
00_31_55_07133_dig_lcd.png,0,31,55
10_39_37_07134_dig_segmented.png,10,39,37
18_38_08_07135_dig_lcd.png,18,38,8
19_12_53_07136_dig_lcd.png,19,12,53
02_56_16_07137_dig_segmented.png,2,56,16
03_42_31_07138_dig_lcd.png,3,42,31
20_19_30_07139_dig_segmented.png,20,19,30
01_56_19_07140_dig_segmented.png,1,56,19
06_40_54_07141_dig_simple.png,6,40,54
23_04_31_07142_dig_segmented.png,23,4,31
10_15_33_07143_dig_simple.png,10,15,33
15_41_24_07144_dig_simple.png,15,41,24
09_14_11_07145_dig_lcd.png,9,14,11
12_08_40_07146_dig_simple.png,12,8,40
06_48_42_07147_dig_lcd.png,6,48,42
23_54_03_07148_dig_simple.png,23,54,3
12_13_30_07149_dig_lcd.png,12,13,30
08_01_35_07150_dig_simple.png,8,1,35
03_05_38_07151_dig_simple.png,3,5,38
02_29_53_07152_dig_lcd.png,2,29,53
11_27_45_07153_dig_lcd.png,11,27,45
00_15_13_07154_dig_segmented.png,0,15,13
22_12_38_07155_dig_segmented.png,22,12,38
08_50_39_07156_dig_lcd.png,8,50,39
12_34_14_07157_dig_lcd.png,12,34,14
02_54_31_07158_dig_lcd.png,2,54,31
05_27_32_07159_dig_lcd.png,5,27,32
05_06_46_07160_dig_simple.png,5,6,46
00_51_28_07161_dig_lcd.png,0,51,28
23_49_28_07162_dig_segmented.png,23,49,28
21_04_16_07163_dig_lcd.png,21,4,16
14_15_34_07164_dig_segmented.png,14,15,34
06_43_35_07165_dig_segmented.png,6,43,35
11_22_48_07166_dig_simple.png,11,22,48
05_53_15_07167_dig_lcd.png,5,53,15
12_08_40_07168_dig_lcd.png,12,8,40
21_47_17_07169_dig_lcd.png,21,47,17
06_12_22_07170_dig_simple.png,6,12,22
04_33_29_07171_dig_segmented.png,4,33,29
13_52_55_07172_dig_lcd.png,13,52,55
05_55_57_07173_dig_segmented.png,5,55,57
04_08_19_07174_dig_simple.png,4,8,19
10_46_50_07175_dig_simple.png,10,46,50
21_23_29_07176_dig_segmented.png,21,23,29
02_53_31_07177_dig_lcd.png,2,53,31
19_12_53_07178_dig_lcd.png,19,12,53
17_37_04_07179_dig_segmented.png,17,37,4
17_46_41_07180_dig_lcd.png,17,46,41
04_07_10_07181_dig_lcd.png,4,7,10
11_07_20_07182_dig_segmented.png,11,7,20
04_51_02_07183_dig_segmented.png,4,51,2
09_18_05_07184_dig_segmented.png,9,18,5
05_03_00_07185_dig_segmented.png,5,3,0
00_28_30_07186_dig_simple.png,0,28,30
00_16_19_07187_dig_lcd.png,0,16,19
16_59_01_07188_dig_lcd.png,16,59,1
09_11_53_07189_dig_lcd.png,9,11,53
08_36_49_07190_dig_segmented.png,8,36,49
18_09_10_07191_dig_segmented.png,18,9,10
13_12_20_07192_dig_simple.png,13,12,20
20_45_06_07193_dig_segmented.png,20,45,6
02_51_15_07194_dig_lcd.png,2,51,15
11_31_18_07195_dig_lcd.png,11,31,18
23_52_13_07196_dig_lcd.png,23,52,13
09_09_06_07197_dig_segmented.png,9,9,6
02_04_41_07198_dig_segmented.png,2,4,41
02_53_31_07199_dig_segmented.png,2,53,31
23_49_28_07200_dig_simple.png,23,49,28
05_27_32_07201_dig_lcd.png,5,27,32
18_12_37_07202_dig_simple.png,18,12,37
22_55_28_07203_dig_lcd.png,22,55,28
09_43_20_07204_dig_segmented.png,9,43,20
06_40_54_07205_dig_simple.png,6,40,54
05_27_42_07206_dig_simple.png,5,27,42
06_43_48_07207_dig_lcd.png,6,43,48
10_06_39_07208_dig_lcd.png,10,6,39
06_43_48_07209_dig_lcd.png,6,43,48
06_28_54_07210_dig_lcd.png,6,28,54
19_06_18_07211_dig_simple.png,19,6,18
12_03_47_07212_dig_simple.png,12,3,47
14_47_36_07213_dig_simple.png,14,47,36
09_47_10_07214_dig_segmented.png,9,47,10
08_39_26_07215_dig_segmented.png,8,39,26
15_32_42_07216_dig_simple.png,15,32,42
01_16_29_07217_dig_segmented.png,1,16,29
22_59_32_07218_dig_simple.png,22,59,32
14_03_12_07219_dig_simple.png,14,3,12
11_37_56_07220_dig_lcd.png,11,37,56
14_53_37_07221_dig_simple.png,14,53,37
03_49_41_07222_dig_lcd.png,3,49,41
15_14_33_07223_dig_segmented.png,15,14,33
13_39_44_07224_dig_lcd.png,13,39,44
02_36_34_07225_dig_simple.png,2,36,34
03_12_53_07226_dig_segmented.png,3,12,53
17_40_48_07227_dig_lcd.png,17,40,48
18_38_25_07228_dig_segmented.png,18,38,25
02_34_16_07229_dig_lcd.png,2,34,16
00_07_33_07230_dig_simple.png,0,7,33
14_47_36_07231_dig_simple.png,14,47,36
03_11_04_07232_dig_segmented.png,3,11,4
07_35_06_07233_dig_lcd.png,7,35,6
19_26_00_07234_dig_lcd.png,19,26,0
00_51_28_07235_dig_simple.png,0,51,28
06_21_06_07236_dig_segmented.png,6,21,6
17_51_55_07237_dig_segmented.png,17,51,55
19_12_53_07238_dig_simple.png,19,12,53
03_49_41_07239_dig_segmented.png,3,49,41
00_08_23_07240_dig_simple.png,0,8,23
13_59_19_07241_dig_simple.png,13,59,19
02_29_53_07242_dig_segmented.png,2,29,53
03_05_38_07243_dig_segmented.png,3,5,38
02_16_00_07244_dig_simple.png,2,16,0
06_40_54_07245_dig_simple.png,6,40,54
02_50_09_07246_dig_lcd.png,2,50,9
23_42_19_07247_dig_segmented.png,23,42,19
17_09_36_07248_dig_simple.png,17,9,36
06_21_06_07249_dig_lcd.png,6,21,6
05_31_08_07250_dig_lcd.png,5,31,8
22_12_38_07251_dig_segmented.png,22,12,38
20_45_06_07252_dig_simple.png,20,45,6
19_12_53_07253_dig_lcd.png,19,12,53
08_50_39_07254_dig_simple.png,8,50,39
09_57_20_07255_dig_lcd.png,9,57,20
13_39_44_07256_dig_simple.png,13,39,44
20_42_24_07257_dig_segmented.png,20,42,24
21_37_43_07258_dig_lcd.png,21,37,43
06_40_54_07259_dig_segmented.png,6,40,54
02_57_38_07260_dig_lcd.png,2,57,38
01_59_20_07261_dig_simple.png,1,59,20
01_36_28_07262_dig_simple.png,1,36,28
08_22_04_07263_dig_segmented.png,8,22,4
20_42_24_07264_dig_lcd.png,20,42,24
15_14_08_07265_dig_lcd.png,15,14,8
05_03_00_07266_dig_segmented.png,5,3,0
07_53_53_07267_dig_lcd.png,7,53,53
07_01_36_07268_dig_segmented.png,7,1,36
07_53_26_07269_dig_segmented.png,7,53,26
14_15_34_07270_dig_lcd.png,14,15,34
07_53_31_07271_dig_segmented.png,7,53,31
06_33_33_07272_dig_simple.png,6,33,33
07_14_16_07273_dig_segmented.png,7,14,16
08_39_26_07274_dig_segmented.png,8,39,26
06_12_22_07275_dig_lcd.png,6,12,22
21_22_59_07276_dig_segmented.png,21,22,59
04_22_09_07277_dig_lcd.png,4,22,9
10_35_40_07278_dig_simple.png,10,35,40
21_40_52_07279_dig_lcd.png,21,40,52
22_47_09_07280_dig_simple.png,22,47,9
03_49_41_07281_dig_lcd.png,3,49,41
19_01_51_07282_dig_simple.png,19,1,51
15_49_16_07283_dig_segmented.png,15,49,16
02_25_38_07284_dig_simple.png,2,25,38
20_35_14_07285_dig_simple.png,20,35,14
14_47_02_07286_dig_lcd.png,14,47,2
08_47_59_07287_dig_segmented.png,8,47,59
09_26_48_07288_dig_lcd.png,9,26,48
17_14_56_07289_dig_lcd.png,17,14,56
09_40_41_07290_dig_simple.png,9,40,41
02_16_00_07291_dig_lcd.png,2,16,0
08_22_04_07292_dig_simple.png,8,22,4
15_37_34_07293_dig_segmented.png,15,37,34
20_06_41_07294_dig_segmented.png,20,6,41
20_32_18_07295_dig_lcd.png,20,32,18
00_10_25_07296_dig_segmented.png,0,10,25
03_48_59_07297_dig_lcd.png,3,48,59
01_47_06_07298_dig_simple.png,1,47,6
17_02_42_07299_dig_lcd.png,17,2,42
23_05_20_07300_dig_simple.png,23,5,20
03_29_12_07301_dig_lcd.png,3,29,12
00_04_22_07302_dig_segmented.png,0,4,22
23_04_31_07303_dig_simple.png,23,4,31
09_18_05_07304_dig_segmented.png,9,18,5
15_16_17_07305_dig_lcd.png,15,16,17
16_12_56_07306_dig_lcd.png,16,12,56
15_41_24_07307_dig_segmented.png,15,41,24
15_32_42_07308_dig_simple.png,15,32,42
00_31_55_07309_dig_simple.png,0,31,55
03_49_41_07310_dig_segmented.png,3,49,41
10_47_21_07311_dig_segmented.png,10,47,21
04_12_04_07312_dig_segmented.png,4,12,4
22_24_30_07313_dig_lcd.png,22,24,30
14_50_52_07314_dig_simple.png,14,50,52
05_03_00_07315_dig_segmented.png,5,3,0
17_51_55_07316_dig_simple.png,17,51,55
13_38_53_07317_dig_simple.png,13,38,53
21_28_01_07318_dig_segmented.png,21,28,1
12_29_08_07319_dig_lcd.png,12,29,8
01_47_06_07320_dig_lcd.png,1,47,6
00_31_55_07321_dig_segmented.png,0,31,55
00_07_33_07322_dig_lcd.png,0,7,33
11_22_48_07323_dig_lcd.png,11,22,48
12_12_47_07324_dig_simple.png,12,12,47
17_37_04_07325_dig_simple.png,17,37,4
17_40_28_07326_dig_lcd.png,17,40,28
17_34_15_07327_dig_simple.png,17,34,15
23_39_48_07328_dig_lcd.png,23,39,48
19_54_10_07329_dig_segmented.png,19,54,10
05_23_16_07330_dig_lcd.png,5,23,16
00_51_28_07331_dig_simple.png,0,51,28
22_25_13_07332_dig_segmented.png,22,25,13
03_06_14_07333_dig_segmented.png,3,6,14
15_16_17_07334_dig_simple.png,15,16,17
00_13_06_07335_dig_lcd.png,0,13,6
10_47_42_07336_dig_segmented.png,10,47,42
02_29_53_07337_dig_segmented.png,2,29,53
00_23_21_07338_dig_lcd.png,0,23,21
15_02_01_07339_dig_segmented.png,15,2,1
03_21_56_07340_dig_segmented.png,3,21,56
11_19_58_07341_dig_segmented.png,11,19,58
11_31_18_07342_dig_simple.png,11,31,18
15_16_17_07343_dig_simple.png,15,16,17
08_22_04_07344_dig_lcd.png,8,22,4
11_19_24_07345_dig_segmented.png,11,19,24
14_50_52_07346_dig_segmented.png,14,50,52
17_34_15_07347_dig_simple.png,17,34,15
10_06_39_07348_dig_simple.png,10,6,39
14_13_24_07349_dig_segmented.png,14,13,24
00_39_41_07350_dig_lcd.png,0,39,41
20_55_15_07351_dig_lcd.png,20,55,15
19_54_10_07352_dig_simple.png,19,54,10
08_13_24_07353_dig_segmented.png,8,13,24
18_28_43_07354_dig_simple.png,18,28,43
04_22_09_07355_dig_lcd.png,4,22,9
16_59_01_07356_dig_segmented.png,16,59,1
16_46_15_07357_dig_segmented.png,16,46,15
21_40_08_07358_dig_simple.png,21,40,8
06_48_03_07359_dig_lcd.png,6,48,3
02_52_52_07360_dig_lcd.png,2,52,52
04_26_31_07361_dig_segmented.png,4,26,31
05_53_15_07362_dig_segmented.png,5,53,15
15_58_20_07363_dig_lcd.png,15,58,20
04_46_20_07364_dig_segmented.png,4,46,20
01_41_02_07365_dig_lcd.png,1,41,2
05_06_46_07366_dig_simple.png,5,6,46
13_39_44_07367_dig_lcd.png,13,39,44
15_31_23_07368_dig_simple.png,15,31,23
03_05_48_07369_dig_segmented.png,3,5,48
23_54_03_07370_dig_segmented.png,23,54,3
05_21_54_07371_dig_simple.png,5,21,54
11_34_46_07372_dig_segmented.png,11,34,46
20_45_06_07373_dig_simple.png,20,45,6
14_45_10_07374_dig_simple.png,14,45,10
07_04_02_07375_dig_simple.png,7,4,2
05_27_32_07376_dig_simple.png,5,27,32
14_08_41_07377_dig_segmented.png,14,8,41
12_55_50_07378_dig_lcd.png,12,55,50
14_45_10_07379_dig_simple.png,14,45,10
09_42_38_07380_dig_simple.png,9,42,38
03_12_55_07381_dig_segmented.png,3,12,55
09_12_03_07382_dig_simple.png,9,12,3
17_40_28_07383_dig_segmented.png,17,40,28
00_10_25_07384_dig_lcd.png,0,10,25
20_35_14_07385_dig_segmented.png,20,35,14
20_35_14_07386_dig_lcd.png,20,35,14
16_35_38_07387_dig_segmented.png,16,35,38
06_43_35_07388_dig_lcd.png,6,43,35
10_08_36_07389_dig_simple.png,10,8,36
17_14_56_07390_dig_segmented.png,17,14,56
15_37_34_07391_dig_lcd.png,15,37,34
06_48_42_07392_dig_lcd.png,6,48,42
14_53_37_07393_dig_segmented.png,14,53,37
21_47_17_07394_dig_lcd.png,21,47,17
03_10_31_07395_dig_lcd.png,3,10,31
06_48_42_07396_dig_segmented.png,6,48,42
06_12_22_07397_dig_simple.png,6,12,22
21_18_02_07398_dig_segmented.png,21,18,2
10_08_36_07399_dig_simple.png,10,8,36
12_15_41_07400_dig_segmented.png,12,15,41
16_43_44_07401_dig_simple.png,16,43,44
09_23_44_07402_dig_segmented.png,9,23,44
01_36_28_07403_dig_lcd.png,1,36,28
11_36_55_07404_dig_simple.png,11,36,55
19_10_04_07405_dig_simple.png,19,10,4
21_18_02_07406_dig_segmented.png,21,18,2
00_28_30_07407_dig_segmented.png,0,28,30
17_50_47_07408_dig_lcd.png,17,50,47
13_16_06_07409_dig_lcd.png,13,16,6
01_36_28_07410_dig_lcd.png,1,36,28
18_12_37_07411_dig_lcd.png,18,12,37
02_50_09_07412_dig_lcd.png,2,50,9
00_10_25_07413_dig_segmented.png,0,10,25
02_52_52_07414_dig_segmented.png,2,52,52
07_56_53_07415_dig_simple.png,7,56,53
21_34_02_07416_dig_simple.png,21,34,2
13_49_04_07417_dig_lcd.png,13,49,4
23_49_28_07418_dig_lcd.png,23,49,28
01_09_35_07419_dig_lcd.png,1,9,35
12_34_14_07420_dig_simple.png,12,34,14
16_47_14_07421_dig_lcd.png,16,47,14
05_27_32_07422_dig_lcd.png,5,27,32
00_20_08_07423_dig_simple.png,0,20,8
21_18_02_07424_dig_segmented.png,21,18,2
22_12_38_07425_dig_lcd.png,22,12,38
09_39_15_07426_dig_lcd.png,9,39,15
05_27_32_07427_dig_lcd.png,5,27,32
06_43_35_07428_dig_segmented.png,6,43,35
22_25_13_07429_dig_simple.png,22,25,13
21_15_10_07430_dig_lcd.png,21,15,10
13_37_42_07431_dig_lcd.png,13,37,42
07_53_31_07432_dig_segmented.png,7,53,31
06_38_49_07433_dig_segmented.png,6,38,49
11_14_45_07434_dig_lcd.png,11,14,45
00_10_25_07435_dig_lcd.png,0,10,25
20_35_14_07436_dig_simple.png,20,35,14
00_13_06_07437_dig_segmented.png,0,13,6
00_39_41_07438_dig_segmented.png,0,39,41
20_35_14_07439_dig_segmented.png,20,35,14
10_23_40_07440_dig_segmented.png,10,23,40
15_49_16_07441_dig_simple.png,15,49,16
20_42_24_07442_dig_simple.png,20,42,24
19_54_10_07443_dig_simple.png,19,54,10
18_25_47_07444_dig_lcd.png,18,25,47
03_49_41_07445_dig_lcd.png,3,49,41
11_50_35_07446_dig_simple.png,11,50,35
19_10_04_07447_dig_lcd.png,19,10,4
18_08_34_07448_dig_lcd.png,18,8,34
22_24_30_07449_dig_simple.png,22,24,30
08_02_49_07450_dig_lcd.png,8,2,49
07_44_16_07451_dig_simple.png,7,44,16
00_51_28_07452_dig_segmented.png,0,51,28
06_37_18_07453_dig_lcd.png,6,37,18
23_49_28_07454_dig_simple.png,23,49,28
23_04_31_07455_dig_segmented.png,23,4,31
06_12_22_07456_dig_simple.png,6,12,22
02_34_56_07457_dig_lcd.png,2,34,56
22_09_26_07458_dig_segmented.png,22,9,26
00_51_28_07459_dig_lcd.png,0,51,28
03_06_14_07460_dig_simple.png,3,6,14
15_14_08_07461_dig_lcd.png,15,14,8
01_59_20_07462_dig_simple.png,1,59,20
04_08_19_07463_dig_simple.png,4,8,19
10_47_42_07464_dig_lcd.png,10,47,42
03_05_48_07465_dig_simple.png,3,5,48
03_00_15_07466_dig_lcd.png,3,0,15
04_04_05_07467_dig_segmented.png,4,4,5
11_32_04_07468_dig_segmented.png,11,32,4
14_19_20_07469_dig_lcd.png,14,19,20
13_49_04_07470_dig_segmented.png,13,49,4
06_43_35_07471_dig_lcd.png,6,43,35
08_50_39_07472_dig_lcd.png,8,50,39
17_37_04_07473_dig_segmented.png,17,37,4
20_35_14_07474_dig_segmented.png,20,35,14
16_07_21_07475_dig_lcd.png,16,7,21
06_48_42_07476_dig_simple.png,6,48,42
05_27_32_07477_dig_segmented.png,5,27,32
21_35_30_07478_dig_lcd.png,21,35,30
03_47_17_07479_dig_simple.png,3,47,17
05_55_57_07480_dig_lcd.png,5,55,57
19_31_41_07481_dig_simple.png,19,31,41
16_07_21_07482_dig_lcd.png,16,7,21
18_01_22_07483_dig_simple.png,18,1,22
00_20_08_07484_dig_simple.png,0,20,8
22_24_30_07485_dig_segmented.png,22,24,30
09_31_45_07486_dig_simple.png,9,31,45
00_51_44_07487_dig_lcd.png,0,51,44
08_50_39_07488_dig_segmented.png,8,50,39
19_19_22_07489_dig_simple.png,19,19,22
23_52_07_07490_dig_lcd.png,23,52,7
01_16_29_07491_dig_lcd.png,1,16,29
05_13_37_07492_dig_lcd.png,5,13,37
22_36_21_07493_dig_segmented.png,22,36,21
04_08_19_07494_dig_simple.png,4,8,19
00_18_41_07495_dig_lcd.png,0,18,41
03_11_04_07496_dig_segmented.png,3,11,4
11_20_01_07497_dig_segmented.png,11,20,1
12_40_58_07498_dig_segmented.png,12,40,58
07_35_43_07499_dig_simple.png,7,35,43
08_47_59_07500_dig_lcd.png,8,47,59
12_53_11_07501_dig_simple.png,12,53,11
08_02_49_07502_dig_lcd.png,8,2,49
02_36_34_07503_dig_simple.png,2,36,34
10_10_27_07504_dig_simple.png,10,10,27
21_35_30_07505_dig_lcd.png,21,35,30
19_10_04_07506_dig_lcd.png,19,10,4
02_45_39_07507_dig_segmented.png,2,45,39
14_47_02_07508_dig_simple.png,14,47,2
04_26_43_07509_dig_simple.png,4,26,43
05_03_00_07510_dig_simple.png,5,3,0
22_10_28_07511_dig_segmented.png,22,10,28
09_26_48_07512_dig_lcd.png,9,26,48
02_50_55_07513_dig_simple.png,2,50,55
17_40_48_07514_dig_lcd.png,17,40,48
06_28_54_07515_dig_segmented.png,6,28,54
18_38_08_07516_dig_lcd.png,18,38,8
01_18_51_07517_dig_segmented.png,1,18,51
05_06_46_07518_dig_simple.png,5,6,46
00_15_13_07519_dig_simple.png,0,15,13
07_30_07_07520_dig_simple.png,7,30,7
04_09_44_07521_dig_lcd.png,4,9,44
03_10_31_07522_dig_simple.png,3,10,31
01_36_28_07523_dig_segmented.png,1,36,28
11_40_21_07524_dig_segmented.png,11,40,21
08_56_12_07525_dig_lcd.png,8,56,12
21_42_27_07526_dig_lcd.png,21,42,27
05_42_51_07527_dig_simple.png,5,42,51
19_12_53_07528_dig_lcd.png,19,12,53
06_32_17_07529_dig_segmented.png,6,32,17
21_17_20_07530_dig_simple.png,21,17,20
22_59_32_07531_dig_lcd.png,22,59,32
21_53_18_07532_dig_segmented.png,21,53,18
17_38_11_07533_dig_lcd.png,17,38,11
20_06_41_07534_dig_simple.png,20,6,41
12_55_37_07535_dig_simple.png,12,55,37
13_01_42_07536_dig_lcd.png,13,1,42
00_20_08_07537_dig_lcd.png,0,20,8
14_15_34_07538_dig_segmented.png,14,15,34
09_47_10_07539_dig_segmented.png,9,47,10
22_10_28_07540_dig_simple.png,22,10,28
09_57_20_07541_dig_lcd.png,9,57,20
14_16_23_07542_dig_segmented.png,14,16,23
11_31_18_07543_dig_segmented.png,11,31,18
15_16_17_07544_dig_simple.png,15,16,17
16_07_40_07545_dig_segmented.png,16,7,40
12_35_28_07546_dig_lcd.png,12,35,28
15_41_24_07547_dig_segmented.png,15,41,24
21_23_29_07548_dig_segmented.png,21,23,29
16_52_36_07549_dig_lcd.png,16,52,36
15_03_16_07550_dig_segmented.png,15,3,16
18_15_12_07551_dig_segmented.png,18,15,12
11_07_20_07552_dig_simple.png,11,7,20
03_49_41_07553_dig_segmented.png,3,49,41
14_04_48_07554_dig_segmented.png,14,4,48
16_07_21_07555_dig_lcd.png,16,7,21
12_55_50_07556_dig_simple.png,12,55,50
07_53_53_07557_dig_lcd.png,7,53,53
02_50_55_07558_dig_simple.png,2,50,55
04_04_05_07559_dig_segmented.png,4,4,5
03_06_14_07560_dig_segmented.png,3,6,14
06_32_17_07561_dig_lcd.png,6,32,17
01_56_19_07562_dig_lcd.png,1,56,19
09_39_15_07563_dig_segmented.png,9,39,15
16_04_31_07564_dig_lcd.png,16,4,31
05_11_01_07565_dig_segmented.png,5,11,1
04_08_49_07566_dig_simple.png,4,8,49
12_35_28_07567_dig_segmented.png,12,35,28
16_28_50_07568_dig_simple.png,16,28,50
08_21_19_07569_dig_simple.png,8,21,19
01_09_35_07570_dig_simple.png,1,9,35
10_52_44_07571_dig_simple.png,10,52,44
08_22_04_07572_dig_simple.png,8,22,4
13_38_53_07573_dig_simple.png,13,38,53
11_19_24_07574_dig_segmented.png,11,19,24
09_40_41_07575_dig_simple.png,9,40,41
00_07_33_07576_dig_segmented.png,0,7,33
18_18_23_07577_dig_simple.png,18,18,23
20_16_08_07578_dig_lcd.png,20,16,8
11_49_25_07579_dig_segmented.png,11,49,25
23_52_13_07580_dig_lcd.png,23,52,13
22_10_28_07581_dig_lcd.png,22,10,28
17_38_11_07582_dig_segmented.png,17,38,11
03_00_15_07583_dig_lcd.png,3,0,15
18_52_32_07584_dig_lcd.png,18,52,32
17_40_48_07585_dig_simple.png,17,40,48
03_12_35_07586_dig_lcd.png,3,12,35
00_07_33_07587_dig_simple.png,0,7,33
01_12_27_07588_dig_lcd.png,1,12,27
00_04_22_07589_dig_segmented.png,0,4,22
17_44_32_07590_dig_simple.png,17,44,32
13_01_42_07591_dig_simple.png,13,1,42
22_47_17_07592_dig_lcd.png,22,47,17
18_45_16_07593_dig_segmented.png,18,45,16
22_59_32_07594_dig_lcd.png,22,59,32
09_18_05_07595_dig_segmented.png,9,18,5
02_25_38_07596_dig_simple.png,2,25,38
14_32_15_07597_dig_segmented.png,14,32,15
01_26_54_07598_dig_simple.png,1,26,54
11_14_45_07599_dig_segmented.png,11,14,45
11_36_55_07600_dig_segmented.png,11,36,55
22_55_28_07601_dig_lcd.png,22,55,28
15_41_24_07602_dig_simple.png,15,41,24
14_47_02_07603_dig_segmented.png,14,47,2
15_31_23_07604_dig_simple.png,15,31,23
14_54_25_07605_dig_simple.png,14,54,25
02_56_16_07606_dig_lcd.png,2,56,16
05_27_42_07607_dig_segmented.png,5,27,42
16_14_11_07608_dig_segmented.png,16,14,11
10_35_40_07609_dig_segmented.png,10,35,40
02_36_34_07610_dig_simple.png,2,36,34
08_37_16_07611_dig_lcd.png,8,37,16
17_02_42_07612_dig_lcd.png,17,2,42
14_11_50_07613_dig_segmented.png,14,11,50
20_19_30_07614_dig_segmented.png,20,19,30
18_25_47_07615_dig_simple.png,18,25,47
19_12_53_07616_dig_segmented.png,19,12,53
17_33_59_07617_dig_lcd.png,17,33,59
06_43_48_07618_dig_lcd.png,6,43,48
07_14_16_07619_dig_lcd.png,7,14,16
01_47_06_07620_dig_simple.png,1,47,6
21_37_43_07621_dig_segmented.png,21,37,43
23_44_31_07622_dig_lcd.png,23,44,31
06_21_06_07623_dig_lcd.png,6,21,6
05_27_32_07624_dig_segmented.png,5,27,32
10_46_50_07625_dig_lcd.png,10,46,50
20_45_06_07626_dig_lcd.png,20,45,6
20_35_14_07627_dig_simple.png,20,35,14
14_11_50_07628_dig_simple.png,14,11,50
18_50_41_07629_dig_segmented.png,18,50,41
11_30_47_07630_dig_simple.png,11,30,47
06_40_54_07631_dig_segmented.png,6,40,54
22_09_26_07632_dig_segmented.png,22,9,26
02_52_52_07633_dig_segmented.png,2,52,52
07_44_16_07634_dig_simple.png,7,44,16
14_29_52_07635_dig_segmented.png,14,29,52
14_10_37_07636_dig_simple.png,14,10,37
17_02_42_07637_dig_segmented.png,17,2,42
00_15_13_07638_dig_segmented.png,0,15,13
01_09_35_07639_dig_simple.png,1,9,35
03_48_59_07640_dig_segmented.png,3,48,59
18_40_32_07641_dig_simple.png,18,40,32
18_50_41_07642_dig_segmented.png,18,50,41
07_56_53_07643_dig_lcd.png,7,56,53
11_31_18_07644_dig_segmented.png,11,31,18
17_44_32_07645_dig_segmented.png,17,44,32
13_41_26_07646_dig_lcd.png,13,41,26
15_49_16_07647_dig_segmented.png,15,49,16
02_25_38_07648_dig_lcd.png,2,25,38
22_36_21_07649_dig_segmented.png,22,36,21
20_35_14_07650_dig_simple.png,20,35,14
19_12_53_07651_dig_lcd.png,19,12,53
00_07_33_07652_dig_simple.png,0,7,33
03_12_55_07653_dig_segmented.png,3,12,55
14_13_24_07654_dig_segmented.png,14,13,24
15_58_20_07655_dig_lcd.png,15,58,20
04_07_10_07656_dig_simple.png,4,7,10
06_40_54_07657_dig_lcd.png,6,40,54
16_12_56_07658_dig_simple.png,16,12,56
12_08_40_07659_dig_segmented.png,12,8,40
17_09_36_07660_dig_lcd.png,17,9,36
10_59_06_07661_dig_simple.png,10,59,6
08_27_44_07662_dig_lcd.png,8,27,44
09_04_24_07663_dig_segmented.png,9,4,24
01_47_06_07664_dig_segmented.png,1,47,6
01_47_06_07665_dig_segmented.png,1,47,6
08_50_39_07666_dig_simple.png,8,50,39
06_12_22_07667_dig_lcd.png,6,12,22
18_09_10_07668_dig_lcd.png,18,9,10
08_59_56_07669_dig_simple.png,8,59,56
17_50_47_07670_dig_simple.png,17,50,47
14_13_24_07671_dig_lcd.png,14,13,24
18_28_43_07672_dig_lcd.png,18,28,43
22_59_32_07673_dig_segmented.png,22,59,32
05_06_46_07674_dig_segmented.png,5,6,46
07_30_07_07675_dig_simple.png,7,30,7
05_06_46_07676_dig_lcd.png,5,6,46
15_03_16_07677_dig_segmented.png,15,3,16
20_45_06_07678_dig_segmented.png,20,45,6
08_14_00_07679_dig_lcd.png,8,14,0
16_07_40_07680_dig_lcd.png,16,7,40
03_42_31_07681_dig_segmented.png,3,42,31
14_47_36_07682_dig_segmented.png,14,47,36
00_08_23_07683_dig_simple.png,0,8,23
04_26_31_07684_dig_simple.png,4,26,31
22_32_24_07685_dig_lcd.png,22,32,24
12_40_58_07686_dig_segmented.png,12,40,58
21_42_27_07687_dig_segmented.png,21,42,27
23_05_20_07688_dig_segmented.png,23,5,20
04_26_31_07689_dig_simple.png,4,26,31
21_40_52_07690_dig_lcd.png,21,40,52
09_31_45_07691_dig_segmented.png,9,31,45
23_42_19_07692_dig_segmented.png,23,42,19
16_47_14_07693_dig_simple.png,16,47,14
23_52_07_07694_dig_lcd.png,23,52,7
18_40_32_07695_dig_segmented.png,18,40,32
00_23_21_07696_dig_simple.png,0,23,21
04_16_32_07697_dig_lcd.png,4,16,32
19_10_04_07698_dig_lcd.png,19,10,4
23_46_00_07699_dig_lcd.png,23,46,0
01_18_51_07700_dig_lcd.png,1,18,51
02_57_38_07701_dig_simple.png,2,57,38
07_53_26_07702_dig_lcd.png,7,53,26
11_49_25_07703_dig_segmented.png,11,49,25
13_42_00_07704_dig_lcd.png,13,42,0
18_25_47_07705_dig_segmented.png,18,25,47
05_13_37_07706_dig_segmented.png,5,13,37
13_42_00_07707_dig_simple.png,13,42,0
01_16_29_07708_dig_segmented.png,1,16,29
00_51_44_07709_dig_segmented.png,0,51,44
23_52_07_07710_dig_lcd.png,23,52,7
09_47_10_07711_dig_lcd.png,9,47,10
01_41_02_07712_dig_segmented.png,1,41,2
00_16_19_07713_dig_segmented.png,0,16,19
01_36_28_07714_dig_segmented.png,1,36,28
06_43_48_07715_dig_segmented.png,6,43,48
14_47_02_07716_dig_simple.png,14,47,2
09_09_06_07717_dig_lcd.png,9,9,6
03_10_31_07718_dig_simple.png,3,10,31
05_21_54_07719_dig_segmented.png,5,21,54
22_25_13_07720_dig_segmented.png,22,25,13
11_19_24_07721_dig_segmented.png,11,19,24
03_52_44_07722_dig_simple.png,3,52,44
21_18_02_07723_dig_lcd.png,21,18,2
14_11_50_07724_dig_simple.png,14,11,50
14_13_24_07725_dig_segmented.png,14,13,24
14_47_36_07726_dig_simple.png,14,47,36
07_53_53_07727_dig_segmented.png,7,53,53
10_23_40_07728_dig_segmented.png,10,23,40
14_28_31_07729_dig_segmented.png,14,28,31
12_08_40_07730_dig_segmented.png,12,8,40
03_52_44_07731_dig_segmented.png,3,52,44
02_50_09_07732_dig_segmented.png,2,50,9
00_18_41_07733_dig_lcd.png,0,18,41
14_19_20_07734_dig_segmented.png,14,19,20
01_09_35_07735_dig_segmented.png,1,9,35
13_41_26_07736_dig_segmented.png,13,41,26
11_07_20_07737_dig_lcd.png,11,7,20
14_28_31_07738_dig_simple.png,14,28,31
20_09_28_07739_dig_lcd.png,20,9,28
00_33_25_07740_dig_lcd.png,0,33,25
05_13_37_07741_dig_segmented.png,5,13,37
21_18_02_07742_dig_segmented.png,21,18,2
08_37_16_07743_dig_simple.png,8,37,16
18_52_32_07744_dig_simple.png,18,52,32
02_34_56_07745_dig_lcd.png,2,34,56
09_42_38_07746_dig_segmented.png,9,42,38
14_45_10_07747_dig_segmented.png,14,45,10
23_49_28_07748_dig_simple.png,23,49,28
08_37_16_07749_dig_segmented.png,8,37,16
04_10_12_07750_dig_simple.png,4,10,12
20_19_30_07751_dig_lcd.png,20,19,30
01_41_10_07752_dig_simple.png,1,41,10
21_11_07_07753_dig_segmented.png,21,11,7
21_53_18_07754_dig_lcd.png,21,53,18
10_59_06_07755_dig_segmented.png,10,59,6
14_54_25_07756_dig_simple.png,14,54,25
15_32_42_07757_dig_lcd.png,15,32,42
19_54_10_07758_dig_segmented.png,19,54,10
21_42_27_07759_dig_simple.png,21,42,27
16_43_44_07760_dig_segmented.png,16,43,44
12_19_40_07761_dig_simple.png,12,19,40
00_08_23_07762_dig_simple.png,0,8,23
16_24_47_07763_dig_segmented.png,16,24,47
17_40_48_07764_dig_segmented.png,17,40,48
07_04_02_07765_dig_lcd.png,7,4,2
07_56_53_07766_dig_lcd.png,7,56,53
05_53_15_07767_dig_segmented.png,5,53,15
10_59_06_07768_dig_simple.png,10,59,6
13_01_42_07769_dig_lcd.png,13,1,42
03_00_15_07770_dig_segmented.png,3,0,15
12_24_07_07771_dig_lcd.png,12,24,7
07_04_02_07772_dig_lcd.png,7,4,2
06_40_54_07773_dig_lcd.png,6,40,54
21_22_59_07774_dig_simple.png,21,22,59
05_23_16_07775_dig_lcd.png,5,23,16
20_55_15_07776_dig_segmented.png,20,55,15
23_29_19_07777_dig_lcd.png,23,29,19
04_10_12_07778_dig_segmented.png,4,10,12
16_17_10_07779_dig_segmented.png,16,17,10
21_23_29_07780_dig_segmented.png,21,23,29
14_19_20_07781_dig_segmented.png,14,19,20
05_27_42_07782_dig_segmented.png,5,27,42
01_56_19_07783_dig_simple.png,1,56,19
08_48_26_07784_dig_lcd.png,8,48,26
17_51_55_07785_dig_lcd.png,17,51,55
02_50_09_07786_dig_lcd.png,2,50,9
03_06_14_07787_dig_segmented.png,3,6,14
02_04_41_07788_dig_simple.png,2,4,41
12_15_41_07789_dig_lcd.png,12,15,41
18_38_25_07790_dig_segmented.png,18,38,25
17_40_28_07791_dig_lcd.png,17,40,28
21_42_27_07792_dig_segmented.png,21,42,27
00_51_28_07793_dig_lcd.png,0,51,28
18_18_12_07794_dig_simple.png,18,18,12
19_31_41_07795_dig_segmented.png,19,31,41
00_04_22_07796_dig_simple.png,0,4,22
20_55_15_07797_dig_lcd.png,20,55,15
15_03_16_07798_dig_lcd.png,15,3,16
12_31_05_07799_dig_simple.png,12,31,5
00_20_08_07800_dig_segmented.png,0,20,8
10_32_29_07801_dig_lcd.png,10,32,29
08_14_00_07802_dig_lcd.png,8,14,0
03_52_44_07803_dig_simple.png,3,52,44
02_36_34_07804_dig_lcd.png,2,36,34
17_14_56_07805_dig_segmented.png,17,14,56
16_35_38_07806_dig_simple.png,16,35,38
13_45_41_07807_dig_simple.png,13,45,41
23_29_19_07808_dig_lcd.png,23,29,19
08_40_04_07809_dig_simple.png,8,40,4
21_42_27_07810_dig_segmented.png,21,42,27
19_26_00_07811_dig_segmented.png,19,26,0
04_16_32_07812_dig_simple.png,4,16,32
23_05_20_07813_dig_segmented.png,23,5,20
00_15_13_07814_dig_simple.png,0,15,13
08_30_31_07815_dig_simple.png,8,30,31
21_28_01_07816_dig_simple.png,21,28,1
00_51_44_07817_dig_lcd.png,0,51,44
21_37_43_07818_dig_segmented.png,21,37,43
10_03_25_07819_dig_lcd.png,10,3,25
03_05_48_07820_dig_lcd.png,3,5,48
09_18_05_07821_dig_lcd.png,9,18,5
10_47_42_07822_dig_segmented.png,10,47,42
22_24_30_07823_dig_segmented.png,22,24,30
08_01_35_07824_dig_simple.png,8,1,35
23_23_55_07825_dig_segmented.png,23,23,55
21_15_10_07826_dig_segmented.png,21,15,10
07_39_50_07827_dig_segmented.png,7,39,50
08_37_16_07828_dig_segmented.png,8,37,16
10_36_47_07829_dig_simple.png,10,36,47
06_32_17_07830_dig_segmented.png,6,32,17
13_16_06_07831_dig_segmented.png,13,16,6
12_08_40_07832_dig_simple.png,12,8,40
07_04_02_07833_dig_simple.png,7,4,2
22_12_38_07834_dig_simple.png,22,12,38
13_37_42_07835_dig_simple.png,13,37,42
11_36_55_07836_dig_lcd.png,11,36,55
18_50_41_07837_dig_segmented.png,18,50,41
20_45_07_07838_dig_lcd.png,20,45,7
06_48_03_07839_dig_simple.png,6,48,3
22_24_30_07840_dig_lcd.png,22,24,30
23_49_28_07841_dig_lcd.png,23,49,28
05_27_32_07842_dig_simple.png,5,27,32
00_51_44_07843_dig_lcd.png,0,51,44
12_29_08_07844_dig_segmented.png,12,29,8
21_13_47_07845_dig_simple.png,21,13,47
15_03_16_07846_dig_lcd.png,15,3,16
15_18_44_07847_dig_lcd.png,15,18,44
19_01_51_07848_dig_segmented.png,19,1,51
04_26_31_07849_dig_lcd.png,4,26,31
02_16_00_07850_dig_simple.png,2,16,0
18_38_25_07851_dig_lcd.png,18,38,25
16_04_31_07852_dig_simple.png,16,4,31
00_07_33_07853_dig_simple.png,0,7,33
17_40_48_07854_dig_simple.png,17,40,48
01_59_20_07855_dig_simple.png,1,59,20
08_37_16_07856_dig_simple.png,8,37,16
09_14_11_07857_dig_segmented.png,9,14,11
21_17_20_07858_dig_lcd.png,21,17,20
00_51_28_07859_dig_simple.png,0,51,28
15_16_17_07860_dig_simple.png,15,16,17
15_41_24_07861_dig_segmented.png,15,41,24
05_13_37_07862_dig_segmented.png,5,13,37
14_15_34_07863_dig_segmented.png,14,15,34
03_05_48_07864_dig_simple.png,3,5,48
02_34_16_07865_dig_lcd.png,2,34,16
11_34_46_07866_dig_segmented.png,11,34,46
10_46_50_07867_dig_simple.png,10,46,50
07_53_31_07868_dig_lcd.png,7,53,31
08_56_12_07869_dig_lcd.png,8,56,12
09_24_56_07870_dig_simple.png,9,24,56
10_23_40_07871_dig_lcd.png,10,23,40
01_12_27_07872_dig_simple.png,1,12,27
14_42_57_07873_dig_segmented.png,14,42,57
19_04_46_07874_dig_segmented.png,19,4,46
22_40_44_07875_dig_lcd.png,22,40,44
04_04_05_07876_dig_segmented.png,4,4,5
00_04_22_07877_dig_simple.png,0,4,22
18_50_41_07878_dig_simple.png,18,50,41
13_12_20_07879_dig_lcd.png,13,12,20
06_21_06_07880_dig_lcd.png,6,21,6
20_09_28_07881_dig_simple.png,20,9,28
20_35_14_07882_dig_lcd.png,20,35,14
16_35_38_07883_dig_segmented.png,16,35,38
06_21_06_07884_dig_simple.png,6,21,6
17_35_38_07885_dig_lcd.png,17,35,38
07_56_53_07886_dig_segmented.png,7,56,53
02_34_16_07887_dig_segmented.png,2,34,16
09_09_06_07888_dig_segmented.png,9,9,6
16_07_21_07889_dig_segmented.png,16,7,21
19_10_04_07890_dig_segmented.png,19,10,4
10_06_39_07891_dig_simple.png,10,6,39
15_41_24_07892_dig_segmented.png,15,41,24
16_44_25_07893_dig_segmented.png,16,44,25
00_23_21_07894_dig_lcd.png,0,23,21
03_49_41_07895_dig_simple.png,3,49,41
01_47_06_07896_dig_simple.png,1,47,6
08_40_04_07897_dig_segmented.png,8,40,4
08_21_19_07898_dig_segmented.png,8,21,19
06_28_54_07899_dig_segmented.png,6,28,54
14_15_51_07900_dig_simple.png,14,15,51
19_35_27_07901_dig_segmented.png,19,35,27
04_10_12_07902_dig_simple.png,4,10,12
22_55_28_07903_dig_simple.png,22,55,28
02_36_42_07904_dig_lcd.png,2,36,42
21_04_16_07905_dig_simple.png,21,4,16
22_59_32_07906_dig_lcd.png,22,59,32
15_58_20_07907_dig_lcd.png,15,58,20
04_46_20_07908_dig_lcd.png,4,46,20
09_20_39_07909_dig_lcd.png,9,20,39
16_47_14_07910_dig_lcd.png,16,47,14
13_42_00_07911_dig_simple.png,13,42,0
09_11_53_07912_dig_segmented.png,9,11,53
04_09_44_07913_dig_segmented.png,4,9,44
04_22_09_07914_dig_simple.png,4,22,9
18_50_41_07915_dig_segmented.png,18,50,41
02_36_30_07916_dig_simple.png,2,36,30
11_31_18_07917_dig_simple.png,11,31,18
06_28_54_07918_dig_simple.png,6,28,54
02_55_46_07919_dig_lcd.png,2,55,46
12_40_58_07920_dig_simple.png,12,40,58
22_32_24_07921_dig_segmented.png,22,32,24
10_08_36_07922_dig_segmented.png,10,8,36
16_46_15_07923_dig_lcd.png,16,46,15
04_22_09_07924_dig_lcd.png,4,22,9
23_39_48_07925_dig_segmented.png,23,39,48
14_53_37_07926_dig_segmented.png,14,53,37
14_03_12_07927_dig_lcd.png,14,3,12
07_53_53_07928_dig_segmented.png,7,53,53
16_17_10_07929_dig_lcd.png,16,17,10
07_39_50_07930_dig_simple.png,7,39,50
00_32_38_07931_dig_lcd.png,0,32,38
03_11_04_07932_dig_simple.png,3,11,4
08_21_19_07933_dig_lcd.png,8,21,19
15_37_34_07934_dig_segmented.png,15,37,34
14_16_23_07935_dig_lcd.png,14,16,23
11_20_01_07936_dig_lcd.png,11,20,1
16_59_01_07937_dig_simple.png,16,59,1
14_19_20_07938_dig_simple.png,14,19,20
18_15_12_07939_dig_segmented.png,18,15,12
22_24_30_07940_dig_lcd.png,22,24,30
01_12_27_07941_dig_lcd.png,1,12,27
06_40_54_07942_dig_lcd.png,6,40,54
10_36_47_07943_dig_lcd.png,10,36,47
15_14_08_07944_dig_lcd.png,15,14,8
09_09_06_07945_dig_simple.png,9,9,6
18_52_32_07946_dig_lcd.png,18,52,32
00_23_21_07947_dig_lcd.png,0,23,21
12_34_14_07948_dig_lcd.png,12,34,14
03_11_04_07949_dig_segmented.png,3,11,4
13_33_01_07950_dig_simple.png,13,33,1
00_51_28_07951_dig_simple.png,0,51,28
17_44_32_07952_dig_lcd.png,17,44,32
16_44_25_07953_dig_simple.png,16,44,25
16_04_31_07954_dig_lcd.png,16,4,31
08_27_44_07955_dig_lcd.png,8,27,44
10_52_44_07956_dig_lcd.png,10,52,44
16_52_36_07957_dig_segmented.png,16,52,36
02_36_30_07958_dig_lcd.png,2,36,30
13_12_20_07959_dig_lcd.png,13,12,20
18_01_22_07960_dig_simple.png,18,1,22
10_32_29_07961_dig_lcd.png,10,32,29
09_40_41_07962_dig_simple.png,9,40,41
04_10_12_07963_dig_segmented.png,4,10,12
09_24_56_07964_dig_lcd.png,9,24,56
20_54_43_07965_dig_lcd.png,20,54,43
11_37_56_07966_dig_simple.png,11,37,56
21_53_18_07967_dig_segmented.png,21,53,18
00_31_55_07968_dig_segmented.png,0,31,55
05_55_57_07969_dig_lcd.png,5,55,57
19_54_10_07970_dig_simple.png,19,54,10
22_25_13_07971_dig_simple.png,22,25,13
11_14_45_07972_dig_segmented.png,11,14,45
23_29_19_07973_dig_segmented.png,23,29,19
07_39_50_07974_dig_lcd.png,7,39,50
23_52_07_07975_dig_lcd.png,23,52,7
14_29_52_07976_dig_segmented.png,14,29,52
14_47_36_07977_dig_simple.png,14,47,36
21_37_43_07978_dig_lcd.png,21,37,43
03_12_53_07979_dig_lcd.png,3,12,53
23_49_05_07980_dig_simple.png,23,49,5
12_53_11_07981_dig_simple.png,12,53,11
22_47_17_07982_dig_simple.png,22,47,17
02_34_56_07983_dig_simple.png,2,34,56
19_12_53_07984_dig_lcd.png,19,12,53
08_13_24_07985_dig_simple.png,8,13,24
05_53_20_07986_dig_segmented.png,5,53,20
01_36_28_07987_dig_segmented.png,1,36,28
09_42_38_07988_dig_segmented.png,9,42,38
02_57_38_07989_dig_lcd.png,2,57,38
13_38_53_07990_dig_simple.png,13,38,53
11_31_18_07991_dig_lcd.png,11,31,18
11_07_20_07992_dig_simple.png,11,7,20
02_50_09_07993_dig_segmented.png,2,50,9
21_42_27_07994_dig_simple.png,21,42,27
02_57_38_07995_dig_simple.png,2,57,38
06_48_03_07996_dig_lcd.png,6,48,3
15_18_44_07997_dig_simple.png,15,18,44
19_26_00_07998_dig_segmented.png,19,26,0
08_39_26_07999_dig_segmented.png,8,39,26
07_53_31_08000_dig_lcd.png,7,53,31
17_22_45_08001_dig_segmented.png,17,22,45
20_42_24_08002_dig_simple.png,20,42,24
01_59_20_08003_dig_segmented.png,1,59,20
11_19_58_08004_dig_lcd.png,11,19,58
06_12_22_08005_dig_segmented.png,6,12,22
12_03_47_08006_dig_lcd.png,12,3,47
18_01_22_08007_dig_lcd.png,18,1,22
22_40_44_08008_dig_segmented.png,22,40,44
19_19_22_08009_dig_simple.png,19,19,22
03_49_41_08010_dig_segmented.png,3,49,41
14_13_24_08011_dig_lcd.png,14,13,24
03_05_38_08012_dig_segmented.png,3,5,38
20_19_30_08013_dig_segmented.png,20,19,30
00_08_23_08014_dig_segmented.png,0,8,23
06_16_08_08015_dig_simple.png,6,16,8
11_40_21_08016_dig_segmented.png,11,40,21
05_06_46_08017_dig_lcd.png,5,6,46
12_53_11_08018_dig_lcd.png,12,53,11
07_56_53_08019_dig_segmented.png,7,56,53
21_17_20_08020_dig_segmented.png,21,17,20
11_27_45_08021_dig_segmented.png,11,27,45
18_52_32_08022_dig_lcd.png,18,52,32
09_47_10_08023_dig_lcd.png,9,47,10
15_18_44_08024_dig_simple.png,15,18,44
14_55_35_08025_dig_lcd.png,14,55,35
15_02_01_08026_dig_lcd.png,15,2,1
17_40_28_08027_dig_segmented.png,17,40,28
11_34_46_08028_dig_lcd.png,11,34,46
09_18_05_08029_dig_lcd.png,9,18,5
03_17_00_08030_dig_lcd.png,3,17,0
08_37_16_08031_dig_segmented.png,8,37,16
04_33_29_08032_dig_lcd.png,4,33,29
00_04_20_08033_dig_segmented.png,0,4,20
04_26_31_08034_dig_segmented.png,4,26,31
08_59_56_08035_dig_simple.png,8,59,56
02_56_16_08036_dig_lcd.png,2,56,16
18_40_32_08037_dig_lcd.png,18,40,32
07_53_53_08038_dig_segmented.png,7,53,53
16_24_47_08039_dig_simple.png,16,24,47
13_42_00_08040_dig_simple.png,13,42,0
01_09_35_08041_dig_lcd.png,1,9,35
05_31_08_08042_dig_lcd.png,5,31,8
02_34_16_08043_dig_simple.png,2,34,16
21_22_59_08044_dig_lcd.png,21,22,59
14_42_57_08045_dig_lcd.png,14,42,57
22_06_19_08046_dig_lcd.png,22,6,19
14_11_40_08047_dig_segmented.png,14,11,40
04_22_09_08048_dig_simple.png,4,22,9
11_27_45_08049_dig_simple.png,11,27,45
06_43_48_08050_dig_lcd.png,6,43,48
02_29_53_08051_dig_simple.png,2,29,53
06_40_54_08052_dig_simple.png,6,40,54
05_06_46_08053_dig_simple.png,5,6,46
04_46_20_08054_dig_lcd.png,4,46,20
14_53_37_08055_dig_segmented.png,14,53,37
15_58_20_08056_dig_simple.png,15,58,20
09_40_41_08057_dig_lcd.png,9,40,41
09_11_53_08058_dig_segmented.png,9,11,53
10_15_33_08059_dig_lcd.png,10,15,33
16_07_21_08060_dig_lcd.png,16,7,21
06_28_54_08061_dig_lcd.png,6,28,54
10_23_40_08062_dig_segmented.png,10,23,40
07_53_53_08063_dig_segmented.png,7,53,53
14_42_57_08064_dig_segmented.png,14,42,57
12_31_05_08065_dig_lcd.png,12,31,5
06_55_06_08066_dig_lcd.png,6,55,6
18_18_12_08067_dig_segmented.png,18,18,12
01_16_29_08068_dig_simple.png,1,16,29
20_06_41_08069_dig_segmented.png,20,6,41
17_37_04_08070_dig_simple.png,17,37,4
12_13_30_08071_dig_lcd.png,12,13,30
03_42_31_08072_dig_segmented.png,3,42,31
04_37_14_08073_dig_segmented.png,4,37,14
02_57_38_08074_dig_segmented.png,2,57,38
17_50_47_08075_dig_segmented.png,17,50,47
11_40_21_08076_dig_simple.png,11,40,21
11_22_48_08077_dig_lcd.png,11,22,48
09_26_48_08078_dig_simple.png,9,26,48
02_52_52_08079_dig_simple.png,2,52,52
14_47_36_08080_dig_segmented.png,14,47,36
15_27_41_08081_dig_simple.png,15,27,41
00_04_20_08082_dig_segmented.png,0,4,20
22_36_21_08083_dig_simple.png,22,36,21
07_39_50_08084_dig_lcd.png,7,39,50
06_16_08_08085_dig_simple.png,6,16,8
13_52_55_08086_dig_lcd.png,13,52,55
20_45_07_08087_dig_segmented.png,20,45,7
21_42_27_08088_dig_lcd.png,21,42,27
23_29_19_08089_dig_simple.png,23,29,19
09_24_56_08090_dig_lcd.png,9,24,56
00_51_28_08091_dig_lcd.png,0,51,28
09_40_41_08092_dig_lcd.png,9,40,41
17_14_56_08093_dig_segmented.png,17,14,56
09_18_05_08094_dig_segmented.png,9,18,5
12_31_05_08095_dig_segmented.png,12,31,5
17_14_56_08096_dig_lcd.png,17,14,56
08_21_19_08097_dig_simple.png,8,21,19
20_16_08_08098_dig_segmented.png,20,16,8
08_37_16_08099_dig_segmented.png,8,37,16
08_48_26_08100_dig_segmented.png,8,48,26
15_16_17_08101_dig_lcd.png,15,16,17
07_04_02_08102_dig_lcd.png,7,4,2
00_51_28_08103_dig_simple.png,0,51,28
12_00_17_08104_dig_lcd.png,12,0,17
17_51_55_08105_dig_segmented.png,17,51,55
17_22_45_08106_dig_segmented.png,17,22,45
15_14_33_08107_dig_lcd.png,15,14,33
14_08_41_08108_dig_lcd.png,14,8,41
04_08_49_08109_dig_simple.png,4,8,49
03_17_00_08110_dig_simple.png,3,17,0
03_12_53_08111_dig_segmented.png,3,12,53
06_55_06_08112_dig_segmented.png,6,55,6
18_01_22_08113_dig_lcd.png,18,1,22
08_59_56_08114_dig_segmented.png,8,59,56
23_52_13_08115_dig_segmented.png,23,52,13
16_59_01_08116_dig_lcd.png,16,59,1
20_58_06_08117_dig_lcd.png,20,58,6
07_14_16_08118_dig_lcd.png,7,14,16
00_04_54_08119_dig_simple.png,0,4,54
14_10_37_08120_dig_segmented.png,14,10,37
14_45_10_08121_dig_simple.png,14,45,10
16_12_56_08122_dig_lcd.png,16,12,56
17_33_59_08123_dig_simple.png,17,33,59
02_51_15_08124_dig_lcd.png,2,51,15
04_09_44_08125_dig_segmented.png,4,9,44
18_25_47_08126_dig_simple.png,18,25,47
20_06_41_08127_dig_segmented.png,20,6,41
04_08_19_08128_dig_lcd.png,4,8,19
00_10_25_08129_dig_segmented.png,0,10,25
02_54_31_08130_dig_simple.png,2,54,31
00_28_30_08131_dig_lcd.png,0,28,30
06_40_54_08132_dig_segmented.png,6,40,54
02_04_41_08133_dig_lcd.png,2,4,41
00_07_33_08134_dig_lcd.png,0,7,33
11_22_48_08135_dig_lcd.png,11,22,48
10_03_25_08136_dig_simple.png,10,3,25
05_53_20_08137_dig_segmented.png,5,53,20
09_12_03_08138_dig_lcd.png,9,12,3
14_28_31_08139_dig_segmented.png,14,28,31
18_18_12_08140_dig_lcd.png,18,18,12
21_35_30_08141_dig_segmented.png,21,35,30
13_39_44_08142_dig_simple.png,13,39,44
05_55_57_08143_dig_simple.png,5,55,57
21_23_29_08144_dig_lcd.png,21,23,29
16_28_50_08145_dig_lcd.png,16,28,50
16_35_38_08146_dig_segmented.png,16,35,38
16_07_21_08147_dig_simple.png,16,7,21
00_15_13_08148_dig_segmented.png,0,15,13
23_49_28_08149_dig_simple.png,23,49,28
04_04_05_08150_dig_simple.png,4,4,5
21_47_17_08151_dig_segmented.png,21,47,17
10_47_21_08152_dig_lcd.png,10,47,21
01_18_51_08153_dig_lcd.png,1,18,51
13_49_04_08154_dig_simple.png,13,49,4
21_40_52_08155_dig_lcd.png,21,40,52
13_49_04_08156_dig_lcd.png,13,49,4
21_47_17_08157_dig_simple.png,21,47,17
14_47_02_08158_dig_lcd.png,14,47,2
18_28_43_08159_dig_segmented.png,18,28,43
01_36_28_08160_dig_segmented.png,1,36,28
21_47_17_08161_dig_simple.png,21,47,17
04_51_02_08162_dig_lcd.png,4,51,2
08_27_44_08163_dig_segmented.png,8,27,44
21_11_07_08164_dig_lcd.png,21,11,7
05_39_33_08165_dig_simple.png,5,39,33
18_50_41_08166_dig_lcd.png,18,50,41
08_40_04_08167_dig_segmented.png,8,40,4
12_40_58_08168_dig_simple.png,12,40,58
04_04_05_08169_dig_lcd.png,4,4,5
14_11_40_08170_dig_segmented.png,14,11,40
05_27_42_08171_dig_segmented.png,5,27,42
13_01_42_08172_dig_simple.png,13,1,42
05_06_46_08173_dig_lcd.png,5,6,46
20_42_24_08174_dig_simple.png,20,42,24
07_19_24_08175_dig_simple.png,7,19,24
00_15_13_08176_dig_segmented.png,0,15,13
09_09_45_08177_dig_lcd.png,9,9,45
02_34_56_08178_dig_lcd.png,2,34,56
11_31_18_08179_dig_simple.png,11,31,18
21_15_10_08180_dig_lcd.png,21,15,10
12_03_47_08181_dig_lcd.png,12,3,47
08_14_00_08182_dig_simple.png,8,14,0
00_39_41_08183_dig_simple.png,0,39,41
04_04_05_08184_dig_segmented.png,4,4,5
08_22_04_08185_dig_segmented.png,8,22,4
01_41_10_08186_dig_segmented.png,1,41,10
15_37_34_08187_dig_lcd.png,15,37,34
20_45_06_08188_dig_lcd.png,20,45,6
14_42_57_08189_dig_segmented.png,14,42,57
14_08_41_08190_dig_segmented.png,14,8,41
21_35_30_08191_dig_segmented.png,21,35,30
21_35_30_08192_dig_simple.png,21,35,30
19_04_46_08193_dig_simple.png,19,4,46
03_52_44_08194_dig_simple.png,3,52,44
05_42_51_08195_dig_segmented.png,5,42,51
23_52_07_08196_dig_simple.png,23,52,7
01_56_19_08197_dig_segmented.png,1,56,19
03_49_41_08198_dig_segmented.png,3,49,41
13_59_19_08199_dig_segmented.png,13,59,19
22_40_44_08200_dig_simple.png,22,40,44
09_36_41_08201_dig_segmented.png,9,36,41
18_50_41_08202_dig_simple.png,18,50,41
17_50_47_08203_dig_lcd.png,17,50,47
04_37_14_08204_dig_simple.png,4,37,14
12_31_05_08205_dig_simple.png,12,31,5
05_34_09_08206_dig_simple.png,5,34,9
00_10_25_08207_dig_lcd.png,0,10,25
10_25_14_08208_dig_simple.png,10,25,14
08_39_26_08209_dig_lcd.png,8,39,26
10_47_21_08210_dig_segmented.png,10,47,21
13_37_42_08211_dig_simple.png,13,37,42
11_27_45_08212_dig_segmented.png,11,27,45
21_35_30_08213_dig_segmented.png,21,35,30
00_07_33_08214_dig_lcd.png,0,7,33
12_08_40_08215_dig_segmented.png,12,8,40
04_08_19_08216_dig_simple.png,4,8,19
05_31_08_08217_dig_simple.png,5,31,8
15_14_08_08218_dig_simple.png,15,14,8
07_53_26_08219_dig_simple.png,7,53,26
19_07_46_08220_dig_segmented.png,19,7,46
20_55_15_08221_dig_segmented.png,20,55,15
03_48_59_08222_dig_simple.png,3,48,59
08_30_31_08223_dig_simple.png,8,30,31
23_56_12_08224_dig_simple.png,23,56,12
12_31_05_08225_dig_simple.png,12,31,5
20_16_08_08226_dig_simple.png,20,16,8
14_10_37_08227_dig_segmented.png,14,10,37
03_11_04_08228_dig_simple.png,3,11,4
09_57_20_08229_dig_simple.png,9,57,20
04_22_09_08230_dig_simple.png,4,22,9
21_17_20_08231_dig_lcd.png,21,17,20
11_19_24_08232_dig_lcd.png,11,19,24
02_50_55_08233_dig_simple.png,2,50,55
14_47_02_08234_dig_segmented.png,14,47,2
05_27_32_08235_dig_simple.png,5,27,32
22_55_28_08236_dig_segmented.png,22,55,28
20_58_06_08237_dig_simple.png,20,58,6
04_26_31_08238_dig_segmented.png,4,26,31
16_43_44_08239_dig_simple.png,16,43,44
03_17_00_08240_dig_lcd.png,3,17,0
19_26_00_08241_dig_simple.png,19,26,0
09_23_19_08242_dig_segmented.png,9,23,19
11_14_45_08243_dig_simple.png,11,14,45
02_36_34_08244_dig_simple.png,2,36,34
01_24_36_08245_dig_lcd.png,1,24,36
03_37_06_08246_dig_lcd.png,3,37,6
02_04_41_08247_dig_lcd.png,2,4,41
23_49_28_08248_dig_lcd.png,23,49,28
07_37_43_08249_dig_lcd.png,7,37,43
04_16_32_08250_dig_segmented.png,4,16,32
13_38_53_08251_dig_segmented.png,13,38,53
20_16_08_08252_dig_simple.png,20,16,8
19_07_46_08253_dig_segmented.png,19,7,46
00_51_44_08254_dig_segmented.png,0,51,44
02_36_34_08255_dig_lcd.png,2,36,34
11_50_35_08256_dig_segmented.png,11,50,35
21_18_02_08257_dig_lcd.png,21,18,2
10_39_37_08258_dig_lcd.png,10,39,37
02_36_42_08259_dig_simple.png,2,36,42
11_14_45_08260_dig_lcd.png,11,14,45
23_52_13_08261_dig_segmented.png,23,52,13
19_04_46_08262_dig_lcd.png,19,4,46
16_57_56_08263_dig_lcd.png,16,57,56
23_52_07_08264_dig_lcd.png,23,52,7
04_26_31_08265_dig_segmented.png,4,26,31
00_20_08_08266_dig_lcd.png,0,20,8
10_36_47_08267_dig_lcd.png,10,36,47
09_18_05_08268_dig_simple.png,9,18,5
10_15_33_08269_dig_lcd.png,10,15,33
16_47_14_08270_dig_segmented.png,16,47,14
11_20_01_08271_dig_simple.png,11,20,1
16_52_36_08272_dig_simple.png,16,52,36
18_25_47_08273_dig_segmented.png,18,25,47
19_01_51_08274_dig_simple.png,19,1,51
14_15_34_08275_dig_segmented.png,14,15,34
18_40_32_08276_dig_lcd.png,18,40,32
21_40_52_08277_dig_segmented.png,21,40,52
20_58_06_08278_dig_segmented.png,20,58,6
22_47_17_08279_dig_lcd.png,22,47,17
09_23_44_08280_dig_simple.png,9,23,44
03_18_42_08281_dig_segmented.png,3,18,42
07_31_35_08282_dig_lcd.png,7,31,35
21_40_08_08283_dig_lcd.png,21,40,8
17_14_56_08284_dig_simple.png,17,14,56
12_34_14_08285_dig_simple.png,12,34,14
16_46_15_08286_dig_lcd.png,16,46,15
23_05_20_08287_dig_lcd.png,23,5,20
15_58_20_08288_dig_lcd.png,15,58,20
22_09_26_08289_dig_segmented.png,22,9,26
06_33_33_08290_dig_simple.png,6,33,33
11_02_54_08291_dig_segmented.png,11,2,54
02_50_55_08292_dig_simple.png,2,50,55
13_33_01_08293_dig_lcd.png,13,33,1
12_12_47_08294_dig_segmented.png,12,12,47
07_01_36_08295_dig_lcd.png,7,1,36
21_11_07_08296_dig_lcd.png,21,11,7
03_29_12_08297_dig_lcd.png,3,29,12
19_04_18_08298_dig_lcd.png,19,4,18
22_51_43_08299_dig_simple.png,22,51,43
17_40_48_08300_dig_simple.png,17,40,48
05_53_20_08301_dig_simple.png,5,53,20
00_51_28_08302_dig_simple.png,0,51,28
15_14_08_08303_dig_simple.png,15,14,8
15_58_20_08304_dig_lcd.png,15,58,20
08_56_12_08305_dig_segmented.png,8,56,12
07_53_53_08306_dig_lcd.png,7,53,53
19_12_53_08307_dig_lcd.png,19,12,53
22_24_30_08308_dig_segmented.png,22,24,30
00_37_50_08309_dig_lcd.png,0,37,50
08_48_26_08310_dig_lcd.png,8,48,26
14_15_51_08311_dig_simple.png,14,15,51
11_03_25_08312_dig_lcd.png,11,3,25
03_12_53_08313_dig_segmented.png,3,12,53
08_27_44_08314_dig_segmented.png,8,27,44
09_23_44_08315_dig_segmented.png,9,23,44
22_57_39_08316_dig_simple.png,22,57,39
01_24_36_08317_dig_simple.png,1,24,36
16_14_11_08318_dig_simple.png,16,14,11
05_53_15_08319_dig_segmented.png,5,53,15
04_07_10_08320_dig_lcd.png,4,7,10
14_42_57_08321_dig_segmented.png,14,42,57
21_11_07_08322_dig_segmented.png,21,11,7
14_10_37_08323_dig_segmented.png,14,10,37
04_12_04_08324_dig_segmented.png,4,12,4
17_55_33_08325_dig_simple.png,17,55,33
11_30_47_08326_dig_simple.png,11,30,47
19_06_18_08327_dig_lcd.png,19,6,18
19_26_00_08328_dig_simple.png,19,26,0
21_47_17_08329_dig_simple.png,21,47,17
01_36_28_08330_dig_lcd.png,1,36,28
21_18_02_08331_dig_segmented.png,21,18,2
11_20_01_08332_dig_segmented.png,11,20,1
17_37_04_08333_dig_simple.png,17,37,4
06_21_06_08334_dig_simple.png,6,21,6
22_24_30_08335_dig_lcd.png,22,24,30
13_16_06_08336_dig_lcd.png,13,16,6
08_27_22_08337_dig_lcd.png,8,27,22
18_08_34_08338_dig_simple.png,18,8,34
12_12_47_08339_dig_lcd.png,12,12,47
01_16_29_08340_dig_lcd.png,1,16,29
04_58_22_08341_dig_simple.png,4,58,22
08_59_56_08342_dig_lcd.png,8,59,56
01_41_10_08343_dig_lcd.png,1,41,10
13_38_53_08344_dig_lcd.png,13,38,53
12_15_41_08345_dig_lcd.png,12,15,41
05_53_15_08346_dig_simple.png,5,53,15
08_47_59_08347_dig_simple.png,8,47,59
14_04_48_08348_dig_lcd.png,14,4,48
01_12_27_08349_dig_lcd.png,1,12,27
15_18_44_08350_dig_segmented.png,15,18,44
22_06_19_08351_dig_lcd.png,22,6,19
15_16_17_08352_dig_simple.png,15,16,17
13_41_26_08353_dig_simple.png,13,41,26
11_14_45_08354_dig_segmented.png,11,14,45
02_04_41_08355_dig_simple.png,2,4,41
09_24_56_08356_dig_segmented.png,9,24,56
17_02_42_08357_dig_simple.png,17,2,42
03_05_38_08358_dig_lcd.png,3,5,38
13_52_55_08359_dig_lcd.png,13,52,55
00_04_20_08360_dig_simple.png,0,4,20
21_22_59_08361_dig_lcd.png,21,22,59
23_49_28_08362_dig_lcd.png,23,49,28
03_00_15_08363_dig_lcd.png,3,0,15
00_23_21_08364_dig_segmented.png,0,23,21
13_38_53_08365_dig_segmented.png,13,38,53
09_18_05_08366_dig_lcd.png,9,18,5
04_58_22_08367_dig_lcd.png,4,58,22
08_59_56_08368_dig_lcd.png,8,59,56
04_08_49_08369_dig_segmented.png,4,8,49
13_52_55_08370_dig_simple.png,13,52,55
00_33_25_08371_dig_simple.png,0,33,25
09_09_45_08372_dig_simple.png,9,9,45
22_57_39_08373_dig_simple.png,22,57,39
23_49_28_08374_dig_segmented.png,23,49,28
10_36_47_08375_dig_simple.png,10,36,47
01_56_19_08376_dig_segmented.png,1,56,19
18_01_22_08377_dig_lcd.png,18,1,22
19_31_41_08378_dig_lcd.png,19,31,41
09_11_53_08379_dig_simple.png,9,11,53
16_35_38_08380_dig_segmented.png,16,35,38
01_56_19_08381_dig_simple.png,1,56,19
14_04_48_08382_dig_lcd.png,14,4,48
03_05_38_08383_dig_simple.png,3,5,38
14_28_31_08384_dig_simple.png,14,28,31
22_47_09_08385_dig_lcd.png,22,47,9
03_12_53_08386_dig_segmented.png,3,12,53
00_04_22_08387_dig_simple.png,0,4,22
12_29_08_08388_dig_lcd.png,12,29,8
00_39_41_08389_dig_simple.png,0,39,41
18_25_47_08390_dig_segmented.png,18,25,47
05_53_20_08391_dig_lcd.png,5,53,20
01_18_51_08392_dig_simple.png,1,18,51
04_51_02_08393_dig_segmented.png,4,51,2
14_15_51_08394_dig_segmented.png,14,15,51
01_41_10_08395_dig_lcd.png,1,41,10
23_23_55_08396_dig_segmented.png,23,23,55
14_16_23_08397_dig_segmented.png,14,16,23
20_42_24_08398_dig_simple.png,20,42,24
18_15_12_08399_dig_segmented.png,18,15,12
17_14_56_08400_dig_lcd.png,17,14,56
09_23_44_08401_dig_simple.png,9,23,44
00_18_33_08402_dig_simple.png,0,18,33
02_54_31_08403_dig_simple.png,2,54,31
20_45_06_08404_dig_segmented.png,20,45,6
14_55_35_08405_dig_simple.png,14,55,35
22_51_43_08406_dig_lcd.png,22,51,43
08_14_00_08407_dig_lcd.png,8,14,0
05_53_15_08408_dig_segmented.png,5,53,15
18_15_12_08409_dig_simple.png,18,15,12
00_04_03_08410_dig_segmented.png,0,4,3
14_08_41_08411_dig_segmented.png,14,8,41
11_22_48_08412_dig_simple.png,11,22,48
14_47_36_08413_dig_segmented.png,14,47,36
13_16_06_08414_dig_simple.png,13,16,6
02_50_55_08415_dig_lcd.png,2,50,55
19_31_41_08416_dig_lcd.png,19,31,41
09_40_41_08417_dig_segmented.png,9,40,41
06_43_48_08418_dig_segmented.png,6,43,48
11_20_01_08419_dig_segmented.png,11,20,1
20_09_28_08420_dig_lcd.png,20,9,28
05_27_42_08421_dig_segmented.png,5,27,42
14_55_35_08422_dig_simple.png,14,55,35
15_49_16_08423_dig_simple.png,15,49,16
12_34_14_08424_dig_segmented.png,12,34,14
05_13_37_08425_dig_simple.png,5,13,37
16_59_01_08426_dig_segmented.png,16,59,1
06_40_54_08427_dig_simple.png,6,40,54
01_18_51_08428_dig_segmented.png,1,18,51
09_36_41_08429_dig_simple.png,9,36,41
12_21_40_08430_dig_segmented.png,12,21,40
12_19_40_08431_dig_segmented.png,12,19,40
11_30_47_08432_dig_lcd.png,11,30,47
09_40_41_08433_dig_simple.png,9,40,41
04_37_14_08434_dig_simple.png,4,37,14
13_39_44_08435_dig_segmented.png,13,39,44
16_52_36_08436_dig_lcd.png,16,52,36
23_05_22_08437_dig_lcd.png,23,5,22
11_25_51_08438_dig_lcd.png,11,25,51
04_26_31_08439_dig_lcd.png,4,26,31
19_31_41_08440_dig_segmented.png,19,31,41
10_59_06_08441_dig_segmented.png,10,59,6
02_52_52_08442_dig_simple.png,2,52,52
07_01_36_08443_dig_simple.png,7,1,36
15_14_33_08444_dig_segmented.png,15,14,33
08_37_16_08445_dig_simple.png,8,37,16
03_48_59_08446_dig_segmented.png,3,48,59
12_00_17_08447_dig_lcd.png,12,0,17
17_33_59_08448_dig_simple.png,17,33,59
00_51_28_08449_dig_lcd.png,0,51,28
07_01_36_08450_dig_segmented.png,7,1,36
12_55_37_08451_dig_simple.png,12,55,37
06_37_18_08452_dig_segmented.png,6,37,18
20_42_24_08453_dig_simple.png,20,42,24
09_20_39_08454_dig_segmented.png,9,20,39
14_15_34_08455_dig_segmented.png,14,15,34
16_46_15_08456_dig_lcd.png,16,46,15
00_39_41_08457_dig_lcd.png,0,39,41
08_13_24_08458_dig_lcd.png,8,13,24
01_41_02_08459_dig_lcd.png,1,41,2
00_18_41_08460_dig_lcd.png,0,18,41
00_04_20_08461_dig_segmented.png,0,4,20
21_15_10_08462_dig_lcd.png,21,15,10
11_37_56_08463_dig_segmented.png,11,37,56
20_06_38_08464_dig_lcd.png,20,6,38
09_23_19_08465_dig_simple.png,9,23,19
09_14_11_08466_dig_simple.png,9,14,11
21_40_08_08467_dig_lcd.png,21,40,8
20_54_43_08468_dig_lcd.png,20,54,43
20_55_15_08469_dig_segmented.png,20,55,15
08_59_56_08470_dig_simple.png,8,59,56
17_33_59_08471_dig_simple.png,17,33,59
18_40_32_08472_dig_simple.png,18,40,32
08_50_39_08473_dig_segmented.png,8,50,39
16_47_14_08474_dig_segmented.png,16,47,14
06_32_17_08475_dig_simple.png,6,32,17
05_42_51_08476_dig_simple.png,5,42,51
11_40_21_08477_dig_simple.png,11,40,21
08_37_16_08478_dig_lcd.png,8,37,16
14_47_36_08479_dig_simple.png,14,47,36
02_36_30_08480_dig_segmented.png,2,36,30
00_04_20_08481_dig_segmented.png,0,4,20
01_12_27_08482_dig_segmented.png,1,12,27
13_01_42_08483_dig_simple.png,13,1,42
02_45_39_08484_dig_simple.png,2,45,39
14_16_23_08485_dig_simple.png,14,16,23
14_54_40_08486_dig_segmented.png,14,54,40
22_47_09_08487_dig_segmented.png,22,47,9
07_35_06_08488_dig_lcd.png,7,35,6
14_57_18_08489_dig_segmented.png,14,57,18
12_19_40_08490_dig_lcd.png,12,19,40
07_56_53_08491_dig_lcd.png,7,56,53
18_08_34_08492_dig_lcd.png,18,8,34
11_07_20_08493_dig_segmented.png,11,7,20
07_44_16_08494_dig_simple.png,7,44,16
20_45_06_08495_dig_simple.png,20,45,6
00_51_14_08496_dig_segmented.png,0,51,14
14_11_40_08497_dig_simple.png,14,11,40
01_41_02_08498_dig_lcd.png,1,41,2
08_40_04_08499_dig_lcd.png,8,40,4
14_47_36_08500_dig_simple.png,14,47,36
16_43_44_08501_dig_lcd.png,16,43,44
08_39_26_08502_dig_lcd.png,8,39,26
20_09_28_08503_dig_segmented.png,20,9,28
01_12_27_08504_dig_simple.png,1,12,27
02_56_16_08505_dig_segmented.png,2,56,16
03_12_35_08506_dig_lcd.png,3,12,35
11_32_04_08507_dig_simple.png,11,32,4
22_40_44_08508_dig_lcd.png,22,40,44
23_44_31_08509_dig_simple.png,23,44,31
17_02_42_08510_dig_lcd.png,17,2,42
14_11_50_08511_dig_segmented.png,14,11,50
00_46_56_08512_dig_segmented.png,0,46,56
22_36_21_08513_dig_simple.png,22,36,21
05_53_15_08514_dig_segmented.png,5,53,15
07_53_31_08515_dig_segmented.png,7,53,31
09_12_03_08516_dig_simple.png,9,12,3
11_36_55_08517_dig_simple.png,11,36,55
00_08_23_08518_dig_lcd.png,0,8,23
10_32_29_08519_dig_segmented.png,10,32,29
13_52_55_08520_dig_simple.png,13,52,55
02_34_56_08521_dig_simple.png,2,34,56
05_42_51_08522_dig_simple.png,5,42,51
05_53_15_08523_dig_lcd.png,5,53,15
07_04_02_08524_dig_simple.png,7,4,2
06_37_18_08525_dig_segmented.png,6,37,18
06_37_18_08526_dig_simple.png,6,37,18
13_12_20_08527_dig_segmented.png,13,12,20
13_33_01_08528_dig_simple.png,13,33,1
09_12_03_08529_dig_simple.png,9,12,3
14_15_34_08530_dig_segmented.png,14,15,34
21_18_02_08531_dig_simple.png,21,18,2
13_41_26_08532_dig_segmented.png,13,41,26
11_25_51_08533_dig_lcd.png,11,25,51
09_20_39_08534_dig_simple.png,9,20,39
00_51_14_08535_dig_segmented.png,0,51,14
09_20_39_08536_dig_segmented.png,9,20,39
10_52_44_08537_dig_segmented.png,10,52,44
11_25_51_08538_dig_segmented.png,11,25,51
03_21_56_08539_dig_lcd.png,3,21,56
08_13_24_08540_dig_lcd.png,8,13,24
04_26_43_08541_dig_segmented.png,4,26,43
20_45_07_08542_dig_segmented.png,20,45,7
05_53_20_08543_dig_simple.png,5,53,20
15_16_17_08544_dig_segmented.png,15,16,17
04_33_29_08545_dig_lcd.png,4,33,29
08_27_22_08546_dig_simple.png,8,27,22
17_40_28_08547_dig_segmented.png,17,40,28
12_12_47_08548_dig_simple.png,12,12,47
17_50_47_08549_dig_lcd.png,17,50,47
12_34_14_08550_dig_lcd.png,12,34,14
10_08_36_08551_dig_segmented.png,10,8,36
23_04_31_08552_dig_simple.png,23,4,31
16_43_44_08553_dig_lcd.png,16,43,44
18_12_37_08554_dig_segmented.png,18,12,37
16_59_01_08555_dig_segmented.png,16,59,1
04_12_04_08556_dig_lcd.png,4,12,4
20_16_08_08557_dig_simple.png,20,16,8
16_07_40_08558_dig_segmented.png,16,7,40
14_47_02_08559_dig_segmented.png,14,47,2
21_37_43_08560_dig_simple.png,21,37,43
07_56_53_08561_dig_simple.png,7,56,53
04_16_32_08562_dig_lcd.png,4,16,32
05_53_20_08563_dig_lcd.png,5,53,20
23_42_19_08564_dig_segmented.png,23,42,19
15_49_16_08565_dig_segmented.png,15,49,16
05_27_32_08566_dig_simple.png,5,27,32
19_07_46_08567_dig_segmented.png,19,7,46
12_29_08_08568_dig_segmented.png,12,29,8
16_47_14_08569_dig_segmented.png,16,47,14
01_56_19_08570_dig_segmented.png,1,56,19
03_37_06_08571_dig_lcd.png,3,37,6
17_38_11_08572_dig_lcd.png,17,38,11
08_01_35_08573_dig_segmented.png,8,1,35
05_27_32_08574_dig_segmented.png,5,27,32
03_06_14_08575_dig_lcd.png,3,6,14
16_14_11_08576_dig_simple.png,16,14,11
11_27_45_08577_dig_simple.png,11,27,45
03_42_31_08578_dig_simple.png,3,42,31
04_08_49_08579_dig_segmented.png,4,8,49
14_47_02_08580_dig_lcd.png,14,47,2
07_19_24_08581_dig_lcd.png,7,19,24
17_02_42_08582_dig_segmented.png,17,2,42
19_05_53_08583_dig_simple.png,19,5,53
03_29_12_08584_dig_segmented.png,3,29,12
00_39_41_08585_dig_lcd.png,0,39,41
23_23_55_08586_dig_simple.png,23,23,55
16_47_14_08587_dig_simple.png,16,47,14
06_29_58_08588_dig_simple.png,6,29,58
20_58_06_08589_dig_lcd.png,20,58,6
06_43_48_08590_dig_segmented.png,6,43,48
07_56_53_08591_dig_segmented.png,7,56,53
16_43_44_08592_dig_segmented.png,16,43,44
01_40_27_08593_dig_lcd.png,1,40,27
05_21_54_08594_dig_simple.png,5,21,54
09_40_41_08595_dig_simple.png,9,40,41
17_46_41_08596_dig_simple.png,17,46,41
03_10_31_08597_dig_lcd.png,3,10,31
11_02_54_08598_dig_lcd.png,11,2,54
19_04_18_08599_dig_simple.png,19,4,18
21_53_18_08600_dig_lcd.png,21,53,18
21_28_01_08601_dig_lcd.png,21,28,1
10_59_06_08602_dig_segmented.png,10,59,6
20_35_14_08603_dig_segmented.png,20,35,14
05_55_57_08604_dig_simple.png,5,55,57
19_06_18_08605_dig_segmented.png,19,6,18
11_07_20_08606_dig_segmented.png,11,7,20
07_35_43_08607_dig_segmented.png,7,35,43
21_47_17_08608_dig_simple.png,21,47,17
06_21_06_08609_dig_segmented.png,6,21,6
02_56_16_08610_dig_segmented.png,2,56,16
09_20_39_08611_dig_segmented.png,9,20,39
03_05_38_08612_dig_lcd.png,3,5,38
13_59_19_08613_dig_simple.png,13,59,19
08_50_39_08614_dig_segmented.png,8,50,39
21_15_10_08615_dig_segmented.png,21,15,10
10_10_27_08616_dig_simple.png,10,10,27
00_31_55_08617_dig_segmented.png,0,31,55
10_08_36_08618_dig_segmented.png,10,8,36
05_13_37_08619_dig_simple.png,5,13,37
00_18_41_08620_dig_lcd.png,0,18,41
14_13_24_08621_dig_lcd.png,14,13,24
09_09_06_08622_dig_segmented.png,9,9,6
12_21_40_08623_dig_lcd.png,12,21,40
16_35_38_08624_dig_simple.png,16,35,38
19_04_18_08625_dig_lcd.png,19,4,18
02_04_41_08626_dig_lcd.png,2,4,41
00_08_23_08627_dig_lcd.png,0,8,23
14_54_40_08628_dig_lcd.png,14,54,40
06_12_22_08629_dig_lcd.png,6,12,22
14_47_02_08630_dig_segmented.png,14,47,2
14_19_20_08631_dig_simple.png,14,19,20
15_16_17_08632_dig_lcd.png,15,16,17
08_01_35_08633_dig_segmented.png,8,1,35
09_04_24_08634_dig_segmented.png,9,4,24
14_54_40_08635_dig_simple.png,14,54,40
08_50_39_08636_dig_segmented.png,8,50,39
04_09_44_08637_dig_segmented.png,4,9,44
06_37_18_08638_dig_segmented.png,6,37,18
11_19_58_08639_dig_simple.png,11,19,58
23_29_19_08640_dig_simple.png,23,29,19
11_25_51_08641_dig_segmented.png,11,25,51
14_15_34_08642_dig_simple.png,14,15,34
23_56_12_08643_dig_simple.png,23,56,12
12_03_47_08644_dig_lcd.png,12,3,47
05_39_33_08645_dig_lcd.png,5,39,33
02_53_31_08646_dig_lcd.png,2,53,31
12_55_37_08647_dig_lcd.png,12,55,37
00_04_03_08648_dig_segmented.png,0,4,3
13_12_20_08649_dig_lcd.png,13,12,20
08_01_35_08650_dig_simple.png,8,1,35
21_15_10_08651_dig_simple.png,21,15,10
00_39_41_08652_dig_simple.png,0,39,41
11_50_35_08653_dig_simple.png,11,50,35
01_12_27_08654_dig_segmented.png,1,12,27
00_13_06_08655_dig_segmented.png,0,13,6
03_29_12_08656_dig_segmented.png,3,29,12
11_20_01_08657_dig_lcd.png,11,20,1
08_37_16_08658_dig_segmented.png,8,37,16
14_55_35_08659_dig_lcd.png,14,55,35
19_04_46_08660_dig_lcd.png,19,4,46
13_01_42_08661_dig_simple.png,13,1,42
10_46_50_08662_dig_lcd.png,10,46,50
01_40_27_08663_dig_simple.png,1,40,27
17_34_15_08664_dig_simple.png,17,34,15
11_25_51_08665_dig_lcd.png,11,25,51
01_09_35_08666_dig_lcd.png,1,9,35
03_21_56_08667_dig_lcd.png,3,21,56
14_28_31_08668_dig_segmented.png,14,28,31
20_35_14_08669_dig_lcd.png,20,35,14
03_00_15_08670_dig_lcd.png,3,0,15
03_47_17_08671_dig_segmented.png,3,47,17
02_36_30_08672_dig_simple.png,2,36,30
19_04_46_08673_dig_simple.png,19,4,46
23_52_13_08674_dig_simple.png,23,52,13
08_36_49_08675_dig_simple.png,8,36,49
17_37_04_08676_dig_simple.png,17,37,4
02_36_42_08677_dig_simple.png,2,36,42
07_35_06_08678_dig_simple.png,7,35,6
22_57_39_08679_dig_segmented.png,22,57,39
11_32_04_08680_dig_simple.png,11,32,4
08_48_26_08681_dig_segmented.png,8,48,26
02_34_56_08682_dig_segmented.png,2,34,56
12_35_28_08683_dig_segmented.png,12,35,28
12_08_40_08684_dig_simple.png,12,8,40
22_10_28_08685_dig_simple.png,22,10,28
09_09_06_08686_dig_lcd.png,9,9,6
11_30_47_08687_dig_lcd.png,11,30,47
01_26_54_08688_dig_simple.png,1,26,54
07_19_24_08689_dig_segmented.png,7,19,24
01_41_10_08690_dig_simple.png,1,41,10
16_43_44_08691_dig_segmented.png,16,43,44
20_19_30_08692_dig_segmented.png,20,19,30
13_45_41_08693_dig_segmented.png,13,45,41
22_12_38_08694_dig_segmented.png,22,12,38
23_49_05_08695_dig_lcd.png,23,49,5
15_31_23_08696_dig_segmented.png,15,31,23
12_55_37_08697_dig_segmented.png,12,55,37
07_01_36_08698_dig_simple.png,7,1,36
14_11_50_08699_dig_segmented.png,14,11,50
10_25_14_08700_dig_simple.png,10,25,14
17_35_38_08701_dig_lcd.png,17,35,38
12_13_30_08702_dig_segmented.png,12,13,30
23_44_31_08703_dig_lcd.png,23,44,31
02_57_38_08704_dig_segmented.png,2,57,38
03_00_15_08705_dig_simple.png,3,0,15
22_51_43_08706_dig_segmented.png,22,51,43
15_58_20_08707_dig_segmented.png,15,58,20
11_03_25_08708_dig_segmented.png,11,3,25
18_50_41_08709_dig_simple.png,18,50,41
05_21_54_08710_dig_lcd.png,5,21,54
19_54_10_08711_dig_segmented.png,19,54,10
02_25_38_08712_dig_lcd.png,2,25,38
22_40_44_08713_dig_simple.png,22,40,44
09_18_05_08714_dig_segmented.png,9,18,5
11_19_24_08715_dig_simple.png,11,19,24
20_35_14_08716_dig_lcd.png,20,35,14
17_38_11_08717_dig_simple.png,17,38,11
03_10_31_08718_dig_segmented.png,3,10,31
07_39_50_08719_dig_lcd.png,7,39,50
14_42_57_08720_dig_segmented.png,14,42,57
00_18_33_08721_dig_lcd.png,0,18,33
20_19_30_08722_dig_simple.png,20,19,30
23_49_05_08723_dig_segmented.png,23,49,5
00_10_25_08724_dig_segmented.png,0,10,25
15_03_16_08725_dig_segmented.png,15,3,16
03_37_06_08726_dig_segmented.png,3,37,6
03_05_38_08727_dig_segmented.png,3,5,38
11_34_46_08728_dig_lcd.png,11,34,46
13_16_06_08729_dig_simple.png,13,16,6
17_14_56_08730_dig_simple.png,17,14,56
00_04_54_08731_dig_simple.png,0,4,54
14_13_24_08732_dig_lcd.png,14,13,24
02_36_34_08733_dig_segmented.png,2,36,34
12_53_11_08734_dig_segmented.png,12,53,11
06_38_49_08735_dig_segmented.png,6,38,49
06_43_35_08736_dig_simple.png,6,43,35
16_46_15_08737_dig_segmented.png,16,46,15
22_36_21_08738_dig_simple.png,22,36,21
03_11_04_08739_dig_segmented.png,3,11,4
05_53_15_08740_dig_lcd.png,5,53,15
14_04_48_08741_dig_segmented.png,14,4,48
06_40_54_08742_dig_lcd.png,6,40,54
18_12_37_08743_dig_segmented.png,18,12,37
18_01_22_08744_dig_lcd.png,18,1,22
05_06_46_08745_dig_lcd.png,5,6,46
05_34_09_08746_dig_simple.png,5,34,9
06_55_06_08747_dig_simple.png,6,55,6
17_22_45_08748_dig_segmented.png,17,22,45
11_03_25_08749_dig_simple.png,11,3,25
03_52_44_08750_dig_simple.png,3,52,44
22_51_43_08751_dig_lcd.png,22,51,43
00_51_28_08752_dig_lcd.png,0,51,28
10_23_40_08753_dig_lcd.png,10,23,40
00_51_44_08754_dig_lcd.png,0,51,44
06_43_48_08755_dig_segmented.png,6,43,48
22_57_39_08756_dig_simple.png,22,57,39
22_59_32_08757_dig_segmented.png,22,59,32
08_13_24_08758_dig_segmented.png,8,13,24
14_10_37_08759_dig_simple.png,14,10,37
23_54_03_08760_dig_simple.png,23,54,3
19_01_51_08761_dig_segmented.png,19,1,51
04_37_14_08762_dig_lcd.png,4,37,14
14_28_31_08763_dig_lcd.png,14,28,31
12_31_05_08764_dig_simple.png,12,31,5
15_32_42_08765_dig_lcd.png,15,32,42
03_17_00_08766_dig_segmented.png,3,17,0
02_54_31_08767_dig_simple.png,2,54,31
22_40_44_08768_dig_lcd.png,22,40,44
15_02_01_08769_dig_segmented.png,15,2,1
15_27_41_08770_dig_lcd.png,15,27,41
23_49_49_08771_dig_simple.png,23,49,49
19_54_10_08772_dig_segmented.png,19,54,10
22_40_44_08773_dig_segmented.png,22,40,44
23_49_28_08774_dig_segmented.png,23,49,28
01_59_20_08775_dig_simple.png,1,59,20
03_48_59_08776_dig_segmented.png,3,48,59
15_14_08_08777_dig_segmented.png,15,14,8
17_55_33_08778_dig_simple.png,17,55,33
12_08_40_08779_dig_lcd.png,12,8,40
23_05_20_08780_dig_simple.png,23,5,20
21_37_43_08781_dig_simple.png,21,37,43
23_52_07_08782_dig_segmented.png,23,52,7
08_01_35_08783_dig_lcd.png,8,1,35
13_01_42_08784_dig_segmented.png,13,1,42
11_19_58_08785_dig_simple.png,11,19,58
18_50_41_08786_dig_lcd.png,18,50,41
16_12_56_08787_dig_lcd.png,16,12,56
20_45_06_08788_dig_lcd.png,20,45,6
00_37_50_08789_dig_segmented.png,0,37,50
17_34_15_08790_dig_segmented.png,17,34,15
21_53_18_08791_dig_simple.png,21,53,18
14_15_51_08792_dig_lcd.png,14,15,51
22_12_38_08793_dig_segmented.png,22,12,38
14_15_34_08794_dig_simple.png,14,15,34
03_47_17_08795_dig_segmented.png,3,47,17
15_49_16_08796_dig_lcd.png,15,49,16
03_00_15_08797_dig_simple.png,3,0,15
05_55_57_08798_dig_simple.png,5,55,57
09_23_19_08799_dig_simple.png,9,23,19
13_33_01_08800_dig_simple.png,13,33,1
21_40_08_08801_dig_segmented.png,21,40,8
09_57_20_08802_dig_lcd.png,9,57,20
10_23_40_08803_dig_segmented.png,10,23,40
00_51_44_08804_dig_simple.png,0,51,44
19_35_27_08805_dig_simple.png,19,35,27
04_46_20_08806_dig_segmented.png,4,46,20
21_04_16_08807_dig_simple.png,21,4,16
22_32_24_08808_dig_lcd.png,22,32,24
08_47_59_08809_dig_lcd.png,8,47,59
18_45_16_08810_dig_simple.png,18,45,16
22_59_32_08811_dig_simple.png,22,59,32
01_18_51_08812_dig_simple.png,1,18,51
09_04_24_08813_dig_simple.png,9,4,24
00_18_33_08814_dig_lcd.png,0,18,33
09_40_41_08815_dig_simple.png,9,40,41
05_39_33_08816_dig_simple.png,5,39,33
10_08_36_08817_dig_segmented.png,10,8,36
00_31_55_08818_dig_segmented.png,0,31,55
05_03_00_08819_dig_segmented.png,5,3,0
20_16_08_08820_dig_simple.png,20,16,8
06_48_42_08821_dig_lcd.png,6,48,42
02_52_52_08822_dig_segmented.png,2,52,52
09_36_41_08823_dig_lcd.png,9,36,41
09_40_41_08824_dig_simple.png,9,40,41
21_28_01_08825_dig_lcd.png,21,28,1
22_09_26_08826_dig_segmented.png,22,9,26
22_32_24_08827_dig_segmented.png,22,32,24
23_42_19_08828_dig_simple.png,23,42,19
10_39_37_08829_dig_lcd.png,10,39,37
05_42_51_08830_dig_segmented.png,5,42,51
23_39_48_08831_dig_segmented.png,23,39,48
11_32_04_08832_dig_segmented.png,11,32,4
19_19_22_08833_dig_simple.png,19,19,22
09_09_06_08834_dig_lcd.png,9,9,6
16_35_38_08835_dig_simple.png,16,35,38
08_13_24_08836_dig_lcd.png,8,13,24
20_06_41_08837_dig_simple.png,20,6,41
08_14_00_08838_dig_segmented.png,8,14,0
17_40_28_08839_dig_segmented.png,17,40,28
10_15_33_08840_dig_simple.png,10,15,33
07_19_24_08841_dig_lcd.png,7,19,24
20_35_14_08842_dig_segmented.png,20,35,14
14_55_35_08843_dig_segmented.png,14,55,35
11_22_48_08844_dig_simple.png,11,22,48
12_31_05_08845_dig_simple.png,12,31,5
12_53_11_08846_dig_segmented.png,12,53,11
06_28_54_08847_dig_simple.png,6,28,54
23_05_22_08848_dig_simple.png,23,5,22
13_16_06_08849_dig_simple.png,13,16,6
15_37_34_08850_dig_simple.png,15,37,34
11_25_51_08851_dig_simple.png,11,25,51
12_08_40_08852_dig_simple.png,12,8,40
14_55_35_08853_dig_simple.png,14,55,35
00_04_20_08854_dig_lcd.png,0,4,20
09_14_11_08855_dig_lcd.png,9,14,11
11_27_45_08856_dig_simple.png,11,27,45
06_28_54_08857_dig_segmented.png,6,28,54
06_16_08_08858_dig_segmented.png,6,16,8
03_52_44_08859_dig_segmented.png,3,52,44
00_15_13_08860_dig_segmented.png,0,15,13
03_10_31_08861_dig_simple.png,3,10,31
18_28_43_08862_dig_lcd.png,18,28,43
21_35_30_08863_dig_segmented.png,21,35,30
16_46_15_08864_dig_simple.png,16,46,15
23_49_05_08865_dig_simple.png,23,49,5
09_09_45_08866_dig_segmented.png,9,9,45
20_19_30_08867_dig_segmented.png,20,19,30
22_47_17_08868_dig_simple.png,22,47,17
20_45_07_08869_dig_segmented.png,20,45,7
11_31_18_08870_dig_lcd.png,11,31,18
23_54_03_08871_dig_simple.png,23,54,3
18_52_32_08872_dig_simple.png,18,52,32
22_09_26_08873_dig_lcd.png,22,9,26
22_32_24_08874_dig_lcd.png,22,32,24
15_49_16_08875_dig_segmented.png,15,49,16
01_41_02_08876_dig_simple.png,1,41,2
08_56_12_08877_dig_lcd.png,8,56,12
09_39_15_08878_dig_segmented.png,9,39,15
20_58_06_08879_dig_simple.png,20,58,6
16_59_01_08880_dig_lcd.png,16,59,1
06_43_35_08881_dig_simple.png,6,43,35
23_05_20_08882_dig_segmented.png,23,5,20
00_04_22_08883_dig_segmented.png,0,4,22
10_46_50_08884_dig_segmented.png,10,46,50
08_27_44_08885_dig_lcd.png,8,27,44
23_39_48_08886_dig_simple.png,23,39,48
02_54_31_08887_dig_segmented.png,2,54,31
11_19_24_08888_dig_simple.png,11,19,24
20_06_41_08889_dig_lcd.png,20,6,41
15_16_17_08890_dig_simple.png,15,16,17
21_42_27_08891_dig_simple.png,21,42,27
01_16_29_08892_dig_lcd.png,1,16,29
03_29_12_08893_dig_simple.png,3,29,12
12_29_08_08894_dig_simple.png,12,29,8
18_18_23_08895_dig_simple.png,18,18,23
07_35_06_08896_dig_simple.png,7,35,6
18_28_43_08897_dig_segmented.png,18,28,43
20_32_18_08898_dig_lcd.png,20,32,18
01_18_51_08899_dig_simple.png,1,18,51
16_24_47_08900_dig_lcd.png,16,24,47
00_18_41_08901_dig_simple.png,0,18,41
19_19_22_08902_dig_lcd.png,19,19,22
14_08_41_08903_dig_simple.png,14,8,41
02_45_39_08904_dig_segmented.png,2,45,39
00_51_14_08905_dig_segmented.png,0,51,14
22_10_28_08906_dig_lcd.png,22,10,28
05_27_32_08907_dig_simple.png,5,27,32
12_21_40_08908_dig_lcd.png,12,21,40
19_07_46_08909_dig_lcd.png,19,7,46
08_30_31_08910_dig_lcd.png,8,30,31
06_21_06_08911_dig_simple.png,6,21,6
09_36_41_08912_dig_simple.png,9,36,41
13_42_00_08913_dig_segmented.png,13,42,0
20_06_38_08914_dig_lcd.png,20,6,38
09_20_39_08915_dig_lcd.png,9,20,39
15_14_33_08916_dig_lcd.png,15,14,33
05_06_46_08917_dig_lcd.png,5,6,46
19_01_51_08918_dig_lcd.png,19,1,51
03_11_04_08919_dig_simple.png,3,11,4
18_09_10_08920_dig_lcd.png,18,9,10
17_14_56_08921_dig_segmented.png,17,14,56
00_13_06_08922_dig_segmented.png,0,13,6
04_04_05_08923_dig_simple.png,4,4,5
17_46_41_08924_dig_lcd.png,17,46,41
01_40_27_08925_dig_simple.png,1,40,27
13_59_19_08926_dig_simple.png,13,59,19
16_57_56_08927_dig_simple.png,16,57,56
12_29_08_08928_dig_lcd.png,12,29,8
22_51_43_08929_dig_simple.png,22,51,43
20_45_06_08930_dig_lcd.png,20,45,6
22_55_28_08931_dig_segmented.png,22,55,28
08_14_00_08932_dig_segmented.png,8,14,0
09_23_19_08933_dig_simple.png,9,23,19
02_34_56_08934_dig_segmented.png,2,34,56
22_06_19_08935_dig_lcd.png,22,6,19
20_45_06_08936_dig_simple.png,20,45,6
09_36_41_08937_dig_lcd.png,9,36,41
19_12_53_08938_dig_lcd.png,19,12,53
18_50_41_08939_dig_simple.png,18,50,41
23_29_19_08940_dig_segmented.png,23,29,19
21_40_52_08941_dig_simple.png,21,40,52
03_29_12_08942_dig_simple.png,3,29,12
02_52_52_08943_dig_lcd.png,2,52,52
23_49_28_08944_dig_lcd.png,23,49,28
04_12_04_08945_dig_segmented.png,4,12,4
09_31_45_08946_dig_lcd.png,9,31,45
00_23_21_08947_dig_lcd.png,0,23,21
07_44_16_08948_dig_simple.png,7,44,16
14_03_12_08949_dig_segmented.png,14,3,12
16_46_15_08950_dig_lcd.png,16,46,15
19_01_51_08951_dig_lcd.png,19,1,51
04_26_43_08952_dig_simple.png,4,26,43
00_04_03_08953_dig_simple.png,0,4,3
04_09_44_08954_dig_simple.png,4,9,44
23_54_03_08955_dig_segmented.png,23,54,3
17_55_33_08956_dig_segmented.png,17,55,33
03_47_17_08957_dig_simple.png,3,47,17
18_01_22_08958_dig_lcd.png,18,1,22
21_37_43_08959_dig_simple.png,21,37,43
08_01_35_08960_dig_segmented.png,8,1,35
22_09_26_08961_dig_simple.png,22,9,26
12_29_08_08962_dig_segmented.png,12,29,8
14_03_12_08963_dig_lcd.png,14,3,12
19_54_10_08964_dig_segmented.png,19,54,10
02_56_16_08965_dig_lcd.png,2,56,16
12_40_58_08966_dig_simple.png,12,40,58
02_57_38_08967_dig_simple.png,2,57,38
14_04_48_08968_dig_lcd.png,14,4,48
05_34_09_08969_dig_simple.png,5,34,9
02_36_34_08970_dig_simple.png,2,36,34
04_08_49_08971_dig_segmented.png,4,8,49
05_06_46_08972_dig_segmented.png,5,6,46
07_44_16_08973_dig_simple.png,7,44,16
05_39_33_08974_dig_segmented.png,5,39,33
21_40_52_08975_dig_segmented.png,21,40,52
09_04_24_08976_dig_segmented.png,9,4,24
02_55_46_08977_dig_lcd.png,2,55,46
11_31_18_08978_dig_simple.png,11,31,18
04_46_20_08979_dig_simple.png,4,46,20
11_30_47_08980_dig_lcd.png,11,30,47
07_31_35_08981_dig_segmented.png,7,31,35
18_15_12_08982_dig_simple.png,18,15,12
20_09_28_08983_dig_simple.png,20,9,28
07_44_16_08984_dig_segmented.png,7,44,16
18_18_23_08985_dig_segmented.png,18,18,23
10_39_37_08986_dig_lcd.png,10,39,37
00_07_33_08987_dig_segmented.png,0,7,33
14_45_10_08988_dig_lcd.png,14,45,10
16_47_14_08989_dig_simple.png,16,47,14
03_06_14_08990_dig_lcd.png,3,6,14
21_42_27_08991_dig_segmented.png,21,42,27
03_29_12_08992_dig_lcd.png,3,29,12
04_22_09_08993_dig_simple.png,4,22,9
08_36_49_08994_dig_segmented.png,8,36,49
14_03_12_08995_dig_segmented.png,14,3,12
22_47_09_08996_dig_simple.png,22,47,9
06_28_54_08997_dig_segmented.png,6,28,54
20_06_41_08998_dig_simple.png,20,6,41
02_51_15_08999_dig_segmented.png,2,51,15
09_09_45_09000_dig_simple.png,9,9,45
07_39_50_09001_dig_lcd.png,7,39,50
18_18_12_09002_dig_simple.png,18,18,12
20_58_06_09003_dig_segmented.png,20,58,6
07_53_31_09004_dig_lcd.png,7,53,31
06_48_42_09005_dig_simple.png,6,48,42
06_29_58_09006_dig_segmented.png,6,29,58
07_39_50_09007_dig_lcd.png,7,39,50
06_37_18_09008_dig_simple.png,6,37,18
09_40_41_09009_dig_simple.png,9,40,41
14_16_23_09010_dig_lcd.png,14,16,23
00_33_25_09011_dig_lcd.png,0,33,25
23_05_22_09012_dig_simple.png,23,5,22
04_10_12_09013_dig_segmented.png,4,10,12
21_47_17_09014_dig_lcd.png,21,47,17
14_29_52_09015_dig_lcd.png,14,29,52
23_49_28_09016_dig_simple.png,23,49,28
12_19_40_09017_dig_segmented.png,12,19,40
16_12_56_09018_dig_segmented.png,16,12,56
08_59_56_09019_dig_segmented.png,8,59,56
07_39_50_09020_dig_segmented.png,7,39,50
02_56_16_09021_dig_lcd.png,2,56,16
06_48_03_09022_dig_simple.png,6,48,3
07_53_31_09023_dig_segmented.png,7,53,31
05_11_01_09024_dig_lcd.png,5,11,1
15_27_41_09025_dig_simple.png,15,27,41
09_57_20_09026_dig_segmented.png,9,57,20
17_50_47_09027_dig_segmented.png,17,50,47
00_51_44_09028_dig_simple.png,0,51,44
21_13_47_09029_dig_simple.png,21,13,47
18_18_12_09030_dig_segmented.png,18,18,12
22_57_39_09031_dig_segmented.png,22,57,39
10_59_06_09032_dig_simple.png,10,59,6
11_19_58_09033_dig_lcd.png,11,19,58
15_37_34_09034_dig_lcd.png,15,37,34
17_09_36_09035_dig_segmented.png,17,9,36
03_11_04_09036_dig_simple.png,3,11,4
00_18_41_09037_dig_segmented.png,0,18,41
22_12_38_09038_dig_simple.png,22,12,38
04_04_05_09039_dig_lcd.png,4,4,5
04_37_14_09040_dig_segmented.png,4,37,14
11_50_35_09041_dig_segmented.png,11,50,35
16_28_50_09042_dig_lcd.png,16,28,50
19_35_27_09043_dig_simple.png,19,35,27
04_22_09_09044_dig_segmented.png,4,22,9
14_10_37_09045_dig_simple.png,14,10,37
20_32_18_09046_dig_simple.png,20,32,18
18_28_43_09047_dig_lcd.png,18,28,43
10_39_37_09048_dig_segmented.png,10,39,37
08_13_24_09049_dig_simple.png,8,13,24
08_13_24_09050_dig_lcd.png,8,13,24
23_46_00_09051_dig_segmented.png,23,46,0
11_49_25_09052_dig_lcd.png,11,49,25
11_20_01_09053_dig_segmented.png,11,20,1
23_04_31_09054_dig_lcd.png,23,4,31
01_36_28_09055_dig_simple.png,1,36,28
18_28_43_09056_dig_simple.png,18,28,43
07_14_16_09057_dig_simple.png,7,14,16
02_29_53_09058_dig_simple.png,2,29,53
03_37_06_09059_dig_segmented.png,3,37,6
11_19_24_09060_dig_segmented.png,11,19,24
21_18_02_09061_dig_simple.png,21,18,2
13_42_00_09062_dig_simple.png,13,42,0
23_54_03_09063_dig_simple.png,23,54,3
21_28_01_09064_dig_segmented.png,21,28,1
20_06_38_09065_dig_lcd.png,20,6,38
03_17_00_09066_dig_simple.png,3,17,0
20_35_14_09067_dig_simple.png,20,35,14
09_42_38_09068_dig_segmented.png,9,42,38
08_27_22_09069_dig_simple.png,8,27,22
08_50_39_09070_dig_simple.png,8,50,39
10_32_29_09071_dig_lcd.png,10,32,29
16_17_10_09072_dig_lcd.png,16,17,10
00_46_56_09073_dig_segmented.png,0,46,56
21_04_16_09074_dig_simple.png,21,4,16
17_09_36_09075_dig_simple.png,17,9,36
16_14_11_09076_dig_segmented.png,16,14,11
11_36_55_09077_dig_segmented.png,11,36,55
02_56_16_09078_dig_segmented.png,2,56,16
22_32_24_09079_dig_simple.png,22,32,24
17_14_56_09080_dig_lcd.png,17,14,56
14_10_37_09081_dig_lcd.png,14,10,37
07_35_06_09082_dig_lcd.png,7,35,6
21_15_10_09083_dig_lcd.png,21,15,10
04_08_19_09084_dig_segmented.png,4,8,19
04_10_12_09085_dig_segmented.png,4,10,12
11_37_56_09086_dig_segmented.png,11,37,56
03_10_31_09087_dig_lcd.png,3,10,31
07_44_16_09088_dig_simple.png,7,44,16
01_36_28_09089_dig_segmented.png,1,36,28
02_57_38_09090_dig_lcd.png,2,57,38
19_31_41_09091_dig_segmented.png,19,31,41
07_44_16_09092_dig_segmented.png,7,44,16
01_26_54_09093_dig_lcd.png,1,26,54
19_12_53_09094_dig_lcd.png,19,12,53
01_09_35_09095_dig_segmented.png,1,9,35
19_01_51_09096_dig_lcd.png,19,1,51
11_27_45_09097_dig_segmented.png,11,27,45
01_09_35_09098_dig_simple.png,1,9,35
22_47_09_09099_dig_segmented.png,22,47,9
06_12_22_09100_dig_lcd.png,6,12,22
11_19_24_09101_dig_lcd.png,11,19,24
18_28_43_09102_dig_segmented.png,18,28,43
00_15_13_09103_dig_simple.png,0,15,13
12_08_40_09104_dig_simple.png,12,8,40
23_56_12_09105_dig_lcd.png,23,56,12
14_32_15_09106_dig_lcd.png,14,32,15
09_04_24_09107_dig_segmented.png,9,4,24
14_13_24_09108_dig_lcd.png,14,13,24
18_28_43_09109_dig_simple.png,18,28,43
11_36_55_09110_dig_segmented.png,11,36,55
00_13_06_09111_dig_lcd.png,0,13,6
07_30_07_09112_dig_segmented.png,7,30,7
09_36_41_09113_dig_lcd.png,9,36,41
11_49_25_09114_dig_simple.png,11,49,25
20_07_54_09115_dig_segmented.png,20,7,54
13_01_42_09116_dig_segmented.png,13,1,42
14_53_37_09117_dig_segmented.png,14,53,37
15_02_01_09118_dig_lcd.png,15,2,1
04_09_44_09119_dig_simple.png,4,9,44
10_39_37_09120_dig_segmented.png,10,39,37
19_12_53_09121_dig_simple.png,19,12,53
05_21_54_09122_dig_segmented.png,5,21,54
04_46_20_09123_dig_simple.png,4,46,20
13_37_42_09124_dig_lcd.png,13,37,42
03_17_00_09125_dig_segmented.png,3,17,0
20_16_08_09126_dig_lcd.png,20,16,8
10_59_06_09127_dig_lcd.png,10,59,6
03_52_44_09128_dig_lcd.png,3,52,44
09_11_53_09129_dig_simple.png,9,11,53
15_02_01_09130_dig_segmented.png,15,2,1
11_50_35_09131_dig_simple.png,11,50,35
06_55_06_09132_dig_lcd.png,6,55,6
21_17_20_09133_dig_lcd.png,21,17,20
10_25_14_09134_dig_simple.png,10,25,14
10_32_29_09135_dig_lcd.png,10,32,29
03_52_44_09136_dig_simple.png,3,52,44
04_04_05_09137_dig_lcd.png,4,4,5
01_26_54_09138_dig_segmented.png,1,26,54
11_02_54_09139_dig_segmented.png,11,2,54
11_40_21_09140_dig_simple.png,11,40,21
04_37_14_09141_dig_lcd.png,4,37,14
13_12_20_09142_dig_segmented.png,13,12,20
20_06_41_09143_dig_segmented.png,20,6,41
02_52_52_09144_dig_lcd.png,2,52,52
10_47_42_09145_dig_lcd.png,10,47,42
08_36_49_09146_dig_lcd.png,8,36,49
22_06_19_09147_dig_lcd.png,22,6,19
08_30_31_09148_dig_segmented.png,8,30,31
21_42_27_09149_dig_lcd.png,21,42,27
11_50_35_09150_dig_simple.png,11,50,35
03_42_31_09151_dig_segmented.png,3,42,31
21_34_02_09152_dig_segmented.png,21,34,2
19_35_27_09153_dig_lcd.png,19,35,27
11_49_25_09154_dig_simple.png,11,49,25
08_02_49_09155_dig_lcd.png,8,2,49
23_29_19_09156_dig_segmented.png,23,29,19
19_31_41_09157_dig_simple.png,19,31,41
03_21_56_09158_dig_lcd.png,3,21,56
19_26_00_09159_dig_lcd.png,19,26,0
05_13_37_09160_dig_lcd.png,5,13,37
05_31_08_09161_dig_lcd.png,5,31,8
06_28_54_09162_dig_segmented.png,6,28,54
17_02_42_09163_dig_segmented.png,17,2,42
00_13_06_09164_dig_lcd.png,0,13,6
04_10_12_09165_dig_lcd.png,4,10,12
00_51_28_09166_dig_simple.png,0,51,28
00_23_21_09167_dig_segmented.png,0,23,21
08_36_49_09168_dig_simple.png,8,36,49
18_15_12_09169_dig_segmented.png,18,15,12
06_32_17_09170_dig_simple.png,6,32,17
03_48_59_09171_dig_segmented.png,3,48,59
04_26_43_09172_dig_simple.png,4,26,43
12_13_30_09173_dig_lcd.png,12,13,30
04_08_19_09174_dig_segmented.png,4,8,19
04_08_19_09175_dig_segmented.png,4,8,19
11_27_45_09176_dig_lcd.png,11,27,45
00_04_20_09177_dig_simple.png,0,4,20
20_58_06_09178_dig_segmented.png,20,58,6
12_34_14_09179_dig_simple.png,12,34,14
05_11_01_09180_dig_segmented.png,5,11,1
06_16_08_09181_dig_segmented.png,6,16,8
17_55_33_09182_dig_segmented.png,17,55,33
22_47_09_09183_dig_simple.png,22,47,9
08_36_49_09184_dig_segmented.png,8,36,49
12_15_41_09185_dig_lcd.png,12,15,41
13_16_06_09186_dig_segmented.png,13,16,6
12_00_17_09187_dig_simple.png,12,0,17
20_58_06_09188_dig_segmented.png,20,58,6
04_46_20_09189_dig_segmented.png,4,46,20
04_08_49_09190_dig_lcd.png,4,8,49
12_53_11_09191_dig_segmented.png,12,53,11
00_51_44_09192_dig_lcd.png,0,51,44
17_34_15_09193_dig_lcd.png,17,34,15
15_32_42_09194_dig_segmented.png,15,32,42
08_59_56_09195_dig_segmented.png,8,59,56
21_13_47_09196_dig_lcd.png,21,13,47
08_37_16_09197_dig_lcd.png,8,37,16
13_42_00_09198_dig_segmented.png,13,42,0
03_48_59_09199_dig_simple.png,3,48,59
15_03_16_09200_dig_lcd.png,15,3,16
01_36_28_09201_dig_lcd.png,1,36,28
16_43_44_09202_dig_simple.png,16,43,44
09_39_15_09203_dig_simple.png,9,39,15
13_41_26_09204_dig_lcd.png,13,41,26
23_49_28_09205_dig_simple.png,23,49,28
01_36_28_09206_dig_simple.png,1,36,28
11_07_20_09207_dig_segmented.png,11,7,20
19_07_46_09208_dig_simple.png,19,7,46
21_42_27_09209_dig_lcd.png,21,42,27
23_29_19_09210_dig_lcd.png,23,29,19
00_46_56_09211_dig_lcd.png,0,46,56
22_06_19_09212_dig_segmented.png,22,6,19
09_12_03_09213_dig_segmented.png,9,12,3
21_35_30_09214_dig_simple.png,21,35,30
17_33_59_09215_dig_lcd.png,17,33,59
21_15_10_09216_dig_segmented.png,21,15,10
02_34_16_09217_dig_lcd.png,2,34,16
17_33_59_09218_dig_simple.png,17,33,59
05_34_09_09219_dig_segmented.png,5,34,9
09_36_41_09220_dig_simple.png,9,36,41
21_11_07_09221_dig_segmented.png,21,11,7
04_51_02_09222_dig_segmented.png,4,51,2
07_14_16_09223_dig_simple.png,7,14,16
03_12_53_09224_dig_lcd.png,3,12,53
01_09_35_09225_dig_lcd.png,1,9,35
17_02_42_09226_dig_simple.png,17,2,42
01_41_10_09227_dig_segmented.png,1,41,10
04_08_49_09228_dig_segmented.png,4,8,49
05_53_15_09229_dig_simple.png,5,53,15
19_35_27_09230_dig_lcd.png,19,35,27
02_57_38_09231_dig_simple.png,2,57,38
05_53_20_09232_dig_simple.png,5,53,20
06_33_33_09233_dig_segmented.png,6,33,33
18_08_34_09234_dig_lcd.png,18,8,34
02_34_16_09235_dig_segmented.png,2,34,16
03_00_15_09236_dig_simple.png,3,0,15
20_55_15_09237_dig_simple.png,20,55,15
20_32_18_09238_dig_simple.png,20,32,18
19_01_51_09239_dig_segmented.png,19,1,51
00_20_08_09240_dig_lcd.png,0,20,8
07_53_26_09241_dig_segmented.png,7,53,26
06_38_49_09242_dig_lcd.png,6,38,49
05_55_57_09243_dig_simple.png,5,55,57
17_40_48_09244_dig_lcd.png,17,40,48
16_17_10_09245_dig_segmented.png,16,17,10
03_17_00_09246_dig_simple.png,3,17,0
23_49_05_09247_dig_segmented.png,23,49,5
15_41_24_09248_dig_segmented.png,15,41,24
05_23_16_09249_dig_segmented.png,5,23,16
14_54_40_09250_dig_segmented.png,14,54,40
00_20_08_09251_dig_simple.png,0,20,8
15_31_23_09252_dig_lcd.png,15,31,23
10_36_47_09253_dig_simple.png,10,36,47
12_12_47_09254_dig_lcd.png,12,12,47
16_57_56_09255_dig_segmented.png,16,57,56
09_31_45_09256_dig_simple.png,9,31,45
09_23_44_09257_dig_lcd.png,9,23,44
09_14_11_09258_dig_lcd.png,9,14,11
21_23_29_09259_dig_lcd.png,21,23,29
00_31_55_09260_dig_lcd.png,0,31,55
07_39_50_09261_dig_lcd.png,7,39,50
23_49_49_09262_dig_lcd.png,23,49,49
16_17_10_09263_dig_lcd.png,16,17,10
03_05_38_09264_dig_lcd.png,3,5,38
12_34_14_09265_dig_simple.png,12,34,14
19_35_27_09266_dig_lcd.png,19,35,27
06_38_49_09267_dig_simple.png,6,38,49
00_13_06_09268_dig_segmented.png,0,13,6
04_58_22_09269_dig_lcd.png,4,58,22
23_44_31_09270_dig_segmented.png,23,44,31
08_48_26_09271_dig_lcd.png,8,48,26
19_31_41_09272_dig_segmented.png,19,31,41
12_19_40_09273_dig_simple.png,12,19,40
22_09_26_09274_dig_lcd.png,22,9,26
13_33_01_09275_dig_simple.png,13,33,1
06_48_03_09276_dig_segmented.png,6,48,3
01_12_27_09277_dig_segmented.png,1,12,27
00_33_25_09278_dig_simple.png,0,33,25
19_04_46_09279_dig_lcd.png,19,4,46
15_14_33_09280_dig_simple.png,15,14,33
21_13_47_09281_dig_lcd.png,21,13,47
10_25_14_09282_dig_lcd.png,10,25,14
10_47_21_09283_dig_simple.png,10,47,21
00_10_25_09284_dig_simple.png,0,10,25
00_04_54_09285_dig_segmented.png,0,4,54
21_18_02_09286_dig_lcd.png,21,18,2
22_47_09_09287_dig_simple.png,22,47,9
05_21_54_09288_dig_segmented.png,5,21,54
01_26_54_09289_dig_lcd.png,1,26,54
08_59_56_09290_dig_segmented.png,8,59,56
22_51_43_09291_dig_lcd.png,22,51,43
14_50_52_09292_dig_lcd.png,14,50,52
17_55_33_09293_dig_simple.png,17,55,33
00_10_25_09294_dig_segmented.png,0,10,25
04_08_49_09295_dig_simple.png,4,8,49
18_28_43_09296_dig_simple.png,18,28,43
02_04_41_09297_dig_lcd.png,2,4,41
17_38_11_09298_dig_lcd.png,17,38,11
13_45_41_09299_dig_simple.png,13,45,41
03_12_55_09300_dig_segmented.png,3,12,55
10_06_39_09301_dig_simple.png,10,6,39
06_21_06_09302_dig_simple.png,6,21,6
21_42_27_09303_dig_simple.png,21,42,27
04_46_20_09304_dig_lcd.png,4,46,20
03_06_14_09305_dig_segmented.png,3,6,14
10_35_40_09306_dig_simple.png,10,35,40
14_13_24_09307_dig_simple.png,14,13,24
06_37_18_09308_dig_simple.png,6,37,18
11_31_18_09309_dig_lcd.png,11,31,18
00_46_56_09310_dig_simple.png,0,46,56
21_04_16_09311_dig_segmented.png,21,4,16
13_45_41_09312_dig_lcd.png,13,45,41
16_47_14_09313_dig_lcd.png,16,47,14
23_23_55_09314_dig_lcd.png,23,23,55
06_55_06_09315_dig_segmented.png,6,55,6
19_05_53_09316_dig_simple.png,19,5,53
13_38_53_09317_dig_simple.png,13,38,53
17_09_36_09318_dig_lcd.png,17,9,36
11_49_25_09319_dig_lcd.png,11,49,25
20_07_54_09320_dig_simple.png,20,7,54
03_05_38_09321_dig_lcd.png,3,5,38
20_54_43_09322_dig_lcd.png,20,54,43
00_33_25_09323_dig_simple.png,0,33,25
04_26_31_09324_dig_segmented.png,4,26,31
17_40_28_09325_dig_simple.png,17,40,28
07_04_02_09326_dig_simple.png,7,4,2
08_13_24_09327_dig_segmented.png,8,13,24
15_02_01_09328_dig_lcd.png,15,2,1
09_39_15_09329_dig_simple.png,9,39,15
08_01_35_09330_dig_segmented.png,8,1,35
02_50_09_09331_dig_segmented.png,2,50,9
19_26_00_09332_dig_lcd.png,19,26,0
17_38_11_09333_dig_simple.png,17,38,11
20_45_07_09334_dig_segmented.png,20,45,7
22_47_17_09335_dig_simple.png,22,47,17
21_37_43_09336_dig_segmented.png,21,37,43
22_59_32_09337_dig_simple.png,22,59,32
21_13_47_09338_dig_simple.png,21,13,47
15_31_23_09339_dig_segmented.png,15,31,23
12_31_05_09340_dig_simple.png,12,31,5
17_34_15_09341_dig_lcd.png,17,34,15
03_48_59_09342_dig_simple.png,3,48,59
07_44_16_09343_dig_segmented.png,7,44,16
09_04_24_09344_dig_lcd.png,9,4,24
06_48_03_09345_dig_segmented.png,6,48,3
00_32_38_09346_dig_lcd.png,0,32,38
00_16_19_09347_dig_simple.png,0,16,19
23_23_55_09348_dig_segmented.png,23,23,55
03_11_04_09349_dig_segmented.png,3,11,4
21_34_02_09350_dig_segmented.png,21,34,2
21_37_43_09351_dig_segmented.png,21,37,43
09_40_41_09352_dig_lcd.png,9,40,41
03_05_48_09353_dig_simple.png,3,5,48
08_48_26_09354_dig_segmented.png,8,48,26
21_04_16_09355_dig_segmented.png,21,4,16
11_20_01_09356_dig_segmented.png,11,20,1
02_34_16_09357_dig_simple.png,2,34,16
05_39_33_09358_dig_segmented.png,5,39,33
19_26_00_09359_dig_simple.png,19,26,0
22_12_38_09360_dig_lcd.png,22,12,38
02_57_38_09361_dig_lcd.png,2,57,38
14_15_51_09362_dig_segmented.png,14,15,51
16_07_21_09363_dig_segmented.png,16,7,21
15_31_23_09364_dig_lcd.png,15,31,23
10_03_25_09365_dig_simple.png,10,3,25
00_51_44_09366_dig_lcd.png,0,51,44
01_26_54_09367_dig_lcd.png,1,26,54
21_35_30_09368_dig_segmented.png,21,35,30
02_50_09_09369_dig_segmented.png,2,50,9
16_07_21_09370_dig_lcd.png,16,7,21
04_07_10_09371_dig_simple.png,4,7,10
16_28_50_09372_dig_lcd.png,16,28,50
05_53_15_09373_dig_segmented.png,5,53,15
13_39_44_09374_dig_segmented.png,13,39,44
19_07_46_09375_dig_segmented.png,19,7,46
10_06_39_09376_dig_segmented.png,10,6,39
11_20_01_09377_dig_segmented.png,11,20,1
18_18_23_09378_dig_segmented.png,18,18,23
02_57_38_09379_dig_simple.png,2,57,38
14_53_37_09380_dig_lcd.png,14,53,37
11_27_45_09381_dig_simple.png,11,27,45
07_37_43_09382_dig_simple.png,7,37,43
01_12_27_09383_dig_lcd.png,1,12,27
10_08_36_09384_dig_simple.png,10,8,36
03_49_41_09385_dig_segmented.png,3,49,41
09_23_44_09386_dig_lcd.png,9,23,44
20_07_54_09387_dig_lcd.png,20,7,54
21_04_16_09388_dig_simple.png,21,4,16
05_55_57_09389_dig_segmented.png,5,55,57
17_40_28_09390_dig_lcd.png,17,40,28
14_57_18_09391_dig_simple.png,14,57,18
08_27_44_09392_dig_lcd.png,8,27,44
11_19_58_09393_dig_lcd.png,11,19,58
00_10_25_09394_dig_simple.png,0,10,25
23_52_07_09395_dig_simple.png,23,52,7
15_49_16_09396_dig_simple.png,15,49,16
01_40_27_09397_dig_segmented.png,1,40,27
14_55_35_09398_dig_lcd.png,14,55,35
06_43_35_09399_dig_simple.png,6,43,35
12_13_30_09400_dig_simple.png,12,13,30
17_44_32_09401_dig_lcd.png,17,44,32
06_43_48_09402_dig_lcd.png,6,43,48
22_47_17_09403_dig_segmented.png,22,47,17
05_34_09_09404_dig_segmented.png,5,34,9
11_27_45_09405_dig_lcd.png,11,27,45
17_22_45_09406_dig_simple.png,17,22,45
06_29_58_09407_dig_simple.png,6,29,58
16_35_38_09408_dig_lcd.png,16,35,38
00_31_55_09409_dig_lcd.png,0,31,55
22_10_28_09410_dig_simple.png,22,10,28
05_42_51_09411_dig_segmented.png,5,42,51
11_19_58_09412_dig_lcd.png,11,19,58
09_26_48_09413_dig_simple.png,9,26,48
19_04_18_09414_dig_simple.png,19,4,18
17_46_41_09415_dig_lcd.png,17,46,41
08_36_49_09416_dig_simple.png,8,36,49
07_30_07_09417_dig_segmented.png,7,30,7
07_35_06_09418_dig_lcd.png,7,35,6
19_54_10_09419_dig_lcd.png,19,54,10
15_02_01_09420_dig_lcd.png,15,2,1
23_52_07_09421_dig_lcd.png,23,52,7
11_25_51_09422_dig_simple.png,11,25,51
12_12_47_09423_dig_segmented.png,12,12,47
12_08_40_09424_dig_simple.png,12,8,40
05_53_15_09425_dig_simple.png,5,53,15
11_50_35_09426_dig_simple.png,11,50,35
07_53_31_09427_dig_lcd.png,7,53,31
10_46_50_09428_dig_lcd.png,10,46,50
02_25_38_09429_dig_simple.png,2,25,38
11_30_47_09430_dig_segmented.png,11,30,47
20_32_18_09431_dig_simple.png,20,32,18
19_01_51_09432_dig_simple.png,19,1,51
02_56_16_09433_dig_lcd.png,2,56,16
03_17_00_09434_dig_simple.png,3,17,0
11_32_04_09435_dig_segmented.png,11,32,4
05_13_37_09436_dig_segmented.png,5,13,37
14_57_18_09437_dig_lcd.png,14,57,18
10_32_29_09438_dig_simple.png,10,32,29
20_06_41_09439_dig_segmented.png,20,6,41
22_24_30_09440_dig_simple.png,22,24,30
21_23_29_09441_dig_segmented.png,21,23,29
09_26_48_09442_dig_lcd.png,9,26,48
08_48_26_09443_dig_simple.png,8,48,26
00_15_13_09444_dig_segmented.png,0,15,13
23_46_00_09445_dig_simple.png,23,46,0
02_36_30_09446_dig_segmented.png,2,36,30
00_23_21_09447_dig_simple.png,0,23,21
16_43_44_09448_dig_lcd.png,16,43,44
03_05_48_09449_dig_segmented.png,3,5,48
07_56_53_09450_dig_simple.png,7,56,53
04_10_12_09451_dig_segmented.png,4,10,12
04_09_44_09452_dig_lcd.png,4,9,44
09_47_10_09453_dig_simple.png,9,47,10
23_44_31_09454_dig_segmented.png,23,44,31
23_42_19_09455_dig_lcd.png,23,42,19
02_45_39_09456_dig_segmented.png,2,45,39
19_12_53_09457_dig_segmented.png,19,12,53
00_28_30_09458_dig_lcd.png,0,28,30
06_43_48_09459_dig_segmented.png,6,43,48
15_02_01_09460_dig_segmented.png,15,2,1
04_10_12_09461_dig_simple.png,4,10,12
08_22_04_09462_dig_lcd.png,8,22,4
00_46_56_09463_dig_segmented.png,0,46,56
03_29_12_09464_dig_lcd.png,3,29,12
07_56_53_09465_dig_lcd.png,7,56,53
19_05_53_09466_dig_lcd.png,19,5,53
18_18_12_09467_dig_segmented.png,18,18,12
20_07_54_09468_dig_lcd.png,20,7,54
11_50_35_09469_dig_segmented.png,11,50,35
05_27_32_09470_dig_lcd.png,5,27,32
06_29_58_09471_dig_segmented.png,6,29,58
12_21_40_09472_dig_segmented.png,12,21,40
23_52_13_09473_dig_simple.png,23,52,13
10_10_27_09474_dig_segmented.png,10,10,27
15_14_33_09475_dig_simple.png,15,14,33
05_53_20_09476_dig_simple.png,5,53,20
12_40_58_09477_dig_lcd.png,12,40,58
16_14_11_09478_dig_lcd.png,16,14,11
11_30_47_09479_dig_simple.png,11,30,47
01_41_10_09480_dig_lcd.png,1,41,10
00_39_41_09481_dig_lcd.png,0,39,41
16_07_21_09482_dig_simple.png,16,7,21
03_06_14_09483_dig_simple.png,3,6,14
10_25_14_09484_dig_simple.png,10,25,14
12_12_47_09485_dig_lcd.png,12,12,47
09_57_20_09486_dig_lcd.png,9,57,20
07_39_50_09487_dig_segmented.png,7,39,50
18_08_34_09488_dig_segmented.png,18,8,34
10_47_42_09489_dig_segmented.png,10,47,42
12_55_50_09490_dig_segmented.png,12,55,50
07_01_36_09491_dig_segmented.png,7,1,36
21_37_43_09492_dig_simple.png,21,37,43
11_03_25_09493_dig_lcd.png,11,3,25
04_22_09_09494_dig_simple.png,4,22,9
00_20_08_09495_dig_segmented.png,0,20,8
02_04_41_09496_dig_simple.png,2,4,41
11_25_51_09497_dig_simple.png,11,25,51
00_04_54_09498_dig_simple.png,0,4,54
22_57_39_09499_dig_simple.png,22,57,39
10_59_06_09500_dig_lcd.png,10,59,6
07_14_16_09501_dig_lcd.png,7,14,16
14_53_37_09502_dig_lcd.png,14,53,37
14_28_31_09503_dig_lcd.png,14,28,31
03_00_15_09504_dig_segmented.png,3,0,15
06_55_06_09505_dig_simple.png,6,55,6
14_54_25_09506_dig_lcd.png,14,54,25
23_49_28_09507_dig_lcd.png,23,49,28
20_58_06_09508_dig_lcd.png,20,58,6
17_44_32_09509_dig_segmented.png,17,44,32
02_54_31_09510_dig_simple.png,2,54,31
14_47_36_09511_dig_segmented.png,14,47,36
11_20_01_09512_dig_segmented.png,11,20,1
09_39_15_09513_dig_simple.png,9,39,15
03_17_00_09514_dig_simple.png,3,17,0
08_48_26_09515_dig_lcd.png,8,48,26
00_08_23_09516_dig_segmented.png,0,8,23
23_05_20_09517_dig_segmented.png,23,5,20
18_50_41_09518_dig_simple.png,18,50,41
09_24_56_09519_dig_lcd.png,9,24,56
16_12_56_09520_dig_lcd.png,16,12,56
12_12_47_09521_dig_lcd.png,12,12,47
04_51_02_09522_dig_simple.png,4,51,2
05_55_57_09523_dig_segmented.png,5,55,57
06_43_35_09524_dig_segmented.png,6,43,35
13_52_55_09525_dig_simple.png,13,52,55
17_46_41_09526_dig_segmented.png,17,46,41
04_46_20_09527_dig_lcd.png,4,46,20
17_38_11_09528_dig_lcd.png,17,38,11
09_26_48_09529_dig_simple.png,9,26,48
00_04_54_09530_dig_segmented.png,0,4,54
22_10_28_09531_dig_segmented.png,22,10,28
21_40_08_09532_dig_lcd.png,21,40,8
00_33_25_09533_dig_lcd.png,0,33,25
03_06_14_09534_dig_simple.png,3,6,14
06_40_54_09535_dig_segmented.png,6,40,54
20_45_06_09536_dig_segmented.png,20,45,6
00_20_08_09537_dig_lcd.png,0,20,8
16_28_50_09538_dig_simple.png,16,28,50
19_06_18_09539_dig_simple.png,19,6,18
01_24_36_09540_dig_segmented.png,1,24,36
18_18_12_09541_dig_simple.png,18,18,12
13_59_19_09542_dig_simple.png,13,59,19
02_25_38_09543_dig_simple.png,2,25,38
02_50_55_09544_dig_simple.png,2,50,55
14_28_31_09545_dig_simple.png,14,28,31
03_06_14_09546_dig_segmented.png,3,6,14
19_04_18_09547_dig_segmented.png,19,4,18
05_31_08_09548_dig_lcd.png,5,31,8
14_19_20_09549_dig_lcd.png,14,19,20
03_06_14_09550_dig_lcd.png,3,6,14
08_39_26_09551_dig_segmented.png,8,39,26
22_32_24_09552_dig_lcd.png,22,32,24
23_56_12_09553_dig_simple.png,23,56,12
10_35_40_09554_dig_lcd.png,10,35,40
15_32_42_09555_dig_segmented.png,15,32,42
00_04_20_09556_dig_segmented.png,0,4,20
19_35_27_09557_dig_simple.png,19,35,27
17_44_32_09558_dig_lcd.png,17,44,32
02_04_41_09559_dig_lcd.png,2,4,41
11_07_20_09560_dig_lcd.png,11,7,20
23_52_07_09561_dig_lcd.png,23,52,7
13_45_41_09562_dig_lcd.png,13,45,41
09_40_41_09563_dig_segmented.png,9,40,41
03_05_38_09564_dig_segmented.png,3,5,38
09_43_20_09565_dig_lcd.png,9,43,20
05_34_09_09566_dig_lcd.png,5,34,9
19_35_27_09567_dig_simple.png,19,35,27
10_03_25_09568_dig_segmented.png,10,3,25
15_32_42_09569_dig_lcd.png,15,32,42
17_46_41_09570_dig_lcd.png,17,46,41
06_38_49_09571_dig_segmented.png,6,38,49
03_05_48_09572_dig_simple.png,3,5,48
20_19_30_09573_dig_simple.png,20,19,30
20_07_54_09574_dig_segmented.png,20,7,54
00_16_19_09575_dig_segmented.png,0,16,19
20_35_14_09576_dig_segmented.png,20,35,14
06_28_54_09577_dig_lcd.png,6,28,54
14_47_02_09578_dig_lcd.png,14,47,2
01_09_35_09579_dig_lcd.png,1,9,35
08_37_16_09580_dig_simple.png,8,37,16
06_40_54_09581_dig_lcd.png,6,40,54
12_53_11_09582_dig_segmented.png,12,53,11
02_56_16_09583_dig_lcd.png,2,56,16
22_47_09_09584_dig_simple.png,22,47,9
13_39_44_09585_dig_segmented.png,13,39,44
11_19_58_09586_dig_lcd.png,11,19,58
23_05_22_09587_dig_simple.png,23,5,22
21_53_18_09588_dig_lcd.png,21,53,18
12_31_05_09589_dig_segmented.png,12,31,5
14_47_36_09590_dig_segmented.png,14,47,36
05_21_54_09591_dig_lcd.png,5,21,54
22_12_38_09592_dig_simple.png,22,12,38
14_54_25_09593_dig_lcd.png,14,54,25
16_07_21_09594_dig_lcd.png,16,7,21
19_35_27_09595_dig_simple.png,19,35,27
02_51_15_09596_dig_segmented.png,2,51,15
00_13_06_09597_dig_lcd.png,0,13,6
19_04_46_09598_dig_segmented.png,19,4,46
17_34_15_09599_dig_lcd.png,17,34,15
13_45_41_09600_dig_lcd.png,13,45,41
02_29_53_09601_dig_simple.png,2,29,53
16_52_36_09602_dig_lcd.png,16,52,36
02_51_15_09603_dig_segmented.png,2,51,15
01_41_02_09604_dig_lcd.png,1,41,2
23_49_49_09605_dig_simple.png,23,49,49
02_04_41_09606_dig_lcd.png,2,4,41
17_44_32_09607_dig_lcd.png,17,44,32
11_07_20_09608_dig_simple.png,11,7,20
02_29_53_09609_dig_lcd.png,2,29,53
04_26_31_09610_dig_segmented.png,4,26,31
14_47_02_09611_dig_simple.png,14,47,2
09_12_03_09612_dig_segmented.png,9,12,3
22_06_19_09613_dig_segmented.png,22,6,19
16_07_40_09614_dig_segmented.png,16,7,40
00_10_25_09615_dig_segmented.png,0,10,25
10_46_50_09616_dig_segmented.png,10,46,50
11_49_25_09617_dig_lcd.png,11,49,25
09_23_44_09618_dig_simple.png,9,23,44
08_48_26_09619_dig_lcd.png,8,48,26
12_19_40_09620_dig_simple.png,12,19,40
02_53_31_09621_dig_segmented.png,2,53,31
18_50_41_09622_dig_simple.png,18,50,41
02_45_39_09623_dig_lcd.png,2,45,39
17_09_36_09624_dig_simple.png,17,9,36
05_13_37_09625_dig_segmented.png,5,13,37
00_31_55_09626_dig_segmented.png,0,31,55
14_15_34_09627_dig_segmented.png,14,15,34
13_59_19_09628_dig_segmented.png,13,59,19
04_12_04_09629_dig_simple.png,4,12,4
10_59_06_09630_dig_simple.png,10,59,6
00_10_25_09631_dig_segmented.png,0,10,25
05_27_32_09632_dig_lcd.png,5,27,32
12_55_50_09633_dig_lcd.png,12,55,50
18_01_22_09634_dig_segmented.png,18,1,22
22_57_39_09635_dig_segmented.png,22,57,39
02_51_15_09636_dig_segmented.png,2,51,15
16_46_15_09637_dig_lcd.png,16,46,15
17_40_28_09638_dig_segmented.png,17,40,28
21_17_20_09639_dig_segmented.png,21,17,20
20_06_38_09640_dig_segmented.png,20,6,38
12_08_40_09641_dig_lcd.png,12,8,40
00_07_33_09642_dig_segmented.png,0,7,33
03_47_17_09643_dig_lcd.png,3,47,17
02_53_31_09644_dig_lcd.png,2,53,31
09_42_38_09645_dig_simple.png,9,42,38
08_21_19_09646_dig_lcd.png,8,21,19
10_59_06_09647_dig_lcd.png,10,59,6
22_59_32_09648_dig_segmented.png,22,59,32
18_50_41_09649_dig_lcd.png,18,50,41
04_07_10_09650_dig_segmented.png,4,7,10
01_36_28_09651_dig_segmented.png,1,36,28
05_53_15_09652_dig_simple.png,5,53,15
11_19_58_09653_dig_segmented.png,11,19,58
05_55_57_09654_dig_simple.png,5,55,57
00_04_22_09655_dig_segmented.png,0,4,22
03_06_14_09656_dig_simple.png,3,6,14
08_36_49_09657_dig_lcd.png,8,36,49
18_40_32_09658_dig_simple.png,18,40,32
15_41_24_09659_dig_lcd.png,15,41,24
15_32_42_09660_dig_simple.png,15,32,42
17_44_32_09661_dig_lcd.png,17,44,32
20_19_30_09662_dig_segmented.png,20,19,30
18_50_41_09663_dig_simple.png,18,50,41
14_42_57_09664_dig_segmented.png,14,42,57
09_39_15_09665_dig_lcd.png,9,39,15
23_23_55_09666_dig_simple.png,23,23,55
16_04_31_09667_dig_lcd.png,16,4,31
12_29_08_09668_dig_segmented.png,12,29,8
22_09_26_09669_dig_lcd.png,22,9,26
08_39_26_09670_dig_segmented.png,8,39,26
08_36_49_09671_dig_simple.png,8,36,49
01_56_19_09672_dig_lcd.png,1,56,19
19_54_10_09673_dig_segmented.png,19,54,10
08_21_19_09674_dig_segmented.png,8,21,19
09_09_45_09675_dig_segmented.png,9,9,45
18_09_10_09676_dig_lcd.png,18,9,10
02_36_34_09677_dig_lcd.png,2,36,34
18_45_16_09678_dig_segmented.png,18,45,16
01_24_36_09679_dig_simple.png,1,24,36
18_38_25_09680_dig_segmented.png,18,38,25
12_08_40_09681_dig_simple.png,12,8,40
12_29_08_09682_dig_lcd.png,12,29,8
22_59_32_09683_dig_lcd.png,22,59,32
10_03_25_09684_dig_lcd.png,10,3,25
21_15_10_09685_dig_lcd.png,21,15,10
21_47_17_09686_dig_lcd.png,21,47,17
19_35_27_09687_dig_lcd.png,19,35,27
06_33_33_09688_dig_lcd.png,6,33,33
02_36_30_09689_dig_simple.png,2,36,30
05_39_33_09690_dig_segmented.png,5,39,33
10_52_44_09691_dig_lcd.png,10,52,44
06_32_17_09692_dig_lcd.png,6,32,17
14_08_41_09693_dig_segmented.png,14,8,41
17_46_41_09694_dig_simple.png,17,46,41
00_46_56_09695_dig_simple.png,0,46,56
04_16_32_09696_dig_segmented.png,4,16,32
14_29_52_09697_dig_segmented.png,14,29,52
23_52_13_09698_dig_lcd.png,23,52,13
08_36_49_09699_dig_simple.png,8,36,49
05_55_57_09700_dig_segmented.png,5,55,57
18_38_25_09701_dig_lcd.png,18,38,25
15_14_08_09702_dig_simple.png,15,14,8
04_26_43_09703_dig_segmented.png,4,26,43
03_00_15_09704_dig_simple.png,3,0,15
08_21_19_09705_dig_segmented.png,8,21,19
10_39_37_09706_dig_lcd.png,10,39,37
20_55_15_09707_dig_simple.png,20,55,15
09_04_24_09708_dig_simple.png,9,4,24
23_49_05_09709_dig_segmented.png,23,49,5
21_17_20_09710_dig_simple.png,21,17,20
18_12_37_09711_dig_simple.png,18,12,37
10_10_27_09712_dig_simple.png,10,10,27
15_41_24_09713_dig_lcd.png,15,41,24
21_42_27_09714_dig_simple.png,21,42,27
03_18_42_09715_dig_simple.png,3,18,42
03_06_14_09716_dig_segmented.png,3,6,14
09_09_45_09717_dig_simple.png,9,9,45
05_03_00_09718_dig_segmented.png,5,3,0
16_04_31_09719_dig_simple.png,16,4,31
03_52_44_09720_dig_simple.png,3,52,44
02_04_41_09721_dig_segmented.png,2,4,41
02_53_31_09722_dig_lcd.png,2,53,31
07_39_50_09723_dig_simple.png,7,39,50
00_51_28_09724_dig_lcd.png,0,51,28
00_07_33_09725_dig_segmented.png,0,7,33
17_09_36_09726_dig_simple.png,17,9,36
11_27_45_09727_dig_lcd.png,11,27,45
17_51_55_09728_dig_segmented.png,17,51,55
08_13_24_09729_dig_lcd.png,8,13,24
18_38_25_09730_dig_lcd.png,18,38,25
14_50_52_09731_dig_lcd.png,14,50,52
19_54_10_09732_dig_segmented.png,19,54,10
22_32_24_09733_dig_simple.png,22,32,24
14_13_24_09734_dig_lcd.png,14,13,24
14_43_52_09735_dig_segmented.png,14,43,52
15_58_20_09736_dig_lcd.png,15,58,20
06_28_54_09737_dig_simple.png,6,28,54
00_18_41_09738_dig_simple.png,0,18,41
17_22_45_09739_dig_lcd.png,17,22,45
03_37_06_09740_dig_simple.png,3,37,6
18_28_43_09741_dig_simple.png,18,28,43
17_46_41_09742_dig_segmented.png,17,46,41
07_35_06_09743_dig_segmented.png,7,35,6
13_52_55_09744_dig_segmented.png,13,52,55
05_21_54_09745_dig_lcd.png,5,21,54
04_16_32_09746_dig_lcd.png,4,16,32
02_57_38_09747_dig_simple.png,2,57,38
09_36_41_09748_dig_segmented.png,9,36,41
09_36_41_09749_dig_lcd.png,9,36,41
08_39_26_09750_dig_simple.png,8,39,26
00_08_23_09751_dig_lcd.png,0,8,23
00_08_23_09752_dig_simple.png,0,8,23
05_13_37_09753_dig_segmented.png,5,13,37
12_21_40_09754_dig_simple.png,12,21,40
22_55_28_09755_dig_lcd.png,22,55,28
18_01_22_09756_dig_lcd.png,18,1,22
11_50_35_09757_dig_lcd.png,11,50,35
20_06_38_09758_dig_segmented.png,20,6,38
21_18_02_09759_dig_lcd.png,21,18,2
02_29_53_09760_dig_simple.png,2,29,53
11_30_47_09761_dig_lcd.png,11,30,47
20_42_24_09762_dig_simple.png,20,42,24
18_50_41_09763_dig_lcd.png,18,50,41
00_08_23_09764_dig_lcd.png,0,8,23
04_26_31_09765_dig_lcd.png,4,26,31
02_04_41_09766_dig_simple.png,2,4,41
01_40_27_09767_dig_lcd.png,1,40,27
23_49_49_09768_dig_lcd.png,23,49,49
03_00_15_09769_dig_segmented.png,3,0,15
05_23_16_09770_dig_simple.png,5,23,16
19_04_18_09771_dig_segmented.png,19,4,18
18_52_32_09772_dig_simple.png,18,52,32
10_35_40_09773_dig_lcd.png,10,35,40
16_43_44_09774_dig_segmented.png,16,43,44
22_59_32_09775_dig_simple.png,22,59,32
07_35_06_09776_dig_simple.png,7,35,6
20_32_18_09777_dig_simple.png,20,32,18
14_45_10_09778_dig_lcd.png,14,45,10
04_08_49_09779_dig_simple.png,4,8,49
21_37_43_09780_dig_simple.png,21,37,43
03_12_35_09781_dig_segmented.png,3,12,35
02_53_31_09782_dig_simple.png,2,53,31
03_05_48_09783_dig_lcd.png,3,5,48
18_01_22_09784_dig_lcd.png,18,1,22
03_12_55_09785_dig_segmented.png,3,12,55
00_39_41_09786_dig_lcd.png,0,39,41
21_18_02_09787_dig_lcd.png,21,18,2
11_40_21_09788_dig_simple.png,11,40,21
00_23_21_09789_dig_lcd.png,0,23,21
12_35_28_09790_dig_lcd.png,12,35,28
22_55_28_09791_dig_segmented.png,22,55,28
09_23_19_09792_dig_lcd.png,9,23,19
07_30_07_09793_dig_simple.png,7,30,7
05_34_09_09794_dig_simple.png,5,34,9
15_31_23_09795_dig_lcd.png,15,31,23
11_27_45_09796_dig_segmented.png,11,27,45
10_10_27_09797_dig_simple.png,10,10,27
03_47_17_09798_dig_lcd.png,3,47,17
03_12_55_09799_dig_segmented.png,3,12,55
00_32_38_09800_dig_simple.png,0,32,38
05_39_33_09801_dig_simple.png,5,39,33
21_15_10_09802_dig_lcd.png,21,15,10
03_10_31_09803_dig_lcd.png,3,10,31
10_47_42_09804_dig_lcd.png,10,47,42
18_28_43_09805_dig_segmented.png,18,28,43
11_02_54_09806_dig_simple.png,11,2,54
04_26_31_09807_dig_lcd.png,4,26,31
06_55_06_09808_dig_simple.png,6,55,6
06_43_48_09809_dig_lcd.png,6,43,48
01_18_51_09810_dig_simple.png,1,18,51
23_49_28_09811_dig_lcd.png,23,49,28
00_23_21_09812_dig_lcd.png,0,23,21
19_10_04_09813_dig_segmented.png,19,10,4
22_09_26_09814_dig_lcd.png,22,9,26
18_18_12_09815_dig_simple.png,18,18,12
16_07_40_09816_dig_simple.png,16,7,40
16_57_56_09817_dig_lcd.png,16,57,56
03_06_14_09818_dig_segmented.png,3,6,14
08_02_49_09819_dig_lcd.png,8,2,49
22_51_43_09820_dig_segmented.png,22,51,43
18_01_22_09821_dig_segmented.png,18,1,22
05_53_20_09822_dig_lcd.png,5,53,20
17_34_15_09823_dig_segmented.png,17,34,15
07_04_02_09824_dig_segmented.png,7,4,2
14_47_36_09825_dig_lcd.png,14,47,36
15_14_33_09826_dig_lcd.png,15,14,33
22_09_26_09827_dig_lcd.png,22,9,26
20_06_38_09828_dig_segmented.png,20,6,38
10_35_40_09829_dig_lcd.png,10,35,40
04_16_32_09830_dig_simple.png,4,16,32
09_12_03_09831_dig_simple.png,9,12,3
03_29_12_09832_dig_lcd.png,3,29,12
04_26_43_09833_dig_simple.png,4,26,43
09_09_45_09834_dig_simple.png,9,9,45
01_16_29_09835_dig_simple.png,1,16,29
19_04_46_09836_dig_segmented.png,19,4,46
23_49_28_09837_dig_lcd.png,23,49,28
06_29_58_09838_dig_simple.png,6,29,58
15_27_41_09839_dig_simple.png,15,27,41
17_09_36_09840_dig_simple.png,17,9,36
13_12_20_09841_dig_simple.png,13,12,20
11_22_48_09842_dig_lcd.png,11,22,48
08_56_12_09843_dig_simple.png,8,56,12
14_29_52_09844_dig_simple.png,14,29,52
15_31_23_09845_dig_simple.png,15,31,23
14_16_23_09846_dig_segmented.png,14,16,23
16_35_38_09847_dig_segmented.png,16,35,38
12_29_08_09848_dig_segmented.png,12,29,8
22_40_44_09849_dig_lcd.png,22,40,44
14_11_40_09850_dig_lcd.png,14,11,40
04_46_20_09851_dig_simple.png,4,46,20
10_35_40_09852_dig_lcd.png,10,35,40
14_13_24_09853_dig_segmented.png,14,13,24
22_57_39_09854_dig_segmented.png,22,57,39
08_13_24_09855_dig_lcd.png,8,13,24
01_36_28_09856_dig_simple.png,1,36,28
11_02_54_09857_dig_simple.png,11,2,54
23_39_48_09858_dig_lcd.png,23,39,48
14_55_35_09859_dig_simple.png,14,55,35
14_54_40_09860_dig_simple.png,14,54,40
03_00_15_09861_dig_simple.png,3,0,15
21_40_52_09862_dig_segmented.png,21,40,52
08_59_56_09863_dig_segmented.png,8,59,56
15_03_16_09864_dig_simple.png,15,3,16
19_10_04_09865_dig_lcd.png,19,10,4
03_12_35_09866_dig_lcd.png,3,12,35
11_27_45_09867_dig_simple.png,11,27,45
23_04_31_09868_dig_segmented.png,23,4,31
22_24_30_09869_dig_lcd.png,22,24,30
23_44_31_09870_dig_segmented.png,23,44,31
23_05_22_09871_dig_segmented.png,23,5,22
01_41_10_09872_dig_lcd.png,1,41,10
09_20_39_09873_dig_lcd.png,9,20,39
02_36_34_09874_dig_segmented.png,2,36,34
00_23_21_09875_dig_lcd.png,0,23,21
03_12_55_09876_dig_lcd.png,3,12,55
02_34_16_09877_dig_lcd.png,2,34,16
04_58_22_09878_dig_lcd.png,4,58,22
00_04_22_09879_dig_segmented.png,0,4,22
08_30_31_09880_dig_lcd.png,8,30,31
20_58_06_09881_dig_segmented.png,20,58,6
18_38_25_09882_dig_segmented.png,18,38,25
08_02_49_09883_dig_segmented.png,8,2,49
18_38_08_09884_dig_simple.png,18,38,8
06_33_33_09885_dig_lcd.png,6,33,33
03_10_31_09886_dig_lcd.png,3,10,31
08_47_59_09887_dig_simple.png,8,47,59
03_37_06_09888_dig_segmented.png,3,37,6
12_24_07_09889_dig_simple.png,12,24,7
17_34_15_09890_dig_lcd.png,17,34,15
12_03_47_09891_dig_lcd.png,12,3,47
08_21_19_09892_dig_lcd.png,8,21,19
13_59_19_09893_dig_segmented.png,13,59,19
05_34_09_09894_dig_lcd.png,5,34,9
21_04_16_09895_dig_segmented.png,21,4,16
02_34_16_09896_dig_lcd.png,2,34,16
14_32_15_09897_dig_segmented.png,14,32,15
17_14_56_09898_dig_simple.png,17,14,56
01_12_27_09899_dig_segmented.png,1,12,27
09_24_56_09900_dig_simple.png,9,24,56
02_16_00_09901_dig_simple.png,2,16,0
14_08_41_09902_dig_lcd.png,14,8,41
00_28_30_09903_dig_simple.png,0,28,30
10_08_36_09904_dig_simple.png,10,8,36
06_48_03_09905_dig_simple.png,6,48,3
16_44_25_09906_dig_simple.png,16,44,25
21_18_02_09907_dig_lcd.png,21,18,2
13_45_41_09908_dig_lcd.png,13,45,41
01_18_51_09909_dig_lcd.png,1,18,51
16_24_47_09910_dig_lcd.png,16,24,47
11_22_48_09911_dig_simple.png,11,22,48
20_42_24_09912_dig_segmented.png,20,42,24
02_52_52_09913_dig_lcd.png,2,52,52
22_25_13_09914_dig_segmented.png,22,25,13
22_47_09_09915_dig_segmented.png,22,47,9
13_16_06_09916_dig_segmented.png,13,16,6
04_08_49_09917_dig_simple.png,4,8,49
07_35_06_09918_dig_simple.png,7,35,6
03_47_17_09919_dig_lcd.png,3,47,17
05_27_32_09920_dig_segmented.png,5,27,32
09_24_56_09921_dig_segmented.png,9,24,56
00_13_06_09922_dig_lcd.png,0,13,6
02_51_15_09923_dig_lcd.png,2,51,15
00_13_06_09924_dig_simple.png,0,13,6
06_29_58_09925_dig_segmented.png,6,29,58
17_22_45_09926_dig_segmented.png,17,22,45
08_21_19_09927_dig_lcd.png,8,21,19
19_19_22_09928_dig_simple.png,19,19,22
03_17_00_09929_dig_segmented.png,3,17,0
14_03_12_09930_dig_lcd.png,14,3,12
17_40_48_09931_dig_lcd.png,17,40,48
23_49_49_09932_dig_lcd.png,23,49,49
22_51_43_09933_dig_lcd.png,22,51,43
04_08_49_09934_dig_lcd.png,4,8,49
21_18_02_09935_dig_simple.png,21,18,2
23_49_05_09936_dig_segmented.png,23,49,5
09_43_20_09937_dig_lcd.png,9,43,20
00_23_21_09938_dig_lcd.png,0,23,21
19_07_46_09939_dig_lcd.png,19,7,46
05_27_32_09940_dig_lcd.png,5,27,32
07_44_16_09941_dig_segmented.png,7,44,16
09_57_20_09942_dig_simple.png,9,57,20
21_40_52_09943_dig_simple.png,21,40,52
00_20_08_09944_dig_lcd.png,0,20,8
02_36_34_09945_dig_simple.png,2,36,34
05_42_51_09946_dig_simple.png,5,42,51
09_57_20_09947_dig_segmented.png,9,57,20
05_53_20_09948_dig_segmented.png,5,53,20
00_04_22_09949_dig_lcd.png,0,4,22
16_07_21_09950_dig_simple.png,16,7,21
02_36_42_09951_dig_simple.png,2,36,42
08_40_04_09952_dig_simple.png,8,40,4
14_50_52_09953_dig_simple.png,14,50,52
01_47_06_09954_dig_lcd.png,1,47,6
10_36_47_09955_dig_segmented.png,10,36,47
08_59_56_09956_dig_lcd.png,8,59,56
08_37_16_09957_dig_simple.png,8,37,16
03_05_48_09958_dig_segmented.png,3,5,48
17_55_33_09959_dig_segmented.png,17,55,33
06_12_22_09960_dig_segmented.png,6,12,22
13_38_53_09961_dig_simple.png,13,38,53
14_47_02_09962_dig_segmented.png,14,47,2
14_15_34_09963_dig_lcd.png,14,15,34
09_12_03_09964_dig_segmented.png,9,12,3
18_12_37_09965_dig_lcd.png,18,12,37
14_15_34_09966_dig_segmented.png,14,15,34
03_47_17_09967_dig_segmented.png,3,47,17
07_14_16_09968_dig_simple.png,7,14,16
13_12_20_09969_dig_segmented.png,13,12,20
09_09_06_09970_dig_lcd.png,9,9,6
21_40_08_09971_dig_simple.png,21,40,8
16_44_25_09972_dig_segmented.png,16,44,25
09_24_56_09973_dig_lcd.png,9,24,56
00_04_54_09974_dig_lcd.png,0,4,54
21_40_52_09975_dig_segmented.png,21,40,52
00_16_19_09976_dig_simple.png,0,16,19
04_08_19_09977_dig_segmented.png,4,8,19
21_53_18_09978_dig_segmented.png,21,53,18
20_07_54_09979_dig_segmented.png,20,7,54
14_15_51_09980_dig_segmented.png,14,15,51
08_27_22_09981_dig_segmented.png,8,27,22
19_35_27_09982_dig_segmented.png,19,35,27
19_31_41_09983_dig_simple.png,19,31,41
23_56_12_09984_dig_segmented.png,23,56,12
03_21_56_09985_dig_simple.png,3,21,56
14_19_20_09986_dig_lcd.png,14,19,20
10_47_21_09987_dig_lcd.png,10,47,21
19_31_41_09988_dig_simple.png,19,31,41
06_33_33_09989_dig_simple.png,6,33,33
10_08_36_09990_dig_lcd.png,10,8,36
01_56_19_09991_dig_simple.png,1,56,19
08_59_56_09992_dig_segmented.png,8,59,56
06_16_08_09993_dig_lcd.png,6,16,8
00_28_30_09994_dig_simple.png,0,28,30
11_02_54_09995_dig_segmented.png,11,2,54
05_53_20_09996_dig_lcd.png,5,53,20
04_33_29_09997_dig_simple.png,4,33,29
03_47_17_09998_dig_segmented.png,3,47,17
12_31_05_09999_dig_segmented.png,12,31,5
14_54_40_10000_dig_lcd.png,14,54,40
18_50_41_10001_dig_lcd.png,18,50,41
00_32_38_10002_dig_lcd.png,0,32,38
06_48_03_10003_dig_segmented.png,6,48,3
08_50_39_10004_dig_simple.png,8,50,39
11_36_55_10005_dig_segmented.png,11,36,55
03_05_38_10006_dig_lcd.png,3,5,38
14_29_52_10007_dig_simple.png,14,29,52
14_53_37_10008_dig_simple.png,14,53,37
14_32_15_10009_dig_segmented.png,14,32,15
20_45_06_10010_dig_simple.png,20,45,6
15_14_33_10011_dig_simple.png,15,14,33
02_36_30_10012_dig_simple.png,2,36,30
10_35_40_10013_dig_segmented.png,10,35,40
11_40_21_10014_dig_lcd.png,11,40,21
22_06_19_10015_dig_simple.png,22,6,19
01_18_51_10016_dig_lcd.png,1,18,51
03_52_44_10017_dig_lcd.png,3,52,44
17_55_33_10018_dig_lcd.png,17,55,33
14_15_34_10019_dig_segmented.png,14,15,34
05_55_57_10020_dig_lcd.png,5,55,57
08_39_26_10021_dig_simple.png,8,39,26
19_04_46_10022_dig_simple.png,19,4,46
18_08_34_10023_dig_simple.png,18,8,34
20_06_41_10024_dig_simple.png,20,6,41
11_50_35_10025_dig_segmented.png,11,50,35
08_59_56_10026_dig_lcd.png,8,59,56
04_46_20_10027_dig_simple.png,4,46,20
08_30_31_10028_dig_lcd.png,8,30,31
11_19_58_10029_dig_lcd.png,11,19,58
09_23_44_10030_dig_simple.png,9,23,44
03_00_15_10031_dig_lcd.png,3,0,15
14_29_52_10032_dig_simple.png,14,29,52
22_36_21_10033_dig_lcd.png,22,36,21
17_37_04_10034_dig_lcd.png,17,37,4
19_04_18_10035_dig_lcd.png,19,4,18
10_25_14_10036_dig_segmented.png,10,25,14
08_36_49_10037_dig_lcd.png,8,36,49
18_52_32_10038_dig_simple.png,18,52,32
02_45_39_10039_dig_lcd.png,2,45,39
00_18_41_10040_dig_segmented.png,0,18,41
06_12_22_10041_dig_lcd.png,6,12,22
00_37_50_10042_dig_simple.png,0,37,50
20_06_38_10043_dig_lcd.png,20,6,38
11_20_01_10044_dig_segmented.png,11,20,1
09_43_20_10045_dig_segmented.png,9,43,20
09_43_20_10046_dig_simple.png,9,43,20
10_08_36_10047_dig_segmented.png,10,8,36
15_02_01_10048_dig_segmented.png,15,2,1
06_38_49_10049_dig_lcd.png,6,38,49
22_40_44_10050_dig_segmented.png,22,40,44
21_15_10_10051_dig_lcd.png,21,15,10
22_47_09_10052_dig_lcd.png,22,47,9
03_05_48_10053_dig_simple.png,3,5,48
19_35_27_10054_dig_segmented.png,19,35,27
16_07_21_10055_dig_simple.png,16,7,21
18_25_47_10056_dig_segmented.png,18,25,47
19_26_00_10057_dig_simple.png,19,26,0
07_31_35_10058_dig_lcd.png,7,31,35
15_31_23_10059_dig_lcd.png,15,31,23
11_19_24_10060_dig_simple.png,11,19,24
03_00_15_10061_dig_lcd.png,3,0,15
01_59_20_10062_dig_simple.png,1,59,20
21_40_52_10063_dig_simple.png,21,40,52
20_07_54_10064_dig_lcd.png,20,7,54
13_12_20_10065_dig_segmented.png,13,12,20
06_43_48_10066_dig_lcd.png,6,43,48
17_34_15_10067_dig_simple.png,17,34,15
13_12_20_10068_dig_lcd.png,13,12,20
15_14_33_10069_dig_simple.png,15,14,33
04_07_10_10070_dig_simple.png,4,7,10
20_09_28_10071_dig_lcd.png,20,9,28
10_52_44_10072_dig_segmented.png,10,52,44
17_09_36_10073_dig_segmented.png,17,9,36
19_01_51_10074_dig_lcd.png,19,1,51
12_19_40_10075_dig_segmented.png,12,19,40
17_34_15_10076_dig_segmented.png,17,34,15
15_16_17_10077_dig_lcd.png,15,16,17
20_45_06_10078_dig_simple.png,20,45,6
00_31_55_10079_dig_simple.png,0,31,55
05_42_51_10080_dig_lcd.png,5,42,51
17_50_47_10081_dig_simple.png,17,50,47
23_39_48_10082_dig_lcd.png,23,39,48
06_33_33_10083_dig_lcd.png,6,33,33
14_15_34_10084_dig_segmented.png,14,15,34
13_38_53_10085_dig_segmented.png,13,38,53
12_53_11_10086_dig_simple.png,12,53,11
15_41_24_10087_dig_segmented.png,15,41,24
03_37_06_10088_dig_segmented.png,3,37,6
11_37_56_10089_dig_lcd.png,11,37,56
22_10_28_10090_dig_segmented.png,22,10,28
11_30_47_10091_dig_segmented.png,11,30,47
04_26_31_10092_dig_segmented.png,4,26,31
05_53_15_10093_dig_segmented.png,5,53,15
06_48_03_10094_dig_segmented.png,6,48,3
00_07_33_10095_dig_segmented.png,0,7,33
16_07_21_10096_dig_lcd.png,16,7,21
08_27_22_10097_dig_simple.png,8,27,22
06_48_42_10098_dig_simple.png,6,48,42
04_10_12_10099_dig_segmented.png,4,10,12
23_05_22_10100_dig_segmented.png,23,5,22
05_13_37_10101_dig_segmented.png,5,13,37
14_54_25_10102_dig_segmented.png,14,54,25
11_22_48_10103_dig_simple.png,11,22,48
10_10_27_10104_dig_segmented.png,10,10,27
00_04_22_10105_dig_simple.png,0,4,22
02_56_16_10106_dig_lcd.png,2,56,16
09_09_45_10107_dig_segmented.png,9,9,45
05_27_32_10108_dig_lcd.png,5,27,32
13_16_06_10109_dig_lcd.png,13,16,6
14_32_15_10110_dig_lcd.png,14,32,15
13_59_19_10111_dig_simple.png,13,59,19
07_37_43_10112_dig_lcd.png,7,37,43
17_22_45_10113_dig_lcd.png,17,22,45
14_32_15_10114_dig_segmented.png,14,32,15
07_37_43_10115_dig_segmented.png,7,37,43
19_19_22_10116_dig_lcd.png,19,19,22
21_37_43_10117_dig_simple.png,21,37,43
09_40_41_10118_dig_simple.png,9,40,41
21_13_47_10119_dig_lcd.png,21,13,47
13_39_44_10120_dig_segmented.png,13,39,44
13_12_20_10121_dig_lcd.png,13,12,20
15_58_20_10122_dig_segmented.png,15,58,20
16_59_01_10123_dig_lcd.png,16,59,1
17_38_11_10124_dig_simple.png,17,38,11
00_33_25_10125_dig_simple.png,0,33,25
23_49_49_10126_dig_segmented.png,23,49,49
05_31_08_10127_dig_lcd.png,5,31,8
04_46_20_10128_dig_lcd.png,4,46,20
04_33_29_10129_dig_simple.png,4,33,29
04_22_09_10130_dig_simple.png,4,22,9
06_28_54_10131_dig_segmented.png,6,28,54
01_40_27_10132_dig_lcd.png,1,40,27
05_42_51_10133_dig_lcd.png,5,42,51
00_31_55_10134_dig_simple.png,0,31,55
00_20_08_10135_dig_lcd.png,0,20,8
14_42_57_10136_dig_segmented.png,14,42,57
00_20_08_10137_dig_simple.png,0,20,8
14_15_51_10138_dig_lcd.png,14,15,51
13_42_00_10139_dig_segmented.png,13,42,0
16_24_47_10140_dig_simple.png,16,24,47
18_18_12_10141_dig_segmented.png,18,18,12
15_14_08_10142_dig_segmented.png,15,14,8
06_43_48_10143_dig_lcd.png,6,43,48
21_22_59_10144_dig_segmented.png,21,22,59
08_47_59_10145_dig_simple.png,8,47,59
08_56_12_10146_dig_segmented.png,8,56,12
11_14_45_10147_dig_simple.png,11,14,45
12_40_58_10148_dig_segmented.png,12,40,58
11_36_55_10149_dig_lcd.png,11,36,55
14_32_15_10150_dig_simple.png,14,32,15
19_19_22_10151_dig_lcd.png,19,19,22
07_35_43_10152_dig_lcd.png,7,35,43
00_46_56_10153_dig_segmented.png,0,46,56
06_29_58_10154_dig_simple.png,6,29,58
09_39_15_10155_dig_lcd.png,9,39,15
18_09_10_10156_dig_simple.png,18,9,10
14_53_37_10157_dig_lcd.png,14,53,37
17_33_59_10158_dig_lcd.png,17,33,59
08_36_49_10159_dig_lcd.png,8,36,49
13_12_20_10160_dig_segmented.png,13,12,20
03_10_31_10161_dig_segmented.png,3,10,31
16_43_44_10162_dig_simple.png,16,43,44
06_33_33_10163_dig_segmented.png,6,33,33
00_08_23_10164_dig_simple.png,0,8,23
04_16_32_10165_dig_segmented.png,4,16,32
08_01_35_10166_dig_lcd.png,8,1,35
03_42_31_10167_dig_lcd.png,3,42,31
17_22_45_10168_dig_segmented.png,17,22,45
03_48_59_10169_dig_segmented.png,3,48,59
10_46_50_10170_dig_segmented.png,10,46,50
07_39_50_10171_dig_segmented.png,7,39,50
06_21_06_10172_dig_segmented.png,6,21,6
16_28_50_10173_dig_lcd.png,16,28,50
21_28_01_10174_dig_segmented.png,21,28,1
12_40_58_10175_dig_lcd.png,12,40,58
08_30_31_10176_dig_simple.png,8,30,31
13_37_42_10177_dig_lcd.png,13,37,42
15_32_42_10178_dig_segmented.png,15,32,42
01_47_06_10179_dig_segmented.png,1,47,6
02_36_30_10180_dig_simple.png,2,36,30
03_47_17_10181_dig_segmented.png,3,47,17
00_20_08_10182_dig_simple.png,0,20,8
13_37_42_10183_dig_simple.png,13,37,42
18_52_32_10184_dig_lcd.png,18,52,32
10_23_40_10185_dig_simple.png,10,23,40
14_50_52_10186_dig_simple.png,14,50,52
17_38_11_10187_dig_simple.png,17,38,11
10_46_50_10188_dig_lcd.png,10,46,50
14_15_51_10189_dig_lcd.png,14,15,51
08_21_19_10190_dig_simple.png,8,21,19
23_49_28_10191_dig_simple.png,23,49,28
00_04_03_10192_dig_lcd.png,0,4,3
23_39_48_10193_dig_simple.png,23,39,48
18_45_16_10194_dig_segmented.png,18,45,16
01_09_35_10195_dig_segmented.png,1,9,35
08_37_16_10196_dig_simple.png,8,37,16
18_18_23_10197_dig_simple.png,18,18,23
07_39_50_10198_dig_segmented.png,7,39,50
03_49_41_10199_dig_simple.png,3,49,41
19_04_18_10200_dig_lcd.png,19,4,18
03_12_53_10201_dig_simple.png,3,12,53
02_51_15_10202_dig_simple.png,2,51,15
14_03_12_10203_dig_segmented.png,14,3,12
12_35_28_10204_dig_segmented.png,12,35,28
21_34_02_10205_dig_simple.png,21,34,2
17_14_56_10206_dig_simple.png,17,14,56
04_08_19_10207_dig_segmented.png,4,8,19
10_52_44_10208_dig_lcd.png,10,52,44
00_46_56_10209_dig_segmented.png,0,46,56
06_28_54_10210_dig_simple.png,6,28,54
18_52_32_10211_dig_segmented.png,18,52,32
23_44_31_10212_dig_segmented.png,23,44,31
18_18_12_10213_dig_lcd.png,18,18,12
22_24_30_10214_dig_simple.png,22,24,30
16_28_50_10215_dig_segmented.png,16,28,50
14_29_52_10216_dig_lcd.png,14,29,52
18_08_34_10217_dig_segmented.png,18,8,34
06_37_18_10218_dig_segmented.png,6,37,18
21_11_07_10219_dig_lcd.png,21,11,7
11_20_01_10220_dig_simple.png,11,20,1
02_25_38_10221_dig_simple.png,2,25,38
10_03_25_10222_dig_segmented.png,10,3,25
22_25_13_10223_dig_lcd.png,22,25,13
10_32_29_10224_dig_lcd.png,10,32,29
22_57_39_10225_dig_simple.png,22,57,39
19_19_22_10226_dig_simple.png,19,19,22
11_31_18_10227_dig_lcd.png,11,31,18
06_48_42_10228_dig_segmented.png,6,48,42
08_39_26_10229_dig_segmented.png,8,39,26
14_15_34_10230_dig_simple.png,14,15,34
01_47_06_10231_dig_lcd.png,1,47,6
08_02_49_10232_dig_lcd.png,8,2,49
02_36_30_10233_dig_lcd.png,2,36,30
11_40_21_10234_dig_simple.png,11,40,21
21_17_20_10235_dig_segmented.png,21,17,20
22_06_19_10236_dig_segmented.png,22,6,19
13_12_20_10237_dig_lcd.png,13,12,20
22_36_21_10238_dig_lcd.png,22,36,21
03_37_06_10239_dig_lcd.png,3,37,6
20_45_07_10240_dig_simple.png,20,45,7
00_04_54_10241_dig_lcd.png,0,4,54
16_28_50_10242_dig_segmented.png,16,28,50
17_34_15_10243_dig_lcd.png,17,34,15
16_43_44_10244_dig_lcd.png,16,43,44
15_41_24_10245_dig_lcd.png,15,41,24
18_18_23_10246_dig_segmented.png,18,18,23
00_10_25_10247_dig_simple.png,0,10,25
20_55_15_10248_dig_simple.png,20,55,15
00_51_44_10249_dig_simple.png,0,51,44
08_27_44_10250_dig_simple.png,8,27,44
12_49_52_10251_dig_segmented.png,12,49,52
06_40_54_10252_dig_segmented.png,6,40,54
21_28_01_10253_dig_simple.png,21,28,1
06_37_18_10254_dig_simple.png,6,37,18
06_37_18_10255_dig_lcd.png,6,37,18
02_25_38_10256_dig_segmented.png,2,25,38
04_12_04_10257_dig_segmented.png,4,12,4
04_51_02_10258_dig_segmented.png,4,51,2
07_04_02_10259_dig_lcd.png,7,4,2
14_11_40_10260_dig_lcd.png,14,11,40
06_21_06_10261_dig_lcd.png,6,21,6
17_40_48_10262_dig_segmented.png,17,40,48
16_14_11_10263_dig_simple.png,16,14,11
03_47_17_10264_dig_lcd.png,3,47,17
11_40_21_10265_dig_simple.png,11,40,21
17_14_56_10266_dig_segmented.png,17,14,56
02_52_52_10267_dig_segmented.png,2,52,52
16_07_40_10268_dig_lcd.png,16,7,40
00_10_25_10269_dig_simple.png,0,10,25
13_37_42_10270_dig_segmented.png,13,37,42
15_16_17_10271_dig_lcd.png,15,16,17
03_05_38_10272_dig_simple.png,3,5,38
03_49_41_10273_dig_simple.png,3,49,41
21_42_27_10274_dig_lcd.png,21,42,27
17_50_47_10275_dig_segmented.png,17,50,47
07_39_50_10276_dig_segmented.png,7,39,50
14_11_40_10277_dig_lcd.png,14,11,40
03_52_44_10278_dig_segmented.png,3,52,44
10_10_27_10279_dig_segmented.png,10,10,27
20_06_41_10280_dig_segmented.png,20,6,41
07_01_36_10281_dig_simple.png,7,1,36
08_36_49_10282_dig_lcd.png,8,36,49
20_07_54_10283_dig_simple.png,20,7,54
12_08_40_10284_dig_simple.png,12,8,40
15_49_16_10285_dig_simple.png,15,49,16
03_05_38_10286_dig_segmented.png,3,5,38
13_39_44_10287_dig_simple.png,13,39,44
16_43_44_10288_dig_simple.png,16,43,44
06_55_06_10289_dig_segmented.png,6,55,6
01_59_20_10290_dig_lcd.png,1,59,20
12_13_30_10291_dig_segmented.png,12,13,30
21_40_08_10292_dig_segmented.png,21,40,8
02_50_55_10293_dig_segmented.png,2,50,55
21_40_52_10294_dig_segmented.png,21,40,52
03_06_14_10295_dig_lcd.png,3,6,14
21_53_18_10296_dig_lcd.png,21,53,18
09_09_45_10297_dig_lcd.png,9,9,45
04_12_04_10298_dig_simple.png,4,12,4
06_29_58_10299_dig_lcd.png,6,29,58
23_04_31_10300_dig_lcd.png,23,4,31
01_12_27_10301_dig_lcd.png,1,12,27
09_20_39_10302_dig_simple.png,9,20,39
01_26_54_10303_dig_lcd.png,1,26,54
18_28_43_10304_dig_lcd.png,18,28,43
16_28_50_10305_dig_segmented.png,16,28,50
14_16_23_10306_dig_segmented.png,14,16,23
00_46_56_10307_dig_lcd.png,0,46,56
23_23_55_10308_dig_lcd.png,23,23,55
10_35_40_10309_dig_lcd.png,10,35,40
15_03_16_10310_dig_segmented.png,15,3,16
13_52_55_10311_dig_lcd.png,13,52,55
10_52_44_10312_dig_simple.png,10,52,44
14_45_10_10313_dig_lcd.png,14,45,10
03_06_14_10314_dig_simple.png,3,6,14
02_55_46_10315_dig_lcd.png,2,55,46
08_30_31_10316_dig_segmented.png,8,30,31
21_35_30_10317_dig_simple.png,21,35,30
20_58_06_10318_dig_segmented.png,20,58,6
10_35_40_10319_dig_lcd.png,10,35,40
01_12_27_10320_dig_segmented.png,1,12,27
04_16_32_10321_dig_lcd.png,4,16,32
00_04_22_10322_dig_simple.png,0,4,22
10_32_29_10323_dig_simple.png,10,32,29
05_27_42_10324_dig_lcd.png,5,27,42
05_23_16_10325_dig_lcd.png,5,23,16
08_37_16_10326_dig_lcd.png,8,37,16
12_31_05_10327_dig_lcd.png,12,31,5
21_35_30_10328_dig_lcd.png,21,35,30
09_12_03_10329_dig_simple.png,9,12,3
18_12_37_10330_dig_simple.png,18,12,37
22_12_38_10331_dig_segmented.png,22,12,38
01_24_36_10332_dig_simple.png,1,24,36
14_19_20_10333_dig_segmented.png,14,19,20
12_19_40_10334_dig_simple.png,12,19,40
15_03_16_10335_dig_lcd.png,15,3,16
14_11_50_10336_dig_segmented.png,14,11,50
02_34_16_10337_dig_simple.png,2,34,16
08_21_19_10338_dig_simple.png,8,21,19
08_13_24_10339_dig_segmented.png,8,13,24
19_04_46_10340_dig_lcd.png,19,4,46
19_07_46_10341_dig_segmented.png,19,7,46
14_54_40_10342_dig_segmented.png,14,54,40
07_04_02_10343_dig_simple.png,7,4,2
08_30_31_10344_dig_simple.png,8,30,31
16_12_56_10345_dig_lcd.png,16,12,56
16_44_25_10346_dig_segmented.png,16,44,25
11_22_48_10347_dig_lcd.png,11,22,48
14_08_41_10348_dig_simple.png,14,8,41
11_19_24_10349_dig_segmented.png,11,19,24
06_48_03_10350_dig_simple.png,6,48,3
22_09_26_10351_dig_simple.png,22,9,26
05_34_09_10352_dig_simple.png,5,34,9
22_57_39_10353_dig_lcd.png,22,57,39
03_29_12_10354_dig_simple.png,3,29,12
07_56_53_10355_dig_segmented.png,7,56,53
12_55_50_10356_dig_lcd.png,12,55,50
01_56_19_10357_dig_simple.png,1,56,19
12_00_17_10358_dig_simple.png,12,0,17
15_14_08_10359_dig_segmented.png,15,14,8
16_46_15_10360_dig_lcd.png,16,46,15
22_24_30_10361_dig_lcd.png,22,24,30
14_15_34_10362_dig_segmented.png,14,15,34
22_47_17_10363_dig_simple.png,22,47,17
05_55_57_10364_dig_segmented.png,5,55,57
18_08_34_10365_dig_lcd.png,18,8,34
00_04_20_10366_dig_segmented.png,0,4,20
04_26_43_10367_dig_simple.png,4,26,43
04_37_14_10368_dig_segmented.png,4,37,14
18_52_32_10369_dig_simple.png,18,52,32
05_11_01_10370_dig_simple.png,5,11,1
21_17_20_10371_dig_segmented.png,21,17,20
08_59_56_10372_dig_lcd.png,8,59,56
19_35_27_10373_dig_segmented.png,19,35,27
06_38_49_10374_dig_simple.png,6,38,49
18_25_47_10375_dig_simple.png,18,25,47
22_06_19_10376_dig_simple.png,22,6,19
15_58_20_10377_dig_simple.png,15,58,20
08_40_04_10378_dig_lcd.png,8,40,4
11_19_24_10379_dig_segmented.png,11,19,24
18_40_32_10380_dig_segmented.png,18,40,32
13_52_55_10381_dig_segmented.png,13,52,55
14_04_48_10382_dig_simple.png,14,4,48
11_36_55_10383_dig_simple.png,11,36,55
17_22_45_10384_dig_lcd.png,17,22,45
13_52_55_10385_dig_lcd.png,13,52,55
09_43_20_10386_dig_lcd.png,9,43,20
19_01_51_10387_dig_segmented.png,19,1,51
19_19_22_10388_dig_lcd.png,19,19,22
10_46_50_10389_dig_lcd.png,10,46,50
09_47_10_10390_dig_segmented.png,9,47,10
19_12_53_10391_dig_lcd.png,19,12,53
09_12_03_10392_dig_lcd.png,9,12,3
12_31_05_10393_dig_segmented.png,12,31,5
14_57_18_10394_dig_lcd.png,14,57,18
07_44_16_10395_dig_lcd.png,7,44,16
12_53_11_10396_dig_lcd.png,12,53,11
20_58_06_10397_dig_segmented.png,20,58,6
08_13_24_10398_dig_simple.png,8,13,24
13_41_26_10399_dig_segmented.png,13,41,26
11_31_18_10400_dig_segmented.png,11,31,18
23_49_28_10401_dig_lcd.png,23,49,28
02_53_31_10402_dig_lcd.png,2,53,31
23_23_55_10403_dig_simple.png,23,23,55
07_56_53_10404_dig_segmented.png,7,56,53
14_50_52_10405_dig_segmented.png,14,50,52
05_34_09_10406_dig_simple.png,5,34,9
17_55_33_10407_dig_simple.png,17,55,33
18_28_43_10408_dig_segmented.png,18,28,43
17_51_55_10409_dig_simple.png,17,51,55
19_04_18_10410_dig_segmented.png,19,4,18
20_32_18_10411_dig_simple.png,20,32,18
18_40_32_10412_dig_segmented.png,18,40,32
07_53_26_10413_dig_lcd.png,7,53,26
00_10_25_10414_dig_lcd.png,0,10,25
06_32_17_10415_dig_simple.png,6,32,17
22_10_28_10416_dig_lcd.png,22,10,28
13_52_55_10417_dig_lcd.png,13,52,55
13_49_04_10418_dig_lcd.png,13,49,4
11_36_55_10419_dig_simple.png,11,36,55
17_40_48_10420_dig_simple.png,17,40,48
09_11_53_10421_dig_lcd.png,9,11,53
08_27_44_10422_dig_lcd.png,8,27,44
20_16_08_10423_dig_segmented.png,20,16,8
08_27_22_10424_dig_simple.png,8,27,22
08_59_56_10425_dig_lcd.png,8,59,56
16_59_01_10426_dig_simple.png,16,59,1
02_56_16_10427_dig_segmented.png,2,56,16
11_02_54_10428_dig_lcd.png,11,2,54
21_17_20_10429_dig_segmented.png,21,17,20
11_34_46_10430_dig_simple.png,11,34,46
13_37_42_10431_dig_lcd.png,13,37,42
12_55_37_10432_dig_simple.png,12,55,37
16_24_47_10433_dig_simple.png,16,24,47
12_12_47_10434_dig_lcd.png,12,12,47
18_45_16_10435_dig_lcd.png,18,45,16
11_22_48_10436_dig_simple.png,11,22,48
23_49_28_10437_dig_lcd.png,23,49,28
23_44_31_10438_dig_lcd.png,23,44,31
06_48_03_10439_dig_lcd.png,6,48,3
11_32_04_10440_dig_segmented.png,11,32,4
21_28_01_10441_dig_simple.png,21,28,1
08_39_26_10442_dig_simple.png,8,39,26
02_56_16_10443_dig_simple.png,2,56,16
20_35_14_10444_dig_segmented.png,20,35,14
19_12_53_10445_dig_segmented.png,19,12,53
08_39_26_10446_dig_lcd.png,8,39,26
14_15_34_10447_dig_lcd.png,14,15,34
08_27_22_10448_dig_segmented.png,8,27,22
13_12_20_10449_dig_segmented.png,13,12,20
21_15_10_10450_dig_lcd.png,21,15,10
22_36_21_10451_dig_segmented.png,22,36,21
08_21_19_10452_dig_lcd.png,8,21,19
23_49_28_10453_dig_segmented.png,23,49,28
11_25_51_10454_dig_lcd.png,11,25,51
21_28_01_10455_dig_lcd.png,21,28,1
20_45_07_10456_dig_segmented.png,20,45,7
01_18_51_10457_dig_segmented.png,1,18,51
13_01_42_10458_dig_segmented.png,13,1,42
11_40_21_10459_dig_lcd.png,11,40,21
10_23_40_10460_dig_segmented.png,10,23,40
02_34_56_10461_dig_lcd.png,2,34,56
08_59_56_10462_dig_segmented.png,8,59,56
12_24_07_10463_dig_segmented.png,12,24,7
17_44_32_10464_dig_segmented.png,17,44,32
02_56_16_10465_dig_lcd.png,2,56,16
15_03_16_10466_dig_simple.png,15,3,16
21_47_17_10467_dig_simple.png,21,47,17
03_10_31_10468_dig_simple.png,3,10,31
05_11_01_10469_dig_simple.png,5,11,1
08_27_22_10470_dig_lcd.png,8,27,22
19_31_41_10471_dig_simple.png,19,31,41
04_46_20_10472_dig_simple.png,4,46,20
06_28_54_10473_dig_lcd.png,6,28,54
02_53_31_10474_dig_segmented.png,2,53,31
02_36_42_10475_dig_simple.png,2,36,42
00_20_08_10476_dig_simple.png,0,20,8
16_57_56_10477_dig_lcd.png,16,57,56
04_07_10_10478_dig_simple.png,4,7,10
08_48_26_10479_dig_simple.png,8,48,26
22_10_28_10480_dig_segmented.png,22,10,28
17_37_04_10481_dig_segmented.png,17,37,4
07_56_53_10482_dig_segmented.png,7,56,53
18_25_47_10483_dig_lcd.png,18,25,47
15_41_24_10484_dig_segmented.png,15,41,24
05_21_54_10485_dig_lcd.png,5,21,54
08_56_12_10486_dig_simple.png,8,56,12
04_09_44_10487_dig_simple.png,4,9,44
11_25_51_10488_dig_simple.png,11,25,51
18_09_10_10489_dig_simple.png,18,9,10
12_31_05_10490_dig_lcd.png,12,31,5
16_44_25_10491_dig_segmented.png,16,44,25
04_26_31_10492_dig_lcd.png,4,26,31
19_04_18_10493_dig_simple.png,19,4,18
16_46_15_10494_dig_segmented.png,16,46,15
07_35_43_10495_dig_simple.png,7,35,43
09_09_06_10496_dig_lcd.png,9,9,6
03_49_41_10497_dig_segmented.png,3,49,41
23_04_31_10498_dig_lcd.png,23,4,31
01_18_51_10499_dig_segmented.png,1,18,51
04_51_02_10500_dig_lcd.png,4,51,2
10_46_50_10501_dig_segmented.png,10,46,50
18_40_32_10502_dig_simple.png,18,40,32
12_29_08_10503_dig_simple.png,12,29,8
22_10_28_10504_dig_lcd.png,22,10,28
01_41_10_10505_dig_simple.png,1,41,10
03_21_56_10506_dig_lcd.png,3,21,56
22_10_28_10507_dig_segmented.png,22,10,28
13_12_20_10508_dig_lcd.png,13,12,20
08_13_24_10509_dig_segmented.png,8,13,24
02_36_34_10510_dig_segmented.png,2,36,34
08_47_59_10511_dig_lcd.png,8,47,59
03_37_06_10512_dig_segmented.png,3,37,6
01_36_28_10513_dig_lcd.png,1,36,28
09_57_20_10514_dig_segmented.png,9,57,20
03_12_53_10515_dig_segmented.png,3,12,53
09_09_06_10516_dig_simple.png,9,9,6
12_53_11_10517_dig_lcd.png,12,53,11
02_34_56_10518_dig_lcd.png,2,34,56
14_45_10_10519_dig_lcd.png,14,45,10
05_53_15_10520_dig_lcd.png,5,53,15
07_19_24_10521_dig_simple.png,7,19,24
14_15_51_10522_dig_segmented.png,14,15,51
15_41_24_10523_dig_lcd.png,15,41,24
14_54_40_10524_dig_segmented.png,14,54,40
20_35_14_10525_dig_simple.png,20,35,14
23_05_22_10526_dig_simple.png,23,5,22
10_03_25_10527_dig_lcd.png,10,3,25
13_16_06_10528_dig_simple.png,13,16,6
11_40_21_10529_dig_segmented.png,11,40,21
20_19_30_10530_dig_lcd.png,20,19,30
17_40_48_10531_dig_segmented.png,17,40,48
00_04_03_10532_dig_simple.png,0,4,3
09_43_20_10533_dig_simple.png,9,43,20
23_52_07_10534_dig_simple.png,23,52,7
09_43_20_10535_dig_lcd.png,9,43,20
23_44_31_10536_dig_segmented.png,23,44,31
00_32_38_10537_dig_simple.png,0,32,38
17_09_36_10538_dig_simple.png,17,9,36
22_10_28_10539_dig_simple.png,22,10,28
22_55_28_10540_dig_segmented.png,22,55,28
19_19_22_10541_dig_lcd.png,19,19,22
05_34_09_10542_dig_simple.png,5,34,9
21_35_30_10543_dig_lcd.png,21,35,30
10_15_33_10544_dig_simple.png,10,15,33
00_33_25_10545_dig_simple.png,0,33,25
17_40_48_10546_dig_lcd.png,17,40,48
23_49_49_10547_dig_segmented.png,23,49,49
13_12_20_10548_dig_simple.png,13,12,20
01_09_35_10549_dig_segmented.png,1,9,35
08_48_26_10550_dig_simple.png,8,48,26
14_54_25_10551_dig_simple.png,14,54,25
01_41_10_10552_dig_segmented.png,1,41,10
00_04_54_10553_dig_simple.png,0,4,54
08_37_16_10554_dig_lcd.png,8,37,16
02_45_39_10555_dig_simple.png,2,45,39
04_26_31_10556_dig_lcd.png,4,26,31
06_48_03_10557_dig_lcd.png,6,48,3
22_47_09_10558_dig_simple.png,22,47,9
06_38_49_10559_dig_lcd.png,6,38,49
11_19_24_10560_dig_segmented.png,11,19,24
06_28_54_10561_dig_simple.png,6,28,54
06_43_35_10562_dig_segmented.png,6,43,35
10_08_36_10563_dig_lcd.png,10,8,36
10_23_40_10564_dig_simple.png,10,23,40
22_55_28_10565_dig_lcd.png,22,55,28
02_36_42_10566_dig_segmented.png,2,36,42
17_44_32_10567_dig_lcd.png,17,44,32
13_42_00_10568_dig_simple.png,13,42,0
10_46_50_10569_dig_lcd.png,10,46,50
08_13_24_10570_dig_lcd.png,8,13,24
13_41_26_10571_dig_simple.png,13,41,26
09_04_24_10572_dig_segmented.png,9,4,24
09_26_48_10573_dig_segmented.png,9,26,48
18_25_47_10574_dig_simple.png,18,25,47
07_35_43_10575_dig_lcd.png,7,35,43
05_55_57_10576_dig_segmented.png,5,55,57
07_35_06_10577_dig_simple.png,7,35,6
12_55_50_10578_dig_simple.png,12,55,50
07_44_16_10579_dig_simple.png,7,44,16
17_34_15_10580_dig_lcd.png,17,34,15
21_17_20_10581_dig_lcd.png,21,17,20
21_53_18_10582_dig_lcd.png,21,53,18
16_12_56_10583_dig_lcd.png,16,12,56
00_10_25_10584_dig_segmented.png,0,10,25
19_01_51_10585_dig_lcd.png,19,1,51
09_47_10_10586_dig_lcd.png,9,47,10
09_31_45_10587_dig_simple.png,9,31,45
04_16_32_10588_dig_segmented.png,4,16,32
08_27_22_10589_dig_segmented.png,8,27,22
14_28_31_10590_dig_segmented.png,14,28,31
18_25_47_10591_dig_simple.png,18,25,47
01_59_20_10592_dig_simple.png,1,59,20
05_34_09_10593_dig_simple.png,5,34,9
07_01_36_10594_dig_segmented.png,7,1,36
19_06_18_10595_dig_segmented.png,19,6,18
18_25_47_10596_dig_lcd.png,18,25,47
08_01_35_10597_dig_lcd.png,8,1,35
07_35_06_10598_dig_segmented.png,7,35,6
01_09_35_10599_dig_segmented.png,1,9,35
04_26_43_10600_dig_segmented.png,4,26,43
13_49_04_10601_dig_lcd.png,13,49,4
00_33_25_10602_dig_lcd.png,0,33,25
12_15_41_10603_dig_lcd.png,12,15,41
22_47_17_10604_dig_lcd.png,22,47,17
22_57_39_10605_dig_segmented.png,22,57,39
09_24_56_10606_dig_segmented.png,9,24,56
11_20_01_10607_dig_simple.png,11,20,1
03_52_44_10608_dig_lcd.png,3,52,44
06_21_06_10609_dig_segmented.png,6,21,6
10_59_06_10610_dig_simple.png,10,59,6
10_15_33_10611_dig_lcd.png,10,15,33
07_35_43_10612_dig_segmented.png,7,35,43
14_08_41_10613_dig_segmented.png,14,8,41
02_51_15_10614_dig_lcd.png,2,51,15
05_34_09_10615_dig_lcd.png,5,34,9
21_42_27_10616_dig_segmented.png,21,42,27
17_38_11_10617_dig_simple.png,17,38,11
23_29_19_10618_dig_segmented.png,23,29,19
10_08_36_10619_dig_lcd.png,10,8,36
22_32_24_10620_dig_segmented.png,22,32,24
08_22_04_10621_dig_lcd.png,8,22,4
08_36_49_10622_dig_segmented.png,8,36,49
08_27_22_10623_dig_lcd.png,8,27,22
16_12_56_10624_dig_simple.png,16,12,56
14_57_18_10625_dig_simple.png,14,57,18
00_51_14_10626_dig_simple.png,0,51,14
12_29_08_10627_dig_simple.png,12,29,8
08_14_00_10628_dig_segmented.png,8,14,0
09_23_19_10629_dig_simple.png,9,23,19
20_45_07_10630_dig_lcd.png,20,45,7
04_26_43_10631_dig_simple.png,4,26,43
15_18_44_10632_dig_simple.png,15,18,44
13_45_41_10633_dig_simple.png,13,45,41
09_20_39_10634_dig_lcd.png,9,20,39
02_50_55_10635_dig_segmented.png,2,50,55
11_19_58_10636_dig_lcd.png,11,19,58
10_15_33_10637_dig_simple.png,10,15,33
13_01_42_10638_dig_lcd.png,13,1,42
14_54_40_10639_dig_segmented.png,14,54,40
08_39_26_10640_dig_simple.png,8,39,26
00_20_08_10641_dig_segmented.png,0,20,8
01_09_35_10642_dig_lcd.png,1,9,35
03_37_06_10643_dig_lcd.png,3,37,6
08_40_04_10644_dig_simple.png,8,40,4
01_40_27_10645_dig_segmented.png,1,40,27
10_47_42_10646_dig_segmented.png,10,47,42
23_23_55_10647_dig_segmented.png,23,23,55
22_40_44_10648_dig_lcd.png,22,40,44
18_12_37_10649_dig_segmented.png,18,12,37
17_37_04_10650_dig_simple.png,17,37,4
07_01_36_10651_dig_simple.png,7,1,36
14_29_52_10652_dig_segmented.png,14,29,52
06_48_03_10653_dig_simple.png,6,48,3
09_43_20_10654_dig_lcd.png,9,43,20
06_32_17_10655_dig_lcd.png,6,32,17
00_07_33_10656_dig_lcd.png,0,7,33
10_15_33_10657_dig_lcd.png,10,15,33
12_34_14_10658_dig_lcd.png,12,34,14
07_44_16_10659_dig_lcd.png,7,44,16
03_11_04_10660_dig_lcd.png,3,11,4
22_36_21_10661_dig_segmented.png,22,36,21
11_22_48_10662_dig_lcd.png,11,22,48
16_14_11_10663_dig_segmented.png,16,14,11
08_36_49_10664_dig_lcd.png,8,36,49
19_10_04_10665_dig_simple.png,19,10,4
06_48_42_10666_dig_lcd.png,6,48,42
03_21_56_10667_dig_simple.png,3,21,56
11_50_35_10668_dig_segmented.png,11,50,35
14_11_40_10669_dig_lcd.png,14,11,40
00_39_41_10670_dig_simple.png,0,39,41
04_26_31_10671_dig_segmented.png,4,26,31
22_57_39_10672_dig_lcd.png,22,57,39
19_31_41_10673_dig_lcd.png,19,31,41
07_30_07_10674_dig_lcd.png,7,30,7
18_01_22_10675_dig_lcd.png,18,1,22
08_21_19_10676_dig_segmented.png,8,21,19
04_33_29_10677_dig_segmented.png,4,33,29
07_31_35_10678_dig_lcd.png,7,31,35
02_34_16_10679_dig_simple.png,2,34,16
15_14_08_10680_dig_simple.png,15,14,8
21_15_10_10681_dig_simple.png,21,15,10
20_06_38_10682_dig_segmented.png,20,6,38
19_01_51_10683_dig_lcd.png,19,1,51
01_36_28_10684_dig_lcd.png,1,36,28
00_39_41_10685_dig_simple.png,0,39,41
00_33_25_10686_dig_segmented.png,0,33,25
01_18_51_10687_dig_simple.png,1,18,51
04_08_49_10688_dig_lcd.png,4,8,49
19_10_04_10689_dig_lcd.png,19,10,4
17_55_33_10690_dig_segmented.png,17,55,33
19_35_27_10691_dig_segmented.png,19,35,27
15_58_20_10692_dig_segmented.png,15,58,20
05_27_42_10693_dig_lcd.png,5,27,42
09_40_41_10694_dig_simple.png,9,40,41
08_48_26_10695_dig_lcd.png,8,48,26
10_36_47_10696_dig_segmented.png,10,36,47
09_09_45_10697_dig_simple.png,9,9,45
14_13_24_10698_dig_segmented.png,14,13,24
20_09_28_10699_dig_segmented.png,20,9,28
02_34_16_10700_dig_lcd.png,2,34,16
20_07_54_10701_dig_segmented.png,20,7,54
13_12_20_10702_dig_lcd.png,13,12,20
21_42_27_10703_dig_simple.png,21,42,27
12_53_11_10704_dig_segmented.png,12,53,11
18_25_47_10705_dig_simple.png,18,25,47
09_24_56_10706_dig_simple.png,9,24,56
00_04_22_10707_dig_simple.png,0,4,22
01_09_35_10708_dig_segmented.png,1,9,35
09_31_45_10709_dig_segmented.png,9,31,45
03_21_56_10710_dig_lcd.png,3,21,56
09_23_19_10711_dig_segmented.png,9,23,19
20_16_08_10712_dig_simple.png,20,16,8
02_29_53_10713_dig_segmented.png,2,29,53
18_38_25_10714_dig_segmented.png,18,38,25
02_50_55_10715_dig_simple.png,2,50,55
09_04_24_10716_dig_simple.png,9,4,24
03_00_15_10717_dig_simple.png,3,0,15
16_24_47_10718_dig_segmented.png,16,24,47
14_53_37_10719_dig_simple.png,14,53,37
16_14_11_10720_dig_lcd.png,16,14,11
17_51_55_10721_dig_lcd.png,17,51,55
08_21_19_10722_dig_segmented.png,8,21,19
22_12_38_10723_dig_segmented.png,22,12,38
03_21_56_10724_dig_lcd.png,3,21,56
09_12_03_10725_dig_simple.png,9,12,3
01_40_27_10726_dig_simple.png,1,40,27
14_03_12_10727_dig_lcd.png,14,3,12
03_06_14_10728_dig_simple.png,3,6,14
22_36_21_10729_dig_simple.png,22,36,21
02_54_31_10730_dig_simple.png,2,54,31
09_31_45_10731_dig_segmented.png,9,31,45
12_53_11_10732_dig_segmented.png,12,53,11
00_08_23_10733_dig_lcd.png,0,8,23
10_46_50_10734_dig_lcd.png,10,46,50
19_19_22_10735_dig_segmented.png,19,19,22
13_38_53_10736_dig_simple.png,13,38,53
19_10_04_10737_dig_lcd.png,19,10,4
20_58_06_10738_dig_simple.png,20,58,6
10_03_25_10739_dig_segmented.png,10,3,25
10_47_42_10740_dig_simple.png,10,47,42
08_30_31_10741_dig_lcd.png,8,30,31
13_52_55_10742_dig_segmented.png,13,52,55
03_18_42_10743_dig_simple.png,3,18,42
12_35_28_10744_dig_simple.png,12,35,28
09_40_41_10745_dig_lcd.png,9,40,41
12_19_40_10746_dig_segmented.png,12,19,40
12_13_30_10747_dig_lcd.png,12,13,30
05_31_08_10748_dig_simple.png,5,31,8
21_40_08_10749_dig_lcd.png,21,40,8
15_58_20_10750_dig_simple.png,15,58,20
06_12_22_10751_dig_simple.png,6,12,22
08_56_12_10752_dig_lcd.png,8,56,12
04_26_31_10753_dig_segmented.png,4,26,31
00_04_03_10754_dig_segmented.png,0,4,3
02_56_16_10755_dig_simple.png,2,56,16
00_51_28_10756_dig_lcd.png,0,51,28
20_19_30_10757_dig_segmented.png,20,19,30
05_39_33_10758_dig_simple.png,5,39,33
02_36_34_10759_dig_lcd.png,2,36,34
01_16_29_10760_dig_lcd.png,1,16,29
04_26_43_10761_dig_segmented.png,4,26,43
22_57_39_10762_dig_simple.png,22,57,39
07_01_36_10763_dig_simple.png,7,1,36
18_12_37_10764_dig_simple.png,18,12,37
03_52_44_10765_dig_simple.png,3,52,44
01_59_20_10766_dig_segmented.png,1,59,20
19_26_00_10767_dig_lcd.png,19,26,0
09_14_11_10768_dig_segmented.png,9,14,11
14_53_37_10769_dig_segmented.png,14,53,37
12_00_17_10770_dig_lcd.png,12,0,17
13_38_53_10771_dig_lcd.png,13,38,53
09_18_05_10772_dig_segmented.png,9,18,5
21_40_08_10773_dig_segmented.png,21,40,8
10_39_37_10774_dig_segmented.png,10,39,37
00_33_25_10775_dig_lcd.png,0,33,25
00_04_54_10776_dig_simple.png,0,4,54
21_40_08_10777_dig_segmented.png,21,40,8
21_22_59_10778_dig_simple.png,21,22,59
19_04_46_10779_dig_segmented.png,19,4,46
15_49_16_10780_dig_segmented.png,15,49,16
22_36_21_10781_dig_segmented.png,22,36,21
17_22_45_10782_dig_lcd.png,17,22,45
11_34_46_10783_dig_segmented.png,11,34,46
02_36_34_10784_dig_segmented.png,2,36,34
21_04_16_10785_dig_segmented.png,21,4,16
13_45_41_10786_dig_segmented.png,13,45,41
16_24_47_10787_dig_lcd.png,16,24,47
04_46_20_10788_dig_segmented.png,4,46,20
17_40_48_10789_dig_segmented.png,17,40,48
23_04_31_10790_dig_simple.png,23,4,31
08_13_24_10791_dig_simple.png,8,13,24
02_04_41_10792_dig_lcd.png,2,4,41
23_52_13_10793_dig_segmented.png,23,52,13
11_50_35_10794_dig_simple.png,11,50,35
14_08_41_10795_dig_segmented.png,14,8,41
10_06_39_10796_dig_segmented.png,10,6,39
08_48_26_10797_dig_segmented.png,8,48,26
06_48_42_10798_dig_segmented.png,6,48,42
01_36_28_10799_dig_segmented.png,1,36,28
03_05_48_10800_dig_simple.png,3,5,48
22_57_39_10801_dig_segmented.png,22,57,39
14_50_52_10802_dig_simple.png,14,50,52
12_24_07_10803_dig_lcd.png,12,24,7
23_49_49_10804_dig_lcd.png,23,49,49
03_12_53_10805_dig_segmented.png,3,12,53
08_27_44_10806_dig_simple.png,8,27,44
23_49_05_10807_dig_simple.png,23,49,5
04_12_04_10808_dig_lcd.png,4,12,4
00_32_38_10809_dig_lcd.png,0,32,38
01_41_02_10810_dig_segmented.png,1,41,2
22_47_09_10811_dig_simple.png,22,47,9
07_01_36_10812_dig_simple.png,7,1,36
03_05_48_10813_dig_lcd.png,3,5,48
02_36_30_10814_dig_simple.png,2,36,30
01_16_29_10815_dig_lcd.png,1,16,29
00_46_56_10816_dig_simple.png,0,46,56
04_33_29_10817_dig_simple.png,4,33,29
09_39_15_10818_dig_lcd.png,9,39,15
02_50_09_10819_dig_lcd.png,2,50,9
18_50_41_10820_dig_lcd.png,18,50,41
08_01_35_10821_dig_segmented.png,8,1,35
02_57_38_10822_dig_lcd.png,2,57,38
23_05_22_10823_dig_lcd.png,23,5,22
22_32_24_10824_dig_simple.png,22,32,24
08_30_31_10825_dig_lcd.png,8,30,31
00_23_21_10826_dig_simple.png,0,23,21
15_02_01_10827_dig_simple.png,15,2,1
15_14_08_10828_dig_segmented.png,15,14,8
16_44_25_10829_dig_lcd.png,16,44,25
01_41_10_10830_dig_lcd.png,1,41,10
08_01_35_10831_dig_simple.png,8,1,35
19_06_18_10832_dig_segmented.png,19,6,18
12_00_17_10833_dig_lcd.png,12,0,17
03_11_04_10834_dig_lcd.png,3,11,4
04_22_09_10835_dig_segmented.png,4,22,9
02_56_16_10836_dig_simple.png,2,56,16
15_37_34_10837_dig_segmented.png,15,37,34
10_23_40_10838_dig_lcd.png,10,23,40
12_12_47_10839_dig_simple.png,12,12,47
03_05_38_10840_dig_simple.png,3,5,38
13_39_44_10841_dig_lcd.png,13,39,44
08_56_12_10842_dig_lcd.png,8,56,12
13_45_41_10843_dig_simple.png,13,45,41
20_32_18_10844_dig_simple.png,20,32,18
07_30_07_10845_dig_lcd.png,7,30,7
21_13_47_10846_dig_segmented.png,21,13,47
00_31_55_10847_dig_segmented.png,0,31,55
18_45_16_10848_dig_lcd.png,18,45,16
13_39_44_10849_dig_segmented.png,13,39,44
12_24_07_10850_dig_segmented.png,12,24,7
11_19_58_10851_dig_segmented.png,11,19,58
07_44_16_10852_dig_lcd.png,7,44,16
11_19_24_10853_dig_segmented.png,11,19,24
00_13_06_10854_dig_lcd.png,0,13,6
12_29_08_10855_dig_segmented.png,12,29,8
12_31_05_10856_dig_segmented.png,12,31,5
01_12_27_10857_dig_lcd.png,1,12,27
08_48_26_10858_dig_lcd.png,8,48,26
11_30_47_10859_dig_lcd.png,11,30,47
12_53_11_10860_dig_segmented.png,12,53,11
10_36_47_10861_dig_simple.png,10,36,47
16_57_56_10862_dig_simple.png,16,57,56
13_45_41_10863_dig_segmented.png,13,45,41
08_02_49_10864_dig_lcd.png,8,2,49
12_35_28_10865_dig_segmented.png,12,35,28
11_36_55_10866_dig_simple.png,11,36,55
08_39_26_10867_dig_simple.png,8,39,26
00_15_13_10868_dig_segmented.png,0,15,13
00_28_30_10869_dig_lcd.png,0,28,30
04_37_14_10870_dig_lcd.png,4,37,14
14_03_12_10871_dig_simple.png,14,3,12
19_12_53_10872_dig_lcd.png,19,12,53
15_02_01_10873_dig_segmented.png,15,2,1
04_12_04_10874_dig_lcd.png,4,12,4
15_03_16_10875_dig_segmented.png,15,3,16
02_34_56_10876_dig_segmented.png,2,34,56
23_49_28_10877_dig_simple.png,23,49,28
20_16_08_10878_dig_lcd.png,20,16,8
23_05_20_10879_dig_lcd.png,23,5,20
03_12_55_10880_dig_simple.png,3,12,55
17_40_48_10881_dig_simple.png,17,40,48
16_57_56_10882_dig_lcd.png,16,57,56
09_47_10_10883_dig_simple.png,9,47,10
23_56_12_10884_dig_lcd.png,23,56,12
11_19_58_10885_dig_segmented.png,11,19,58
11_30_47_10886_dig_lcd.png,11,30,47
10_47_21_10887_dig_simple.png,10,47,21
17_55_33_10888_dig_segmented.png,17,55,33
02_50_55_10889_dig_simple.png,2,50,55
13_42_00_10890_dig_simple.png,13,42,0
10_52_44_10891_dig_segmented.png,10,52,44
05_55_57_10892_dig_segmented.png,5,55,57
09_12_03_10893_dig_lcd.png,9,12,3
03_37_06_10894_dig_lcd.png,3,37,6
18_38_08_10895_dig_lcd.png,18,38,8
16_12_56_10896_dig_simple.png,16,12,56
08_37_16_10897_dig_simple.png,8,37,16
15_49_16_10898_dig_simple.png,15,49,16
05_11_01_10899_dig_segmented.png,5,11,1
22_12_38_10900_dig_lcd.png,22,12,38
03_05_48_10901_dig_lcd.png,3,5,48
20_35_14_10902_dig_lcd.png,20,35,14
05_42_51_10903_dig_segmented.png,5,42,51
00_51_14_10904_dig_simple.png,0,51,14
08_01_35_10905_dig_segmented.png,8,1,35
05_06_46_10906_dig_lcd.png,5,6,46
02_36_34_10907_dig_segmented.png,2,36,34
20_07_54_10908_dig_segmented.png,20,7,54
06_48_42_10909_dig_lcd.png,6,48,42
11_07_20_10910_dig_segmented.png,11,7,20
03_12_55_10911_dig_simple.png,3,12,55
16_47_14_10912_dig_lcd.png,16,47,14
03_11_04_10913_dig_lcd.png,3,11,4
11_20_01_10914_dig_simple.png,11,20,1
11_22_48_10915_dig_lcd.png,11,22,48
15_16_17_10916_dig_lcd.png,15,16,17
16_07_21_10917_dig_simple.png,16,7,21
22_57_39_10918_dig_lcd.png,22,57,39
20_54_43_10919_dig_segmented.png,20,54,43
12_29_08_10920_dig_segmented.png,12,29,8
12_34_14_10921_dig_simple.png,12,34,14
04_46_20_10922_dig_lcd.png,4,46,20
19_06_18_10923_dig_lcd.png,19,6,18
06_43_35_10924_dig_segmented.png,6,43,35
02_50_09_10925_dig_lcd.png,2,50,9
07_37_43_10926_dig_lcd.png,7,37,43
06_16_08_10927_dig_segmented.png,6,16,8
22_36_21_10928_dig_segmented.png,22,36,21
14_11_40_10929_dig_lcd.png,14,11,40
00_28_30_10930_dig_segmented.png,0,28,30
08_50_39_10931_dig_segmented.png,8,50,39
03_05_38_10932_dig_segmented.png,3,5,38
22_55_28_10933_dig_lcd.png,22,55,28
21_40_08_10934_dig_lcd.png,21,40,8
01_36_28_10935_dig_segmented.png,1,36,28
09_14_11_10936_dig_segmented.png,9,14,11
12_08_40_10937_dig_simple.png,12,8,40
03_47_17_10938_dig_lcd.png,3,47,17
04_58_22_10939_dig_segmented.png,4,58,22
10_03_25_10940_dig_lcd.png,10,3,25
05_31_08_10941_dig_segmented.png,5,31,8
09_20_39_10942_dig_simple.png,9,20,39
23_52_13_10943_dig_segmented.png,23,52,13
13_42_00_10944_dig_lcd.png,13,42,0
08_50_39_10945_dig_simple.png,8,50,39
16_59_01_10946_dig_lcd.png,16,59,1
04_10_12_10947_dig_lcd.png,4,10,12
18_50_41_10948_dig_simple.png,18,50,41
00_04_54_10949_dig_lcd.png,0,4,54
23_56_12_10950_dig_simple.png,23,56,12
07_53_31_10951_dig_segmented.png,7,53,31
00_23_21_10952_dig_simple.png,0,23,21
01_12_27_10953_dig_simple.png,1,12,27
01_12_27_10954_dig_segmented.png,1,12,27
17_37_04_10955_dig_segmented.png,17,37,4
00_18_33_10956_dig_simple.png,0,18,33
23_54_03_10957_dig_lcd.png,23,54,3
17_46_41_10958_dig_segmented.png,17,46,41
18_01_22_10959_dig_segmented.png,18,1,22
11_07_20_10960_dig_segmented.png,11,7,20
21_42_27_10961_dig_simple.png,21,42,27
07_01_36_10962_dig_simple.png,7,1,36
06_28_54_10963_dig_lcd.png,6,28,54
08_27_22_10964_dig_lcd.png,8,27,22
23_52_07_10965_dig_lcd.png,23,52,7
15_37_34_10966_dig_simple.png,15,37,34
19_35_27_10967_dig_lcd.png,19,35,27
06_38_49_10968_dig_segmented.png,6,38,49
21_28_01_10969_dig_simple.png,21,28,1
20_45_06_10970_dig_simple.png,20,45,6
00_07_33_10971_dig_lcd.png,0,7,33
13_12_20_10972_dig_lcd.png,13,12,20
12_13_30_10973_dig_segmented.png,12,13,30
10_35_40_10974_dig_lcd.png,10,35,40
00_04_20_10975_dig_simple.png,0,4,20
11_19_58_10976_dig_segmented.png,11,19,58
00_04_20_10977_dig_simple.png,0,4,20
12_53_11_10978_dig_segmented.png,12,53,11
21_40_08_10979_dig_simple.png,21,40,8
17_55_33_10980_dig_simple.png,17,55,33
05_34_09_10981_dig_segmented.png,5,34,9
02_54_31_10982_dig_lcd.png,2,54,31
20_58_06_10983_dig_segmented.png,20,58,6
18_18_23_10984_dig_segmented.png,18,18,23
20_42_24_10985_dig_simple.png,20,42,24
17_22_45_10986_dig_segmented.png,17,22,45
21_28_01_10987_dig_lcd.png,21,28,1
05_13_37_10988_dig_segmented.png,5,13,37
10_47_21_10989_dig_lcd.png,10,47,21
09_23_19_10990_dig_segmented.png,9,23,19
18_15_12_10991_dig_simple.png,18,15,12
16_35_38_10992_dig_simple.png,16,35,38
09_43_20_10993_dig_lcd.png,9,43,20
15_32_42_10994_dig_lcd.png,15,32,42
23_52_07_10995_dig_lcd.png,23,52,7
23_46_00_10996_dig_simple.png,23,46,0
07_56_53_10997_dig_simple.png,7,56,53
09_14_11_10998_dig_lcd.png,9,14,11
18_38_25_10999_dig_segmented.png,18,38,25
09_09_45_11000_dig_lcd.png,9,9,45
02_25_38_11001_dig_simple.png,2,25,38
09_12_03_11002_dig_simple.png,9,12,3
00_04_20_11003_dig_simple.png,0,4,20
22_06_19_11004_dig_simple.png,22,6,19
02_04_41_11005_dig_segmented.png,2,4,41
04_37_14_11006_dig_segmented.png,4,37,14
06_48_42_11007_dig_lcd.png,6,48,42
18_18_23_11008_dig_segmented.png,18,18,23
09_24_56_11009_dig_segmented.png,9,24,56
00_39_41_11010_dig_segmented.png,0,39,41
07_37_43_11011_dig_segmented.png,7,37,43
22_06_19_11012_dig_segmented.png,22,6,19
22_10_28_11013_dig_segmented.png,22,10,28
01_59_20_11014_dig_simple.png,1,59,20
07_19_24_11015_dig_segmented.png,7,19,24
14_32_15_11016_dig_lcd.png,14,32,15
03_00_15_11017_dig_simple.png,3,0,15
14_08_41_11018_dig_lcd.png,14,8,41
01_09_35_11019_dig_simple.png,1,9,35
14_13_24_11020_dig_simple.png,14,13,24
07_53_53_11021_dig_lcd.png,7,53,53
17_46_41_11022_dig_lcd.png,17,46,41
06_43_35_11023_dig_simple.png,6,43,35
22_24_30_11024_dig_simple.png,22,24,30
08_02_49_11025_dig_simple.png,8,2,49
23_44_31_11026_dig_simple.png,23,44,31
02_36_42_11027_dig_lcd.png,2,36,42
13_33_01_11028_dig_segmented.png,13,33,1
03_29_12_11029_dig_simple.png,3,29,12
00_18_33_11030_dig_segmented.png,0,18,33
17_38_11_11031_dig_simple.png,17,38,11
13_01_42_11032_dig_lcd.png,13,1,42
00_46_56_11033_dig_segmented.png,0,46,56
02_50_55_11034_dig_segmented.png,2,50,55
14_04_48_11035_dig_lcd.png,14,4,48
19_01_51_11036_dig_segmented.png,19,1,51
06_38_49_11037_dig_segmented.png,6,38,49
21_04_16_11038_dig_lcd.png,21,4,16
12_13_30_11039_dig_lcd.png,12,13,30
13_01_42_11040_dig_lcd.png,13,1,42
00_39_41_11041_dig_lcd.png,0,39,41
20_45_06_11042_dig_segmented.png,20,45,6
06_38_49_11043_dig_simple.png,6,38,49
22_10_28_11044_dig_segmented.png,22,10,28
05_23_16_11045_dig_simple.png,5,23,16
16_14_11_11046_dig_lcd.png,16,14,11
11_19_24_11047_dig_lcd.png,11,19,24
18_25_47_11048_dig_segmented.png,18,25,47
14_42_57_11049_dig_simple.png,14,42,57
01_26_54_11050_dig_lcd.png,1,26,54
07_14_16_11051_dig_segmented.png,7,14,16
02_45_39_11052_dig_lcd.png,2,45,39
10_46_50_11053_dig_segmented.png,10,46,50
03_05_48_11054_dig_segmented.png,3,5,48
23_23_55_11055_dig_simple.png,23,23,55
12_15_41_11056_dig_simple.png,12,15,41
17_22_45_11057_dig_segmented.png,17,22,45
20_06_41_11058_dig_segmented.png,20,6,41
18_38_08_11059_dig_lcd.png,18,38,8
05_11_01_11060_dig_lcd.png,5,11,1
18_50_41_11061_dig_segmented.png,18,50,41
07_35_43_11062_dig_simple.png,7,35,43
16_35_38_11063_dig_lcd.png,16,35,38
07_56_53_11064_dig_simple.png,7,56,53
00_18_33_11065_dig_segmented.png,0,18,33
16_57_56_11066_dig_segmented.png,16,57,56
02_36_30_11067_dig_lcd.png,2,36,30
23_52_13_11068_dig_segmented.png,23,52,13
10_39_37_11069_dig_lcd.png,10,39,37
05_13_37_11070_dig_lcd.png,5,13,37
16_47_14_11071_dig_lcd.png,16,47,14
10_23_40_11072_dig_lcd.png,10,23,40
22_47_17_11073_dig_segmented.png,22,47,17
18_09_10_11074_dig_lcd.png,18,9,10
00_18_33_11075_dig_lcd.png,0,18,33
22_59_32_11076_dig_simple.png,22,59,32
00_08_23_11077_dig_lcd.png,0,8,23
18_25_47_11078_dig_lcd.png,18,25,47
10_06_39_11079_dig_simple.png,10,6,39
06_48_42_11080_dig_segmented.png,6,48,42
20_32_18_11081_dig_simple.png,20,32,18
14_45_10_11082_dig_segmented.png,14,45,10
19_54_10_11083_dig_simple.png,19,54,10
14_03_12_11084_dig_segmented.png,14,3,12
17_38_11_11085_dig_segmented.png,17,38,11
00_51_14_11086_dig_simple.png,0,51,14
12_49_52_11087_dig_lcd.png,12,49,52
11_07_20_11088_dig_segmented.png,11,7,20
04_26_43_11089_dig_simple.png,4,26,43
17_37_04_11090_dig_segmented.png,17,37,4
08_48_26_11091_dig_simple.png,8,48,26
01_16_29_11092_dig_simple.png,1,16,29
20_07_54_11093_dig_lcd.png,20,7,54
14_11_40_11094_dig_simple.png,14,11,40
05_23_16_11095_dig_simple.png,5,23,16
04_10_12_11096_dig_segmented.png,4,10,12
20_58_06_11097_dig_segmented.png,20,58,6
13_38_53_11098_dig_segmented.png,13,38,53
20_58_06_11099_dig_lcd.png,20,58,6
12_15_41_11100_dig_segmented.png,12,15,41
20_06_41_11101_dig_simple.png,20,6,41
17_44_32_11102_dig_segmented.png,17,44,32
21_53_18_11103_dig_segmented.png,21,53,18
06_32_17_11104_dig_lcd.png,6,32,17
06_43_35_11105_dig_lcd.png,6,43,35
06_37_18_11106_dig_segmented.png,6,37,18
13_12_20_11107_dig_segmented.png,13,12,20
03_29_12_11108_dig_segmented.png,3,29,12
06_16_08_11109_dig_lcd.png,6,16,8
00_31_55_11110_dig_lcd.png,0,31,55
06_40_54_11111_dig_lcd.png,6,40,54
20_32_18_11112_dig_segmented.png,20,32,18
02_36_42_11113_dig_lcd.png,2,36,42
10_36_47_11114_dig_lcd.png,10,36,47
17_50_47_11115_dig_simple.png,17,50,47
21_13_47_11116_dig_segmented.png,21,13,47
06_48_03_11117_dig_simple.png,6,48,3
09_14_11_11118_dig_segmented.png,9,14,11
11_36_55_11119_dig_lcd.png,11,36,55
21_53_18_11120_dig_lcd.png,21,53,18
13_49_04_11121_dig_segmented.png,13,49,4
14_19_20_11122_dig_segmented.png,14,19,20
22_24_30_11123_dig_simple.png,22,24,30
12_55_37_11124_dig_simple.png,12,55,37
14_03_12_11125_dig_simple.png,14,3,12
10_52_44_11126_dig_lcd.png,10,52,44
18_08_34_11127_dig_segmented.png,18,8,34
11_03_25_11128_dig_segmented.png,11,3,25
00_04_54_11129_dig_simple.png,0,4,54
09_43_20_11130_dig_simple.png,9,43,20
17_46_41_11131_dig_lcd.png,17,46,41
06_12_22_11132_dig_lcd.png,6,12,22
07_53_53_11133_dig_segmented.png,7,53,53
14_43_52_11134_dig_simple.png,14,43,52
19_54_10_11135_dig_lcd.png,19,54,10
21_35_30_11136_dig_segmented.png,21,35,30
20_19_30_11137_dig_simple.png,20,19,30
01_16_29_11138_dig_lcd.png,1,16,29
11_36_55_11139_dig_lcd.png,11,36,55
21_17_20_11140_dig_simple.png,21,17,20
18_01_22_11141_dig_lcd.png,18,1,22
06_28_54_11142_dig_simple.png,6,28,54
00_32_38_11143_dig_lcd.png,0,32,38
06_37_18_11144_dig_simple.png,6,37,18
19_04_18_11145_dig_lcd.png,19,4,18
16_04_31_11146_dig_lcd.png,16,4,31
04_37_14_11147_dig_simple.png,4,37,14
03_47_17_11148_dig_lcd.png,3,47,17
04_33_29_11149_dig_segmented.png,4,33,29
05_53_20_11150_dig_segmented.png,5,53,20
13_39_44_11151_dig_simple.png,13,39,44
20_07_54_11152_dig_lcd.png,20,7,54
17_55_33_11153_dig_lcd.png,17,55,33
14_10_37_11154_dig_simple.png,14,10,37
03_47_17_11155_dig_simple.png,3,47,17
16_12_56_11156_dig_lcd.png,16,12,56
05_53_20_11157_dig_segmented.png,5,53,20
14_47_02_11158_dig_segmented.png,14,47,2
17_46_41_11159_dig_segmented.png,17,46,41
12_55_37_11160_dig_segmented.png,12,55,37
02_50_09_11161_dig_segmented.png,2,50,9
10_36_47_11162_dig_lcd.png,10,36,47
23_49_28_11163_dig_segmented.png,23,49,28
04_58_22_11164_dig_simple.png,4,58,22
05_13_37_11165_dig_simple.png,5,13,37
18_38_25_11166_dig_lcd.png,18,38,25
04_26_31_11167_dig_segmented.png,4,26,31
12_19_40_11168_dig_lcd.png,12,19,40
08_01_35_11169_dig_segmented.png,8,1,35
20_42_24_11170_dig_segmented.png,20,42,24
06_16_08_11171_dig_simple.png,6,16,8
18_18_12_11172_dig_segmented.png,18,18,12
10_15_33_11173_dig_segmented.png,10,15,33
06_48_03_11174_dig_simple.png,6,48,3
22_10_28_11175_dig_simple.png,22,10,28
14_13_24_11176_dig_segmented.png,14,13,24
12_13_30_11177_dig_segmented.png,12,13,30
00_04_03_11178_dig_segmented.png,0,4,3
10_06_39_11179_dig_segmented.png,10,6,39
04_10_12_11180_dig_lcd.png,4,10,12
03_06_14_11181_dig_lcd.png,3,6,14
17_22_45_11182_dig_lcd.png,17,22,45
12_00_17_11183_dig_lcd.png,12,0,17
00_51_14_11184_dig_segmented.png,0,51,14
16_24_47_11185_dig_segmented.png,16,24,47
16_17_10_11186_dig_segmented.png,16,17,10
15_37_34_11187_dig_segmented.png,15,37,34
15_31_23_11188_dig_simple.png,15,31,23
23_39_48_11189_dig_simple.png,23,39,48
02_54_31_11190_dig_segmented.png,2,54,31
16_28_50_11191_dig_segmented.png,16,28,50
16_47_14_11192_dig_lcd.png,16,47,14
14_13_24_11193_dig_simple.png,14,13,24
03_48_59_11194_dig_simple.png,3,48,59
13_01_42_11195_dig_simple.png,13,1,42
11_03_25_11196_dig_simple.png,11,3,25
18_45_16_11197_dig_segmented.png,18,45,16
12_03_47_11198_dig_simple.png,12,3,47
14_28_31_11199_dig_simple.png,14,28,31
08_27_44_11200_dig_segmented.png,8,27,44
20_06_38_11201_dig_lcd.png,20,6,38
09_09_06_11202_dig_segmented.png,9,9,6
03_47_17_11203_dig_segmented.png,3,47,17
03_29_12_11204_dig_segmented.png,3,29,12
10_36_47_11205_dig_simple.png,10,36,47
20_32_18_11206_dig_segmented.png,20,32,18
17_35_38_11207_dig_segmented.png,17,35,38
11_50_35_11208_dig_segmented.png,11,50,35
14_47_36_11209_dig_lcd.png,14,47,36
00_39_41_11210_dig_segmented.png,0,39,41
08_59_56_11211_dig_simple.png,8,59,56
05_53_20_11212_dig_lcd.png,5,53,20
09_26_48_11213_dig_simple.png,9,26,48
09_14_11_11214_dig_lcd.png,9,14,11
13_59_19_11215_dig_segmented.png,13,59,19
14_47_36_11216_dig_simple.png,14,47,36
00_04_20_11217_dig_simple.png,0,4,20
15_58_20_11218_dig_segmented.png,15,58,20
08_22_04_11219_dig_simple.png,8,22,4
20_16_08_11220_dig_segmented.png,20,16,8
00_28_30_11221_dig_lcd.png,0,28,30
03_10_31_11222_dig_simple.png,3,10,31
18_52_32_11223_dig_segmented.png,18,52,32
09_20_39_11224_dig_simple.png,9,20,39
09_42_38_11225_dig_simple.png,9,42,38
14_57_18_11226_dig_segmented.png,14,57,18
09_57_20_11227_dig_lcd.png,9,57,20
13_37_42_11228_dig_lcd.png,13,37,42
12_21_40_11229_dig_segmented.png,12,21,40
19_04_46_11230_dig_lcd.png,19,4,46
19_04_18_11231_dig_lcd.png,19,4,18
18_40_32_11232_dig_simple.png,18,40,32
14_13_24_11233_dig_segmented.png,14,13,24
13_38_53_11234_dig_simple.png,13,38,53
13_52_55_11235_dig_lcd.png,13,52,55
02_16_00_11236_dig_simple.png,2,16,0
13_16_06_11237_dig_lcd.png,13,16,6
00_33_25_11238_dig_lcd.png,0,33,25
21_23_29_11239_dig_segmented.png,21,23,29
14_32_15_11240_dig_simple.png,14,32,15
18_01_22_11241_dig_lcd.png,18,1,22
02_29_53_11242_dig_simple.png,2,29,53
23_49_05_11243_dig_simple.png,23,49,5
08_30_31_11244_dig_lcd.png,8,30,31
17_55_33_11245_dig_segmented.png,17,55,33
04_33_29_11246_dig_simple.png,4,33,29
00_04_22_11247_dig_segmented.png,0,4,22
22_47_09_11248_dig_lcd.png,22,47,9
08_02_49_11249_dig_segmented.png,8,2,49
07_37_43_11250_dig_simple.png,7,37,43
15_18_44_11251_dig_simple.png,15,18,44
22_40_44_11252_dig_segmented.png,22,40,44
14_43_52_11253_dig_lcd.png,14,43,52
14_15_34_11254_dig_simple.png,14,15,34
14_04_48_11255_dig_segmented.png,14,4,48
07_37_43_11256_dig_segmented.png,7,37,43
20_42_24_11257_dig_simple.png,20,42,24
00_51_44_11258_dig_segmented.png,0,51,44
00_04_03_11259_dig_simple.png,0,4,3
09_09_45_11260_dig_lcd.png,9,9,45
01_36_28_11261_dig_simple.png,1,36,28
12_03_47_11262_dig_lcd.png,12,3,47
21_22_59_11263_dig_lcd.png,21,22,59
11_02_54_11264_dig_lcd.png,11,2,54
18_38_25_11265_dig_lcd.png,18,38,25
10_06_39_11266_dig_simple.png,10,6,39
04_12_04_11267_dig_segmented.png,4,12,4
13_49_04_11268_dig_simple.png,13,49,4
15_02_01_11269_dig_lcd.png,15,2,1
09_43_20_11270_dig_simple.png,9,43,20
01_26_54_11271_dig_lcd.png,1,26,54
17_38_11_11272_dig_simple.png,17,38,11
06_43_35_11273_dig_simple.png,6,43,35
11_32_04_11274_dig_lcd.png,11,32,4
00_51_28_11275_dig_lcd.png,0,51,28
17_37_04_11276_dig_lcd.png,17,37,4
03_29_12_11277_dig_lcd.png,3,29,12
03_37_06_11278_dig_segmented.png,3,37,6
03_11_04_11279_dig_simple.png,3,11,4
08_56_12_11280_dig_simple.png,8,56,12
14_08_41_11281_dig_simple.png,14,8,41
13_45_41_11282_dig_segmented.png,13,45,41
00_20_08_11283_dig_segmented.png,0,20,8
16_59_01_11284_dig_lcd.png,16,59,1
18_12_37_11285_dig_segmented.png,18,12,37
00_32_38_11286_dig_simple.png,0,32,38
11_31_18_11287_dig_lcd.png,11,31,18
06_12_22_11288_dig_simple.png,6,12,22
16_44_25_11289_dig_segmented.png,16,44,25
23_44_31_11290_dig_lcd.png,23,44,31
03_05_48_11291_dig_lcd.png,3,5,48
19_06_18_11292_dig_simple.png,19,6,18
06_38_49_11293_dig_segmented.png,6,38,49
02_56_16_11294_dig_segmented.png,2,56,16
10_10_27_11295_dig_segmented.png,10,10,27
17_22_45_11296_dig_lcd.png,17,22,45
18_52_32_11297_dig_lcd.png,18,52,32
14_47_02_11298_dig_lcd.png,14,47,2
08_27_44_11299_dig_lcd.png,8,27,44
02_36_42_11300_dig_simple.png,2,36,42
13_37_42_11301_dig_lcd.png,13,37,42
17_35_38_11302_dig_segmented.png,17,35,38
14_10_37_11303_dig_simple.png,14,10,37
14_45_10_11304_dig_lcd.png,14,45,10
20_09_28_11305_dig_segmented.png,20,9,28
21_28_01_11306_dig_lcd.png,21,28,1
23_29_19_11307_dig_simple.png,23,29,19
00_08_23_11308_dig_lcd.png,0,8,23
03_42_31_11309_dig_simple.png,3,42,31
22_55_28_11310_dig_segmented.png,22,55,28
21_35_30_11311_dig_lcd.png,21,35,30
02_36_34_11312_dig_lcd.png,2,36,34
04_58_22_11313_dig_simple.png,4,58,22
01_12_27_11314_dig_segmented.png,1,12,27
03_05_38_11315_dig_simple.png,3,5,38
03_12_55_11316_dig_simple.png,3,12,55
04_26_31_11317_dig_segmented.png,4,26,31
06_28_54_11318_dig_lcd.png,6,28,54
09_31_45_11319_dig_lcd.png,9,31,45
18_08_34_11320_dig_segmented.png,18,8,34
16_17_10_11321_dig_lcd.png,16,17,10
22_10_28_11322_dig_lcd.png,22,10,28
14_13_24_11323_dig_lcd.png,14,13,24
00_13_06_11324_dig_lcd.png,0,13,6
09_24_56_11325_dig_segmented.png,9,24,56
18_12_37_11326_dig_simple.png,18,12,37
00_04_54_11327_dig_segmented.png,0,4,54
07_30_07_11328_dig_segmented.png,7,30,7
10_06_39_11329_dig_segmented.png,10,6,39
07_56_53_11330_dig_lcd.png,7,56,53
00_15_13_11331_dig_segmented.png,0,15,13
17_44_32_11332_dig_simple.png,17,44,32
21_34_02_11333_dig_segmented.png,21,34,2
15_37_34_11334_dig_lcd.png,15,37,34
03_12_53_11335_dig_segmented.png,3,12,53
21_11_07_11336_dig_simple.png,21,11,7
10_47_21_11337_dig_segmented.png,10,47,21
22_59_32_11338_dig_lcd.png,22,59,32
10_47_42_11339_dig_lcd.png,10,47,42
08_02_49_11340_dig_segmented.png,8,2,49
06_29_58_11341_dig_lcd.png,6,29,58
00_46_56_11342_dig_simple.png,0,46,56
09_12_03_11343_dig_simple.png,9,12,3
18_01_22_11344_dig_segmented.png,18,1,22
04_10_12_11345_dig_segmented.png,4,10,12
11_32_04_11346_dig_lcd.png,11,32,4
14_19_20_11347_dig_lcd.png,14,19,20
03_49_41_11348_dig_simple.png,3,49,41
12_53_11_11349_dig_lcd.png,12,53,11
00_51_28_11350_dig_segmented.png,0,51,28
17_44_32_11351_dig_simple.png,17,44,32
04_12_04_11352_dig_segmented.png,4,12,4
16_17_10_11353_dig_segmented.png,16,17,10
14_08_41_11354_dig_lcd.png,14,8,41
23_52_07_11355_dig_segmented.png,23,52,7
09_23_44_11356_dig_simple.png,9,23,44
23_29_19_11357_dig_simple.png,23,29,19
23_52_07_11358_dig_segmented.png,23,52,7
09_39_15_11359_dig_segmented.png,9,39,15
15_18_44_11360_dig_simple.png,15,18,44
00_32_38_11361_dig_lcd.png,0,32,38
05_27_42_11362_dig_segmented.png,5,27,42
06_16_08_11363_dig_lcd.png,6,16,8
17_37_04_11364_dig_simple.png,17,37,4
04_08_49_11365_dig_segmented.png,4,8,49
08_48_26_11366_dig_segmented.png,8,48,26
17_09_36_11367_dig_lcd.png,17,9,36
12_40_58_11368_dig_lcd.png,12,40,58
05_31_08_11369_dig_lcd.png,5,31,8
01_41_02_11370_dig_segmented.png,1,41,2
17_40_48_11371_dig_simple.png,17,40,48
14_45_10_11372_dig_lcd.png,14,45,10
21_17_20_11373_dig_simple.png,21,17,20
06_32_17_11374_dig_lcd.png,6,32,17
21_04_16_11375_dig_lcd.png,21,4,16
02_57_38_11376_dig_lcd.png,2,57,38
19_01_51_11377_dig_lcd.png,19,1,51
08_02_49_11378_dig_segmented.png,8,2,49
00_32_38_11379_dig_simple.png,0,32,38
14_42_57_11380_dig_simple.png,14,42,57
09_36_41_11381_dig_simple.png,9,36,41
07_35_06_11382_dig_simple.png,7,35,6
17_40_48_11383_dig_simple.png,17,40,48
15_41_24_11384_dig_simple.png,15,41,24
22_25_13_11385_dig_segmented.png,22,25,13
22_24_30_11386_dig_simple.png,22,24,30
14_28_31_11387_dig_segmented.png,14,28,31
06_21_06_11388_dig_segmented.png,6,21,6
00_13_06_11389_dig_segmented.png,0,13,6
09_09_45_11390_dig_simple.png,9,9,45
02_50_09_11391_dig_segmented.png,2,50,9
10_03_25_11392_dig_segmented.png,10,3,25
01_16_29_11393_dig_lcd.png,1,16,29
08_13_24_11394_dig_simple.png,8,13,24
14_03_12_11395_dig_simple.png,14,3,12
05_11_01_11396_dig_segmented.png,5,11,1
02_57_38_11397_dig_lcd.png,2,57,38
12_53_11_11398_dig_segmented.png,12,53,11
09_26_48_11399_dig_segmented.png,9,26,48
08_27_44_11400_dig_lcd.png,8,27,44
20_07_54_11401_dig_simple.png,20,7,54
23_44_31_11402_dig_simple.png,23,44,31
02_45_39_11403_dig_simple.png,2,45,39
17_40_48_11404_dig_simple.png,17,40,48
09_23_19_11405_dig_simple.png,9,23,19
11_50_35_11406_dig_segmented.png,11,50,35
20_07_54_11407_dig_lcd.png,20,7,54
12_19_40_11408_dig_segmented.png,12,19,40
04_26_43_11409_dig_segmented.png,4,26,43
02_53_31_11410_dig_segmented.png,2,53,31
23_46_00_11411_dig_simple.png,23,46,0
00_10_25_11412_dig_simple.png,0,10,25
06_43_48_11413_dig_simple.png,6,43,48
20_45_06_11414_dig_simple.png,20,45,6
16_47_14_11415_dig_lcd.png,16,47,14
12_34_14_11416_dig_simple.png,12,34,14
19_35_27_11417_dig_simple.png,19,35,27
00_51_44_11418_dig_segmented.png,0,51,44
06_38_49_11419_dig_simple.png,6,38,49
16_14_11_11420_dig_segmented.png,16,14,11
02_34_56_11421_dig_simple.png,2,34,56
00_46_56_11422_dig_lcd.png,0,46,56
00_18_33_11423_dig_simple.png,0,18,33
20_06_38_11424_dig_lcd.png,20,6,38
08_30_31_11425_dig_segmented.png,8,30,31
10_06_39_11426_dig_simple.png,10,6,39
03_11_04_11427_dig_segmented.png,3,11,4
02_34_16_11428_dig_simple.png,2,34,16
21_23_29_11429_dig_simple.png,21,23,29
11_19_24_11430_dig_simple.png,11,19,24
03_00_15_11431_dig_segmented.png,3,0,15
14_47_36_11432_dig_simple.png,14,47,36
21_40_52_11433_dig_simple.png,21,40,52
07_35_06_11434_dig_lcd.png,7,35,6
01_24_36_11435_dig_simple.png,1,24,36
19_06_18_11436_dig_lcd.png,19,6,18
19_54_10_11437_dig_simple.png,19,54,10
02_34_16_11438_dig_lcd.png,2,34,16
06_29_58_11439_dig_simple.png,6,29,58
19_12_53_11440_dig_simple.png,19,12,53
03_05_48_11441_dig_lcd.png,3,5,48
16_46_15_11442_dig_simple.png,16,46,15
22_59_32_11443_dig_lcd.png,22,59,32
05_13_37_11444_dig_simple.png,5,13,37
07_56_53_11445_dig_simple.png,7,56,53
02_34_16_11446_dig_segmented.png,2,34,16
06_21_06_11447_dig_segmented.png,6,21,6
02_50_55_11448_dig_lcd.png,2,50,55
08_48_26_11449_dig_simple.png,8,48,26
08_02_49_11450_dig_simple.png,8,2,49
04_37_14_11451_dig_lcd.png,4,37,14
13_38_53_11452_dig_simple.png,13,38,53
08_39_26_11453_dig_simple.png,8,39,26
06_12_22_11454_dig_lcd.png,6,12,22
22_32_24_11455_dig_simple.png,22,32,24
07_35_43_11456_dig_simple.png,7,35,43
23_49_28_11457_dig_simple.png,23,49,28
06_32_17_11458_dig_lcd.png,6,32,17
11_32_04_11459_dig_segmented.png,11,32,4
05_53_15_11460_dig_lcd.png,5,53,15
00_16_19_11461_dig_simple.png,0,16,19
00_18_33_11462_dig_simple.png,0,18,33
05_27_32_11463_dig_segmented.png,5,27,32
22_25_13_11464_dig_segmented.png,22,25,13
10_52_44_11465_dig_segmented.png,10,52,44
05_11_01_11466_dig_segmented.png,5,11,1
04_16_32_11467_dig_simple.png,4,16,32
13_16_06_11468_dig_lcd.png,13,16,6
13_38_53_11469_dig_lcd.png,13,38,53
03_48_59_11470_dig_lcd.png,3,48,59
21_22_59_11471_dig_simple.png,21,22,59
17_50_47_11472_dig_simple.png,17,50,47
13_01_42_11473_dig_lcd.png,13,1,42
11_30_47_11474_dig_simple.png,11,30,47
01_36_28_11475_dig_simple.png,1,36,28
00_31_55_11476_dig_simple.png,0,31,55
23_05_20_11477_dig_simple.png,23,5,20
15_27_41_11478_dig_simple.png,15,27,41
14_29_52_11479_dig_simple.png,14,29,52
21_40_52_11480_dig_segmented.png,21,40,52
11_14_45_11481_dig_lcd.png,11,14,45
21_40_52_11482_dig_segmented.png,21,40,52
14_55_35_11483_dig_simple.png,14,55,35
05_55_57_11484_dig_simple.png,5,55,57
20_42_24_11485_dig_lcd.png,20,42,24
08_47_59_11486_dig_lcd.png,8,47,59
08_37_16_11487_dig_segmented.png,8,37,16
02_36_34_11488_dig_lcd.png,2,36,34
08_59_56_11489_dig_lcd.png,8,59,56
22_47_17_11490_dig_lcd.png,22,47,17
00_10_25_11491_dig_segmented.png,0,10,25
06_55_06_11492_dig_simple.png,6,55,6
23_42_19_11493_dig_simple.png,23,42,19
16_07_21_11494_dig_simple.png,16,7,21
16_44_25_11495_dig_lcd.png,16,44,25
06_48_03_11496_dig_lcd.png,6,48,3
03_00_15_11497_dig_segmented.png,3,0,15
05_23_16_11498_dig_lcd.png,5,23,16
04_08_49_11499_dig_lcd.png,4,8,49
14_32_15_11500_dig_segmented.png,14,32,15
21_11_07_11501_dig_segmented.png,21,11,7
12_29_08_11502_dig_lcd.png,12,29,8
13_42_00_11503_dig_simple.png,13,42,0
01_09_35_11504_dig_lcd.png,1,9,35
09_12_03_11505_dig_segmented.png,9,12,3
07_35_06_11506_dig_simple.png,7,35,6
03_18_42_11507_dig_lcd.png,3,18,42
08_47_59_11508_dig_simple.png,8,47,59
10_25_14_11509_dig_segmented.png,10,25,14
06_48_42_11510_dig_segmented.png,6,48,42
13_37_42_11511_dig_lcd.png,13,37,42
12_00_17_11512_dig_simple.png,12,0,17
14_45_10_11513_dig_lcd.png,14,45,10
20_32_18_11514_dig_segmented.png,20,32,18
18_25_47_11515_dig_lcd.png,18,25,47
12_34_14_11516_dig_lcd.png,12,34,14
11_32_04_11517_dig_lcd.png,11,32,4
12_31_05_11518_dig_lcd.png,12,31,5
10_15_33_11519_dig_simple.png,10,15,33
00_51_44_11520_dig_segmented.png,0,51,44
22_10_28_11521_dig_segmented.png,22,10,28
17_09_36_11522_dig_segmented.png,17,9,36
21_13_47_11523_dig_simple.png,21,13,47
05_27_42_11524_dig_segmented.png,5,27,42
16_17_10_11525_dig_simple.png,16,17,10
14_42_57_11526_dig_simple.png,14,42,57
03_29_12_11527_dig_lcd.png,3,29,12
09_12_03_11528_dig_simple.png,9,12,3
14_10_37_11529_dig_segmented.png,14,10,37
23_49_05_11530_dig_lcd.png,23,49,5
01_36_28_11531_dig_lcd.png,1,36,28
13_33_01_11532_dig_segmented.png,13,33,1
10_47_21_11533_dig_lcd.png,10,47,21
18_25_47_11534_dig_segmented.png,18,25,47
10_47_21_11535_dig_lcd.png,10,47,21
02_50_09_11536_dig_lcd.png,2,50,9
17_09_36_11537_dig_lcd.png,17,9,36
17_46_41_11538_dig_simple.png,17,46,41
19_35_27_11539_dig_segmented.png,19,35,27
08_27_44_11540_dig_lcd.png,8,27,44
00_13_06_11541_dig_simple.png,0,13,6
09_47_10_11542_dig_lcd.png,9,47,10
14_42_57_11543_dig_segmented.png,14,42,57
01_26_54_11544_dig_segmented.png,1,26,54
22_59_32_11545_dig_segmented.png,22,59,32
14_50_52_11546_dig_lcd.png,14,50,52
12_49_52_11547_dig_simple.png,12,49,52
02_16_00_11548_dig_segmented.png,2,16,0
00_46_56_11549_dig_simple.png,0,46,56
04_26_43_11550_dig_segmented.png,4,26,43
19_07_46_11551_dig_lcd.png,19,7,46
07_19_24_11552_dig_segmented.png,7,19,24
02_25_38_11553_dig_segmented.png,2,25,38
21_23_29_11554_dig_segmented.png,21,23,29
23_05_22_11555_dig_segmented.png,23,5,22
01_09_35_11556_dig_lcd.png,1,9,35
01_40_27_11557_dig_lcd.png,1,40,27
05_27_32_11558_dig_simple.png,5,27,32
00_04_54_11559_dig_segmented.png,0,4,54
21_47_17_11560_dig_lcd.png,21,47,17
06_32_17_11561_dig_segmented.png,6,32,17
20_19_30_11562_dig_lcd.png,20,19,30
18_50_41_11563_dig_simple.png,18,50,41
04_22_09_11564_dig_simple.png,4,22,9
12_34_14_11565_dig_segmented.png,12,34,14
10_15_33_11566_dig_segmented.png,10,15,33
21_28_01_11567_dig_lcd.png,21,28,1
08_50_39_11568_dig_segmented.png,8,50,39
07_14_16_11569_dig_segmented.png,7,14,16
21_15_10_11570_dig_lcd.png,21,15,10
17_33_59_11571_dig_lcd.png,17,33,59
00_51_14_11572_dig_simple.png,0,51,14
00_08_23_11573_dig_lcd.png,0,8,23
16_44_25_11574_dig_simple.png,16,44,25
11_34_46_11575_dig_lcd.png,11,34,46
03_00_15_11576_dig_segmented.png,3,0,15
03_00_15_11577_dig_simple.png,3,0,15
09_47_10_11578_dig_simple.png,9,47,10
19_07_46_11579_dig_lcd.png,19,7,46
14_45_10_11580_dig_lcd.png,14,45,10
11_22_48_11581_dig_simple.png,11,22,48
06_55_06_11582_dig_segmented.png,6,55,6
05_53_20_11583_dig_simple.png,5,53,20
18_18_12_11584_dig_segmented.png,18,18,12
23_05_22_11585_dig_segmented.png,23,5,22
01_41_10_11586_dig_segmented.png,1,41,10
11_14_45_11587_dig_segmented.png,11,14,45
23_05_22_11588_dig_lcd.png,23,5,22
16_35_38_11589_dig_simple.png,16,35,38
10_32_29_11590_dig_segmented.png,10,32,29
08_37_16_11591_dig_lcd.png,8,37,16
11_36_55_11592_dig_simple.png,11,36,55
03_12_53_11593_dig_segmented.png,3,12,53
14_04_48_11594_dig_simple.png,14,4,48
03_05_38_11595_dig_segmented.png,3,5,38
06_32_17_11596_dig_simple.png,6,32,17
13_52_55_11597_dig_simple.png,13,52,55
05_06_46_11598_dig_simple.png,5,6,46
00_20_08_11599_dig_simple.png,0,20,8
09_09_45_11600_dig_lcd.png,9,9,45
12_24_07_11601_dig_lcd.png,12,24,7
14_47_36_11602_dig_segmented.png,14,47,36
13_59_19_11603_dig_lcd.png,13,59,19
10_32_29_11604_dig_segmented.png,10,32,29
04_37_14_11605_dig_segmented.png,4,37,14
14_47_02_11606_dig_segmented.png,14,47,2
14_55_35_11607_dig_lcd.png,14,55,35
18_18_12_11608_dig_lcd.png,18,18,12
14_53_37_11609_dig_lcd.png,14,53,37
15_31_23_11610_dig_lcd.png,15,31,23
20_09_28_11611_dig_simple.png,20,9,28
20_55_15_11612_dig_simple.png,20,55,15
15_31_23_11613_dig_lcd.png,15,31,23
09_09_45_11614_dig_lcd.png,9,9,45
17_22_45_11615_dig_simple.png,17,22,45
19_26_00_11616_dig_lcd.png,19,26,0
22_12_38_11617_dig_simple.png,22,12,38
09_24_56_11618_dig_lcd.png,9,24,56
14_42_57_11619_dig_segmented.png,14,42,57
00_04_54_11620_dig_lcd.png,0,4,54
04_26_31_11621_dig_simple.png,4,26,31
21_37_43_11622_dig_simple.png,21,37,43
09_36_41_11623_dig_lcd.png,9,36,41
06_37_18_11624_dig_segmented.png,6,37,18
02_04_41_11625_dig_simple.png,2,4,41
20_45_07_11626_dig_lcd.png,20,45,7
05_27_32_11627_dig_simple.png,5,27,32
12_40_58_11628_dig_simple.png,12,40,58
09_26_48_11629_dig_segmented.png,9,26,48
19_07_46_11630_dig_segmented.png,19,7,46
00_51_14_11631_dig_lcd.png,0,51,14
11_14_45_11632_dig_segmented.png,11,14,45
11_32_04_11633_dig_simple.png,11,32,4
10_08_36_11634_dig_lcd.png,10,8,36
00_31_55_11635_dig_lcd.png,0,31,55
05_03_00_11636_dig_segmented.png,5,3,0
17_40_48_11637_dig_lcd.png,17,40,48
18_38_25_11638_dig_lcd.png,18,38,25
07_31_35_11639_dig_simple.png,7,31,35
14_50_52_11640_dig_lcd.png,14,50,52
19_19_22_11641_dig_segmented.png,19,19,22
15_16_17_11642_dig_lcd.png,15,16,17
10_47_42_11643_dig_simple.png,10,47,42
19_04_46_11644_dig_simple.png,19,4,46
12_08_40_11645_dig_simple.png,12,8,40
07_04_02_11646_dig_lcd.png,7,4,2
23_49_49_11647_dig_simple.png,23,49,49
20_32_18_11648_dig_simple.png,20,32,18
21_40_08_11649_dig_simple.png,21,40,8
14_10_37_11650_dig_segmented.png,14,10,37
08_01_35_11651_dig_segmented.png,8,1,35
00_04_54_11652_dig_simple.png,0,4,54
14_15_34_11653_dig_simple.png,14,15,34
20_32_18_11654_dig_segmented.png,20,32,18
02_50_09_11655_dig_segmented.png,2,50,9
17_38_11_11656_dig_segmented.png,17,38,11
18_18_12_11657_dig_simple.png,18,18,12
16_43_44_11658_dig_lcd.png,16,43,44
02_34_16_11659_dig_lcd.png,2,34,16
20_55_15_11660_dig_lcd.png,20,55,15
02_45_39_11661_dig_lcd.png,2,45,39
00_04_03_11662_dig_simple.png,0,4,3
04_22_09_11663_dig_segmented.png,4,22,9
15_41_24_11664_dig_segmented.png,15,41,24
12_29_08_11665_dig_lcd.png,12,29,8
15_14_33_11666_dig_segmented.png,15,14,33
12_00_17_11667_dig_simple.png,12,0,17
19_06_18_11668_dig_lcd.png,19,6,18
20_09_28_11669_dig_simple.png,20,9,28
00_18_33_11670_dig_lcd.png,0,18,33
08_48_26_11671_dig_lcd.png,8,48,26
15_27_41_11672_dig_simple.png,15,27,41
18_08_34_11673_dig_lcd.png,18,8,34
03_05_48_11674_dig_simple.png,3,5,48
15_49_16_11675_dig_simple.png,15,49,16
00_51_44_11676_dig_lcd.png,0,51,44
20_35_14_11677_dig_lcd.png,20,35,14
14_57_18_11678_dig_segmented.png,14,57,18
13_12_20_11679_dig_lcd.png,13,12,20
13_39_44_11680_dig_lcd.png,13,39,44
10_36_47_11681_dig_lcd.png,10,36,47
08_47_59_11682_dig_segmented.png,8,47,59
11_02_54_11683_dig_lcd.png,11,2,54
00_10_25_11684_dig_simple.png,0,10,25
18_28_43_11685_dig_segmented.png,18,28,43
13_16_06_11686_dig_lcd.png,13,16,6
05_34_09_11687_dig_simple.png,5,34,9
05_11_01_11688_dig_segmented.png,5,11,1
11_14_45_11689_dig_simple.png,11,14,45
09_57_20_11690_dig_segmented.png,9,57,20
09_26_48_11691_dig_segmented.png,9,26,48
04_33_29_11692_dig_simple.png,4,33,29
21_40_52_11693_dig_segmented.png,21,40,52
03_18_42_11694_dig_simple.png,3,18,42
21_13_47_11695_dig_lcd.png,21,13,47
17_44_32_11696_dig_segmented.png,17,44,32
03_12_35_11697_dig_segmented.png,3,12,35
02_52_52_11698_dig_simple.png,2,52,52
09_23_44_11699_dig_simple.png,9,23,44
17_40_28_11700_dig_lcd.png,17,40,28
15_18_44_11701_dig_simple.png,15,18,44
20_45_07_11702_dig_lcd.png,20,45,7
11_34_46_11703_dig_lcd.png,11,34,46
01_56_19_11704_dig_lcd.png,1,56,19
16_44_25_11705_dig_segmented.png,16,44,25
08_56_12_11706_dig_segmented.png,8,56,12
17_50_47_11707_dig_simple.png,17,50,47
15_49_16_11708_dig_simple.png,15,49,16
15_37_34_11709_dig_lcd.png,15,37,34
11_22_48_11710_dig_simple.png,11,22,48
17_40_28_11711_dig_segmented.png,17,40,28
19_35_27_11712_dig_segmented.png,19,35,27
13_16_06_11713_dig_lcd.png,13,16,6
03_47_17_11714_dig_simple.png,3,47,17
19_04_18_11715_dig_simple.png,19,4,18
16_43_44_11716_dig_simple.png,16,43,44
22_36_21_11717_dig_lcd.png,22,36,21
17_37_04_11718_dig_segmented.png,17,37,4
02_25_38_11719_dig_segmented.png,2,25,38
14_29_52_11720_dig_simple.png,14,29,52
03_42_31_11721_dig_simple.png,3,42,31
00_04_54_11722_dig_lcd.png,0,4,54
22_10_28_11723_dig_simple.png,22,10,28
01_16_29_11724_dig_simple.png,1,16,29
13_42_00_11725_dig_segmented.png,13,42,0
03_21_56_11726_dig_lcd.png,3,21,56
08_02_49_11727_dig_segmented.png,8,2,49
05_23_16_11728_dig_simple.png,5,23,16
08_30_31_11729_dig_segmented.png,8,30,31
00_16_19_11730_dig_lcd.png,0,16,19
12_29_08_11731_dig_simple.png,12,29,8
12_08_40_11732_dig_simple.png,12,8,40
17_55_33_11733_dig_segmented.png,17,55,33
13_01_42_11734_dig_simple.png,13,1,42
20_45_06_11735_dig_lcd.png,20,45,6
05_21_54_11736_dig_simple.png,5,21,54
05_21_54_11737_dig_lcd.png,5,21,54
21_18_02_11738_dig_segmented.png,21,18,2
04_58_22_11739_dig_simple.png,4,58,22
15_18_44_11740_dig_segmented.png,15,18,44
21_40_52_11741_dig_lcd.png,21,40,52
19_06_18_11742_dig_segmented.png,19,6,18
14_50_52_11743_dig_lcd.png,14,50,52
14_42_57_11744_dig_segmented.png,14,42,57
02_56_16_11745_dig_simple.png,2,56,16
09_18_05_11746_dig_simple.png,9,18,5
12_53_11_11747_dig_segmented.png,12,53,11
02_51_15_11748_dig_segmented.png,2,51,15
01_16_29_11749_dig_simple.png,1,16,29
11_14_45_11750_dig_segmented.png,11,14,45
15_02_01_11751_dig_simple.png,15,2,1
14_10_37_11752_dig_lcd.png,14,10,37
21_40_08_11753_dig_segmented.png,21,40,8
04_46_20_11754_dig_segmented.png,4,46,20
20_35_14_11755_dig_simple.png,20,35,14
08_37_16_11756_dig_segmented.png,8,37,16
19_54_10_11757_dig_segmented.png,19,54,10
14_15_51_11758_dig_simple.png,14,15,51
19_31_41_11759_dig_segmented.png,19,31,41
13_33_01_11760_dig_segmented.png,13,33,1
01_12_27_11761_dig_simple.png,1,12,27
23_05_22_11762_dig_segmented.png,23,5,22
19_12_53_11763_dig_lcd.png,19,12,53
20_06_38_11764_dig_simple.png,20,6,38
14_54_40_11765_dig_simple.png,14,54,40
18_18_23_11766_dig_simple.png,18,18,23
10_36_47_11767_dig_lcd.png,10,36,47
07_04_02_11768_dig_segmented.png,7,4,2
00_37_50_11769_dig_simple.png,0,37,50
13_33_01_11770_dig_simple.png,13,33,1
14_54_40_11771_dig_simple.png,14,54,40
03_37_06_11772_dig_lcd.png,3,37,6
23_39_48_11773_dig_segmented.png,23,39,48
12_13_30_11774_dig_simple.png,12,13,30
16_07_21_11775_dig_lcd.png,16,7,21
13_41_26_11776_dig_simple.png,13,41,26
18_40_32_11777_dig_segmented.png,18,40,32
09_36_41_11778_dig_segmented.png,9,36,41
14_43_52_11779_dig_lcd.png,14,43,52
13_12_20_11780_dig_lcd.png,13,12,20
15_41_24_11781_dig_lcd.png,15,41,24
14_55_35_11782_dig_segmented.png,14,55,35
08_14_00_11783_dig_lcd.png,8,14,0
08_27_22_11784_dig_segmented.png,8,27,22
23_04_31_11785_dig_simple.png,23,4,31
08_01_35_11786_dig_lcd.png,8,1,35
02_55_46_11787_dig_lcd.png,2,55,46
23_05_20_11788_dig_segmented.png,23,5,20
03_06_14_11789_dig_simple.png,3,6,14
07_14_16_11790_dig_lcd.png,7,14,16
12_29_08_11791_dig_segmented.png,12,29,8
02_53_31_11792_dig_simple.png,2,53,31
14_43_52_11793_dig_lcd.png,14,43,52
03_18_42_11794_dig_lcd.png,3,18,42
21_28_01_11795_dig_simple.png,21,28,1
14_11_50_11796_dig_lcd.png,14,11,50
14_54_40_11797_dig_simple.png,14,54,40
19_35_27_11798_dig_simple.png,19,35,27
09_57_20_11799_dig_simple.png,9,57,20
16_35_38_11800_dig_segmented.png,16,35,38
06_43_48_11801_dig_lcd.png,6,43,48
14_08_41_11802_dig_lcd.png,14,8,41
07_01_36_11803_dig_simple.png,7,1,36
09_42_38_11804_dig_lcd.png,9,42,38
16_17_10_11805_dig_segmented.png,16,17,10
11_03_25_11806_dig_segmented.png,11,3,25
21_40_08_11807_dig_lcd.png,21,40,8
03_52_44_11808_dig_simple.png,3,52,44
03_48_59_11809_dig_lcd.png,3,48,59
23_04_31_11810_dig_simple.png,23,4,31
19_26_00_11811_dig_simple.png,19,26,0
13_59_19_11812_dig_lcd.png,13,59,19
08_59_56_11813_dig_simple.png,8,59,56
15_03_16_11814_dig_segmented.png,15,3,16
12_49_52_11815_dig_lcd.png,12,49,52
23_46_00_11816_dig_segmented.png,23,46,0
17_33_59_11817_dig_lcd.png,17,33,59
11_27_45_11818_dig_segmented.png,11,27,45
13_42_00_11819_dig_simple.png,13,42,0
16_43_44_11820_dig_simple.png,16,43,44
23_39_48_11821_dig_lcd.png,23,39,48
09_42_38_11822_dig_segmented.png,9,42,38
02_45_39_11823_dig_lcd.png,2,45,39
11_14_45_11824_dig_lcd.png,11,14,45
01_09_35_11825_dig_simple.png,1,9,35
14_43_52_11826_dig_lcd.png,14,43,52
08_27_44_11827_dig_segmented.png,8,27,44
18_40_32_11828_dig_lcd.png,18,40,32
17_44_32_11829_dig_lcd.png,17,44,32
09_43_20_11830_dig_lcd.png,9,43,20
12_55_37_11831_dig_segmented.png,12,55,37
14_11_40_11832_dig_lcd.png,14,11,40
09_47_10_11833_dig_simple.png,9,47,10
14_53_37_11834_dig_segmented.png,14,53,37
17_55_33_11835_dig_lcd.png,17,55,33
13_39_44_11836_dig_simple.png,13,39,44
22_57_39_11837_dig_lcd.png,22,57,39
11_32_04_11838_dig_simple.png,11,32,4
02_36_30_11839_dig_lcd.png,2,36,30
12_15_41_11840_dig_segmented.png,12,15,41
12_03_47_11841_dig_segmented.png,12,3,47
02_51_15_11842_dig_simple.png,2,51,15
16_59_01_11843_dig_simple.png,16,59,1
00_51_44_11844_dig_lcd.png,0,51,44
17_55_33_11845_dig_simple.png,17,55,33
23_05_22_11846_dig_segmented.png,23,5,22
17_50_47_11847_dig_lcd.png,17,50,47
02_51_15_11848_dig_simple.png,2,51,15
12_55_50_11849_dig_segmented.png,12,55,50
01_59_20_11850_dig_lcd.png,1,59,20
16_24_47_11851_dig_simple.png,16,24,47
08_22_04_11852_dig_lcd.png,8,22,4
05_34_09_11853_dig_lcd.png,5,34,9
17_50_47_11854_dig_lcd.png,17,50,47
07_44_16_11855_dig_lcd.png,7,44,16
18_08_34_11856_dig_segmented.png,18,8,34
16_46_15_11857_dig_simple.png,16,46,15
21_18_02_11858_dig_segmented.png,21,18,2
17_14_56_11859_dig_segmented.png,17,14,56
23_52_07_11860_dig_simple.png,23,52,7
01_47_06_11861_dig_simple.png,1,47,6
04_26_31_11862_dig_segmented.png,4,26,31
22_06_19_11863_dig_segmented.png,22,6,19
12_53_11_11864_dig_lcd.png,12,53,11
11_19_58_11865_dig_simple.png,11,19,58
21_47_17_11866_dig_lcd.png,21,47,17
23_49_28_11867_dig_segmented.png,23,49,28
20_32_18_11868_dig_segmented.png,20,32,18
00_04_03_11869_dig_simple.png,0,4,3
06_43_48_11870_dig_simple.png,6,43,48
12_13_30_11871_dig_lcd.png,12,13,30
05_39_33_11872_dig_simple.png,5,39,33
00_28_30_11873_dig_simple.png,0,28,30
14_50_52_11874_dig_simple.png,14,50,52
18_08_34_11875_dig_lcd.png,18,8,34
19_04_46_11876_dig_lcd.png,19,4,46
00_10_25_11877_dig_simple.png,0,10,25
11_34_46_11878_dig_lcd.png,11,34,46
08_21_19_11879_dig_lcd.png,8,21,19
13_33_01_11880_dig_simple.png,13,33,1
17_50_47_11881_dig_simple.png,17,50,47
15_49_16_11882_dig_segmented.png,15,49,16
22_10_28_11883_dig_segmented.png,22,10,28
16_24_47_11884_dig_lcd.png,16,24,47
03_17_00_11885_dig_simple.png,3,17,0
09_57_20_11886_dig_lcd.png,9,57,20
01_59_20_11887_dig_simple.png,1,59,20
06_48_42_11888_dig_simple.png,6,48,42
22_51_43_11889_dig_lcd.png,22,51,43
06_28_54_11890_dig_simple.png,6,28,54
09_26_48_11891_dig_simple.png,9,26,48
09_47_10_11892_dig_simple.png,9,47,10
10_59_06_11893_dig_segmented.png,10,59,6
00_51_44_11894_dig_lcd.png,0,51,44
16_14_11_11895_dig_lcd.png,16,14,11
23_05_22_11896_dig_lcd.png,23,5,22
12_55_50_11897_dig_lcd.png,12,55,50
01_26_54_11898_dig_simple.png,1,26,54
15_58_20_11899_dig_simple.png,15,58,20
19_04_46_11900_dig_segmented.png,19,4,46
23_54_03_11901_dig_segmented.png,23,54,3
10_32_29_11902_dig_lcd.png,10,32,29
17_51_55_11903_dig_segmented.png,17,51,55
10_47_42_11904_dig_lcd.png,10,47,42
04_26_31_11905_dig_lcd.png,4,26,31
00_15_13_11906_dig_segmented.png,0,15,13
08_39_26_11907_dig_lcd.png,8,39,26
02_54_31_11908_dig_segmented.png,2,54,31
07_56_53_11909_dig_segmented.png,7,56,53
12_24_07_11910_dig_simple.png,12,24,7
15_03_16_11911_dig_simple.png,15,3,16
18_09_10_11912_dig_lcd.png,18,9,10
03_49_41_11913_dig_simple.png,3,49,41
00_04_54_11914_dig_lcd.png,0,4,54
18_08_34_11915_dig_lcd.png,18,8,34
11_40_21_11916_dig_lcd.png,11,40,21
18_28_43_11917_dig_segmented.png,18,28,43
02_50_55_11918_dig_segmented.png,2,50,55
21_11_07_11919_dig_lcd.png,21,11,7
13_41_26_11920_dig_simple.png,13,41,26
05_27_42_11921_dig_simple.png,5,27,42
00_39_41_11922_dig_segmented.png,0,39,41
10_47_21_11923_dig_simple.png,10,47,21
09_04_24_11924_dig_segmented.png,9,4,24
15_58_20_11925_dig_simple.png,15,58,20
03_12_53_11926_dig_segmented.png,3,12,53
23_42_19_11927_dig_segmented.png,23,42,19
00_04_22_11928_dig_lcd.png,0,4,22
15_14_08_11929_dig_segmented.png,15,14,8
22_51_43_11930_dig_simple.png,22,51,43
05_11_01_11931_dig_simple.png,5,11,1
04_37_14_11932_dig_segmented.png,4,37,14
01_56_19_11933_dig_simple.png,1,56,19
02_50_55_11934_dig_segmented.png,2,50,55
17_44_32_11935_dig_lcd.png,17,44,32
14_54_40_11936_dig_simple.png,14,54,40
04_26_31_11937_dig_segmented.png,4,26,31
19_01_51_11938_dig_segmented.png,19,1,51
11_14_45_11939_dig_segmented.png,11,14,45
10_06_39_11940_dig_simple.png,10,6,39
18_15_12_11941_dig_segmented.png,18,15,12
00_08_23_11942_dig_lcd.png,0,8,23
14_11_40_11943_dig_segmented.png,14,11,40
18_12_37_11944_dig_simple.png,18,12,37
12_21_40_11945_dig_lcd.png,12,21,40
01_12_27_11946_dig_lcd.png,1,12,27
12_55_50_11947_dig_lcd.png,12,55,50
08_02_49_11948_dig_lcd.png,8,2,49
19_19_22_11949_dig_segmented.png,19,19,22
04_58_22_11950_dig_simple.png,4,58,22
13_01_42_11951_dig_simple.png,13,1,42
02_52_52_11952_dig_segmented.png,2,52,52
21_04_16_11953_dig_segmented.png,21,4,16
07_53_31_11954_dig_segmented.png,7,53,31
00_16_19_11955_dig_lcd.png,0,16,19
16_17_10_11956_dig_simple.png,16,17,10
18_50_41_11957_dig_simple.png,18,50,41
05_23_16_11958_dig_segmented.png,5,23,16
02_36_30_11959_dig_segmented.png,2,36,30
12_08_40_11960_dig_lcd.png,12,8,40
17_38_11_11961_dig_simple.png,17,38,11
16_52_36_11962_dig_segmented.png,16,52,36
02_57_38_11963_dig_simple.png,2,57,38
07_53_31_11964_dig_segmented.png,7,53,31
19_01_51_11965_dig_segmented.png,19,1,51
21_23_29_11966_dig_segmented.png,21,23,29
23_42_19_11967_dig_lcd.png,23,42,19
16_28_50_11968_dig_segmented.png,16,28,50
21_42_27_11969_dig_segmented.png,21,42,27
19_12_53_11970_dig_segmented.png,19,12,53
12_40_58_11971_dig_simple.png,12,40,58
23_39_48_11972_dig_lcd.png,23,39,48
00_37_50_11973_dig_lcd.png,0,37,50
18_09_10_11974_dig_segmented.png,18,9,10
04_10_12_11975_dig_simple.png,4,10,12
21_47_17_11976_dig_segmented.png,21,47,17
15_27_41_11977_dig_segmented.png,15,27,41
04_46_20_11978_dig_segmented.png,4,46,20
04_33_29_11979_dig_simple.png,4,33,29
17_02_42_11980_dig_lcd.png,17,2,42
02_51_15_11981_dig_lcd.png,2,51,15
11_27_45_11982_dig_segmented.png,11,27,45
10_47_42_11983_dig_segmented.png,10,47,42
17_09_36_11984_dig_segmented.png,17,9,36
01_56_19_11985_dig_segmented.png,1,56,19
09_36_41_11986_dig_lcd.png,9,36,41
16_44_25_11987_dig_simple.png,16,44,25
01_41_10_11988_dig_segmented.png,1,41,10
14_55_35_11989_dig_lcd.png,14,55,35
11_30_47_11990_dig_simple.png,11,30,47
09_14_11_11991_dig_simple.png,9,14,11
03_52_44_11992_dig_segmented.png,3,52,44
06_37_18_11993_dig_lcd.png,6,37,18
23_52_07_11994_dig_simple.png,23,52,7
02_50_09_11995_dig_lcd.png,2,50,9
14_55_35_11996_dig_segmented.png,14,55,35
07_04_02_11997_dig_lcd.png,7,4,2
20_58_06_11998_dig_lcd.png,20,58,6
14_03_12_11999_dig_segmented.png,14,3,12
17_50_47_12000_dig_segmented.png,17,50,47
07_44_16_12001_dig_segmented.png,7,44,16
14_03_12_12002_dig_simple.png,14,3,12
09_43_20_12003_dig_lcd.png,9,43,20
21_11_07_12004_dig_simple.png,21,11,7
14_19_20_12005_dig_segmented.png,14,19,20
04_04_05_12006_dig_lcd.png,4,4,5
02_36_34_12007_dig_lcd.png,2,36,34
15_58_20_12008_dig_segmented.png,15,58,20
04_12_04_12009_dig_segmented.png,4,12,4
03_48_59_12010_dig_lcd.png,3,48,59
16_17_10_12011_dig_simple.png,16,17,10
05_39_33_12012_dig_lcd.png,5,39,33
01_47_06_12013_dig_segmented.png,1,47,6
13_16_06_12014_dig_segmented.png,13,16,6
08_02_49_12015_dig_segmented.png,8,2,49
08_59_56_12016_dig_simple.png,8,59,56
20_54_43_12017_dig_segmented.png,20,54,43
02_34_56_12018_dig_lcd.png,2,34,56
08_30_31_12019_dig_simple.png,8,30,31
21_22_59_12020_dig_simple.png,21,22,59
22_47_09_12021_dig_segmented.png,22,47,9
14_29_52_12022_dig_lcd.png,14,29,52
14_11_50_12023_dig_simple.png,14,11,50
11_31_18_12024_dig_segmented.png,11,31,18
16_43_44_12025_dig_segmented.png,16,43,44
22_55_28_12026_dig_lcd.png,22,55,28
09_11_53_12027_dig_segmented.png,9,11,53
14_54_40_12028_dig_segmented.png,14,54,40
00_51_14_12029_dig_lcd.png,0,51,14
07_53_31_12030_dig_segmented.png,7,53,31
05_42_51_12031_dig_lcd.png,5,42,51
00_39_41_12032_dig_lcd.png,0,39,41
23_49_49_12033_dig_segmented.png,23,49,49
08_02_49_12034_dig_segmented.png,8,2,49
11_31_18_12035_dig_segmented.png,11,31,18
00_32_38_12036_dig_lcd.png,0,32,38
09_24_56_12037_dig_lcd.png,9,24,56
21_04_16_12038_dig_segmented.png,21,4,16
00_13_06_12039_dig_lcd.png,0,13,6
00_33_25_12040_dig_segmented.png,0,33,25
03_11_04_12041_dig_simple.png,3,11,4
19_04_46_12042_dig_segmented.png,19,4,46
23_52_13_12043_dig_simple.png,23,52,13
02_55_46_12044_dig_segmented.png,2,55,46
12_55_50_12045_dig_lcd.png,12,55,50
06_33_33_12046_dig_lcd.png,6,33,33
11_02_54_12047_dig_lcd.png,11,2,54
23_49_28_12048_dig_simple.png,23,49,28
16_59_01_12049_dig_segmented.png,16,59,1
00_15_13_12050_dig_simple.png,0,15,13
02_45_39_12051_dig_lcd.png,2,45,39
18_38_08_12052_dig_segmented.png,18,38,8
16_04_31_12053_dig_segmented.png,16,4,31
12_21_40_12054_dig_segmented.png,12,21,40
08_36_49_12055_dig_segmented.png,8,36,49
04_04_05_12056_dig_lcd.png,4,4,5
22_47_17_12057_dig_segmented.png,22,47,17
13_38_53_12058_dig_simple.png,13,38,53
02_51_15_12059_dig_lcd.png,2,51,15
05_34_09_12060_dig_lcd.png,5,34,9
19_05_53_12061_dig_lcd.png,19,5,53
02_34_16_12062_dig_lcd.png,2,34,16
00_32_38_12063_dig_segmented.png,0,32,38
16_17_10_12064_dig_simple.png,16,17,10
12_12_47_12065_dig_lcd.png,12,12,47
18_08_34_12066_dig_lcd.png,18,8,34
03_12_53_12067_dig_simple.png,3,12,53
09_14_11_12068_dig_lcd.png,9,14,11
09_42_38_12069_dig_segmented.png,9,42,38
01_26_54_12070_dig_lcd.png,1,26,54
02_36_34_12071_dig_lcd.png,2,36,34
16_17_10_12072_dig_simple.png,16,17,10
14_08_41_12073_dig_lcd.png,14,8,41
18_45_16_12074_dig_lcd.png,18,45,16
13_38_53_12075_dig_simple.png,13,38,53
16_59_01_12076_dig_lcd.png,16,59,1
11_34_46_12077_dig_segmented.png,11,34,46
14_03_12_12078_dig_lcd.png,14,3,12
15_14_33_12079_dig_lcd.png,15,14,33
19_10_04_12080_dig_simple.png,19,10,4
06_12_22_12081_dig_lcd.png,6,12,22
18_18_12_12082_dig_segmented.png,18,18,12
19_12_53_12083_dig_segmented.png,19,12,53
17_14_56_12084_dig_segmented.png,17,14,56
09_20_39_12085_dig_segmented.png,9,20,39
16_28_50_12086_dig_simple.png,16,28,50
01_12_27_12087_dig_segmented.png,1,12,27
18_08_34_12088_dig_lcd.png,18,8,34
23_29_19_12089_dig_segmented.png,23,29,19
19_19_22_12090_dig_lcd.png,19,19,22
11_22_48_12091_dig_segmented.png,11,22,48
22_59_32_12092_dig_segmented.png,22,59,32
00_46_56_12093_dig_segmented.png,0,46,56
20_35_14_12094_dig_segmented.png,20,35,14
12_49_52_12095_dig_segmented.png,12,49,52
05_55_57_12096_dig_simple.png,5,55,57
13_45_41_12097_dig_lcd.png,13,45,41
09_09_45_12098_dig_simple.png,9,9,45
05_55_57_12099_dig_simple.png,5,55,57
12_49_52_12100_dig_segmented.png,12,49,52
11_31_18_12101_dig_simple.png,11,31,18
06_38_49_12102_dig_lcd.png,6,38,49
16_57_56_12103_dig_segmented.png,16,57,56
18_40_32_12104_dig_lcd.png,18,40,32
23_52_07_12105_dig_lcd.png,23,52,7
00_15_13_12106_dig_simple.png,0,15,13
09_09_45_12107_dig_lcd.png,9,9,45
08_01_35_12108_dig_simple.png,8,1,35
19_26_00_12109_dig_simple.png,19,26,0
09_26_48_12110_dig_simple.png,9,26,48
16_57_56_12111_dig_simple.png,16,57,56
19_04_18_12112_dig_segmented.png,19,4,18
04_37_14_12113_dig_lcd.png,4,37,14
03_11_04_12114_dig_segmented.png,3,11,4
01_16_29_12115_dig_segmented.png,1,16,29
17_14_56_12116_dig_simple.png,17,14,56
15_49_16_12117_dig_simple.png,15,49,16
02_50_55_12118_dig_lcd.png,2,50,55
20_06_41_12119_dig_lcd.png,20,6,41
01_09_35_12120_dig_lcd.png,1,9,35
13_12_20_12121_dig_lcd.png,13,12,20
10_32_29_12122_dig_simple.png,10,32,29
11_02_54_12123_dig_segmented.png,11,2,54
10_35_40_12124_dig_segmented.png,10,35,40
10_08_36_12125_dig_segmented.png,10,8,36
14_11_50_12126_dig_simple.png,14,11,50
23_52_07_12127_dig_lcd.png,23,52,7
03_17_00_12128_dig_segmented.png,3,17,0
23_05_20_12129_dig_lcd.png,23,5,20
06_48_42_12130_dig_segmented.png,6,48,42
10_59_06_12131_dig_segmented.png,10,59,6
14_55_35_12132_dig_simple.png,14,55,35
20_58_06_12133_dig_lcd.png,20,58,6
21_34_02_12134_dig_lcd.png,21,34,2
22_57_39_12135_dig_segmented.png,22,57,39
19_07_46_12136_dig_lcd.png,19,7,46
05_42_51_12137_dig_simple.png,5,42,51
12_49_52_12138_dig_simple.png,12,49,52
02_29_53_12139_dig_simple.png,2,29,53
11_03_25_12140_dig_simple.png,11,3,25
23_05_22_12141_dig_simple.png,23,5,22
03_29_12_12142_dig_lcd.png,3,29,12
01_16_29_12143_dig_simple.png,1,16,29
16_43_44_12144_dig_lcd.png,16,43,44
10_59_06_12145_dig_segmented.png,10,59,6
18_28_43_12146_dig_segmented.png,18,28,43
17_44_32_12147_dig_lcd.png,17,44,32
17_44_32_12148_dig_segmented.png,17,44,32
12_49_52_12149_dig_simple.png,12,49,52
08_27_22_12150_dig_lcd.png,8,27,22
10_46_50_12151_dig_simple.png,10,46,50
06_28_54_12152_dig_lcd.png,6,28,54
14_55_35_12153_dig_simple.png,14,55,35
10_47_42_12154_dig_simple.png,10,47,42
15_49_16_12155_dig_simple.png,15,49,16
00_15_13_12156_dig_simple.png,0,15,13
16_46_15_12157_dig_simple.png,16,46,15
17_35_38_12158_dig_simple.png,17,35,38
18_38_08_12159_dig_simple.png,18,38,8
00_32_38_12160_dig_segmented.png,0,32,38
12_55_50_12161_dig_simple.png,12,55,50
07_56_53_12162_dig_lcd.png,7,56,53
09_11_53_12163_dig_segmented.png,9,11,53
19_06_18_12164_dig_simple.png,19,6,18
23_23_55_12165_dig_lcd.png,23,23,55
14_57_18_12166_dig_segmented.png,14,57,18
07_39_50_12167_dig_segmented.png,7,39,50
04_37_14_12168_dig_segmented.png,4,37,14
00_51_44_12169_dig_simple.png,0,51,44
00_20_08_12170_dig_lcd.png,0,20,8
23_04_31_12171_dig_lcd.png,23,4,31
07_01_36_12172_dig_lcd.png,7,1,36
20_07_54_12173_dig_lcd.png,20,7,54
14_03_12_12174_dig_lcd.png,14,3,12
07_53_53_12175_dig_lcd.png,7,53,53
00_20_08_12176_dig_simple.png,0,20,8
02_53_31_12177_dig_lcd.png,2,53,31
10_08_36_12178_dig_lcd.png,10,8,36
12_53_11_12179_dig_lcd.png,12,53,11
17_02_42_12180_dig_segmented.png,17,2,42
04_07_10_12181_dig_segmented.png,4,7,10
17_51_55_12182_dig_simple.png,17,51,55
19_54_10_12183_dig_simple.png,19,54,10
02_36_34_12184_dig_segmented.png,2,36,34
08_36_49_12185_dig_simple.png,8,36,49
19_10_04_12186_dig_lcd.png,19,10,4
05_13_37_12187_dig_lcd.png,5,13,37
21_04_16_12188_dig_lcd.png,21,4,16
14_47_02_12189_dig_simple.png,14,47,2
14_19_20_12190_dig_lcd.png,14,19,20
16_59_01_12191_dig_lcd.png,16,59,1
03_47_17_12192_dig_simple.png,3,47,17
14_19_20_12193_dig_simple.png,14,19,20
16_46_15_12194_dig_simple.png,16,46,15
08_22_04_12195_dig_simple.png,8,22,4
04_08_49_12196_dig_simple.png,4,8,49
05_27_32_12197_dig_simple.png,5,27,32
21_37_43_12198_dig_simple.png,21,37,43
12_35_28_12199_dig_simple.png,12,35,28
03_11_04_12200_dig_segmented.png,3,11,4
12_03_47_12201_dig_simple.png,12,3,47
15_03_16_12202_dig_lcd.png,15,3,16
16_04_31_12203_dig_simple.png,16,4,31
18_38_25_12204_dig_segmented.png,18,38,25
01_47_06_12205_dig_segmented.png,1,47,6
00_32_38_12206_dig_segmented.png,0,32,38
13_49_04_12207_dig_lcd.png,13,49,4
23_05_22_12208_dig_simple.png,23,5,22
14_03_12_12209_dig_segmented.png,14,3,12
20_16_08_12210_dig_lcd.png,20,16,8
06_32_17_12211_dig_lcd.png,6,32,17
10_47_42_12212_dig_segmented.png,10,47,42
19_31_41_12213_dig_segmented.png,19,31,41
15_14_08_12214_dig_segmented.png,15,14,8
06_32_17_12215_dig_lcd.png,6,32,17
23_44_31_12216_dig_simple.png,23,44,31
18_25_47_12217_dig_lcd.png,18,25,47
09_42_38_12218_dig_simple.png,9,42,38
14_15_34_12219_dig_simple.png,14,15,34
05_55_57_12220_dig_segmented.png,5,55,57
07_35_06_12221_dig_lcd.png,7,35,6
19_54_10_12222_dig_lcd.png,19,54,10
21_40_52_12223_dig_simple.png,21,40,52
09_57_20_12224_dig_simple.png,9,57,20
01_18_51_12225_dig_simple.png,1,18,51
13_37_42_12226_dig_simple.png,13,37,42
08_21_19_12227_dig_lcd.png,8,21,19
11_19_24_12228_dig_lcd.png,11,19,24
04_26_31_12229_dig_simple.png,4,26,31
10_47_42_12230_dig_simple.png,10,47,42
08_14_00_12231_dig_lcd.png,8,14,0
08_02_49_12232_dig_simple.png,8,2,49
02_25_38_12233_dig_simple.png,2,25,38
07_56_53_12234_dig_lcd.png,7,56,53
02_50_09_12235_dig_lcd.png,2,50,9
10_46_50_12236_dig_lcd.png,10,46,50
19_05_53_12237_dig_lcd.png,19,5,53
03_47_17_12238_dig_lcd.png,3,47,17
17_09_36_12239_dig_segmented.png,17,9,36
11_02_54_12240_dig_lcd.png,11,2,54
03_00_15_12241_dig_simple.png,3,0,15
01_12_27_12242_dig_lcd.png,1,12,27
19_05_53_12243_dig_lcd.png,19,5,53
09_36_41_12244_dig_lcd.png,9,36,41
13_39_44_12245_dig_lcd.png,13,39,44
21_15_10_12246_dig_segmented.png,21,15,10
09_11_53_12247_dig_lcd.png,9,11,53
19_19_22_12248_dig_lcd.png,19,19,22
00_07_33_12249_dig_lcd.png,0,7,33
19_10_04_12250_dig_simple.png,19,10,4
23_49_49_12251_dig_lcd.png,23,49,49
13_33_01_12252_dig_lcd.png,13,33,1
01_26_54_12253_dig_lcd.png,1,26,54
05_55_57_12254_dig_simple.png,5,55,57
02_36_30_12255_dig_simple.png,2,36,30
08_22_04_12256_dig_simple.png,8,22,4
12_53_11_12257_dig_lcd.png,12,53,11
11_27_45_12258_dig_lcd.png,11,27,45
04_33_29_12259_dig_lcd.png,4,33,29
14_43_52_12260_dig_segmented.png,14,43,52
22_10_28_12261_dig_lcd.png,22,10,28
18_12_37_12262_dig_segmented.png,18,12,37
16_07_21_12263_dig_segmented.png,16,7,21
11_19_58_12264_dig_segmented.png,11,19,58
14_47_02_12265_dig_lcd.png,14,47,2
09_12_03_12266_dig_segmented.png,9,12,3
13_37_42_12267_dig_simple.png,13,37,42
11_19_24_12268_dig_simple.png,11,19,24
09_09_45_12269_dig_lcd.png,9,9,45
14_08_41_12270_dig_simple.png,14,8,41
09_39_15_12271_dig_simple.png,9,39,15
20_55_15_12272_dig_simple.png,20,55,15
11_36_55_12273_dig_simple.png,11,36,55
10_06_39_12274_dig_simple.png,10,6,39
12_53_11_12275_dig_simple.png,12,53,11
19_07_46_12276_dig_segmented.png,19,7,46
23_29_19_12277_dig_segmented.png,23,29,19
07_31_35_12278_dig_segmented.png,7,31,35
00_13_06_12279_dig_lcd.png,0,13,6
03_05_48_12280_dig_lcd.png,3,5,48
07_56_53_12281_dig_simple.png,7,56,53
08_37_16_12282_dig_simple.png,8,37,16
07_39_50_12283_dig_lcd.png,7,39,50
14_08_41_12284_dig_lcd.png,14,8,41
19_01_51_12285_dig_lcd.png,19,1,51
08_37_16_12286_dig_segmented.png,8,37,16
12_19_40_12287_dig_simple.png,12,19,40
11_14_45_12288_dig_lcd.png,11,14,45
12_49_52_12289_dig_simple.png,12,49,52
11_32_04_12290_dig_lcd.png,11,32,4
08_01_35_12291_dig_segmented.png,8,1,35
12_21_40_12292_dig_lcd.png,12,21,40
12_24_07_12293_dig_segmented.png,12,24,7
12_08_40_12294_dig_simple.png,12,8,40
10_25_14_12295_dig_simple.png,10,25,14
13_59_19_12296_dig_lcd.png,13,59,19
17_38_11_12297_dig_lcd.png,17,38,11
18_28_43_12298_dig_segmented.png,18,28,43
02_50_09_12299_dig_simple.png,2,50,9
16_07_21_12300_dig_simple.png,16,7,21
09_23_19_12301_dig_segmented.png,9,23,19
16_43_44_12302_dig_simple.png,16,43,44
19_19_22_12303_dig_simple.png,19,19,22
02_52_52_12304_dig_lcd.png,2,52,52
07_30_07_12305_dig_segmented.png,7,30,7
08_56_12_12306_dig_simple.png,8,56,12
04_58_22_12307_dig_segmented.png,4,58,22
05_55_57_12308_dig_simple.png,5,55,57
22_06_19_12309_dig_lcd.png,22,6,19
04_08_19_12310_dig_segmented.png,4,8,19
11_40_21_12311_dig_simple.png,11,40,21
23_52_07_12312_dig_lcd.png,23,52,7
21_35_30_12313_dig_simple.png,21,35,30
06_55_06_12314_dig_segmented.png,6,55,6
12_53_11_12315_dig_segmented.png,12,53,11
12_35_28_12316_dig_lcd.png,12,35,28
14_50_52_12317_dig_lcd.png,14,50,52
07_35_06_12318_dig_lcd.png,7,35,6
04_37_14_12319_dig_simple.png,4,37,14
12_49_52_12320_dig_segmented.png,12,49,52
20_06_41_12321_dig_simple.png,20,6,41
03_29_12_12322_dig_segmented.png,3,29,12
00_31_55_12323_dig_simple.png,0,31,55
03_42_31_12324_dig_simple.png,3,42,31
12_21_40_12325_dig_simple.png,12,21,40
12_53_11_12326_dig_segmented.png,12,53,11
05_11_01_12327_dig_lcd.png,5,11,1
03_52_44_12328_dig_segmented.png,3,52,44
05_53_20_12329_dig_simple.png,5,53,20
03_18_42_12330_dig_lcd.png,3,18,42
12_40_58_12331_dig_segmented.png,12,40,58
04_10_12_12332_dig_lcd.png,4,10,12
11_31_18_12333_dig_segmented.png,11,31,18
03_12_53_12334_dig_segmented.png,3,12,53
06_29_58_12335_dig_simple.png,6,29,58
03_10_31_12336_dig_lcd.png,3,10,31
15_41_24_12337_dig_lcd.png,15,41,24
07_53_31_12338_dig_lcd.png,7,53,31
03_06_14_12339_dig_lcd.png,3,6,14
10_47_42_12340_dig_segmented.png,10,47,42
14_45_10_12341_dig_lcd.png,14,45,10
05_06_46_12342_dig_simple.png,5,6,46
22_25_13_12343_dig_segmented.png,22,25,13
23_56_12_12344_dig_segmented.png,23,56,12
15_37_34_12345_dig_segmented.png,15,37,34
02_34_56_12346_dig_simple.png,2,34,56
05_06_46_12347_dig_simple.png,5,6,46
08_01_35_12348_dig_lcd.png,8,1,35
00_37_50_12349_dig_lcd.png,0,37,50
13_41_26_12350_dig_simple.png,13,41,26
02_54_31_12351_dig_simple.png,2,54,31
18_01_22_12352_dig_lcd.png,18,1,22
22_51_43_12353_dig_segmented.png,22,51,43
02_34_56_12354_dig_lcd.png,2,34,56
06_37_18_12355_dig_simple.png,6,37,18
01_59_20_12356_dig_simple.png,1,59,20
04_33_29_12357_dig_segmented.png,4,33,29
20_35_14_12358_dig_simple.png,20,35,14
07_31_35_12359_dig_segmented.png,7,31,35
09_57_20_12360_dig_segmented.png,9,57,20
23_23_55_12361_dig_simple.png,23,23,55
02_52_52_12362_dig_segmented.png,2,52,52
22_59_32_12363_dig_lcd.png,22,59,32
17_46_41_12364_dig_segmented.png,17,46,41
19_35_27_12365_dig_segmented.png,19,35,27
02_29_53_12366_dig_simple.png,2,29,53
00_04_22_12367_dig_lcd.png,0,4,22
19_12_53_12368_dig_simple.png,19,12,53
20_45_07_12369_dig_simple.png,20,45,7
02_16_00_12370_dig_segmented.png,2,16,0
17_55_33_12371_dig_segmented.png,17,55,33
19_10_04_12372_dig_simple.png,19,10,4
23_52_07_12373_dig_segmented.png,23,52,7
19_04_46_12374_dig_lcd.png,19,4,46
21_13_47_12375_dig_lcd.png,21,13,47
05_53_15_12376_dig_segmented.png,5,53,15
11_02_54_12377_dig_lcd.png,11,2,54
01_12_27_12378_dig_lcd.png,1,12,27
19_54_10_12379_dig_segmented.png,19,54,10
07_19_24_12380_dig_simple.png,7,19,24
17_50_47_12381_dig_lcd.png,17,50,47
13_16_06_12382_dig_segmented.png,13,16,6
10_52_44_12383_dig_segmented.png,10,52,44
15_32_42_12384_dig_simple.png,15,32,42
17_35_38_12385_dig_segmented.png,17,35,38
02_55_46_12386_dig_segmented.png,2,55,46
08_21_19_12387_dig_simple.png,8,21,19
00_04_54_12388_dig_segmented.png,0,4,54
08_21_19_12389_dig_segmented.png,8,21,19
02_29_53_12390_dig_segmented.png,2,29,53
10_36_47_12391_dig_lcd.png,10,36,47
00_32_38_12392_dig_lcd.png,0,32,38
01_12_27_12393_dig_simple.png,1,12,27
06_16_08_12394_dig_segmented.png,6,16,8
06_43_48_12395_dig_simple.png,6,43,48
14_43_52_12396_dig_simple.png,14,43,52
21_35_30_12397_dig_lcd.png,21,35,30
08_13_24_12398_dig_segmented.png,8,13,24
07_35_43_12399_dig_simple.png,7,35,43
03_49_41_12400_dig_lcd.png,3,49,41
18_50_41_12401_dig_segmented.png,18,50,41
05_13_37_12402_dig_lcd.png,5,13,37
13_37_42_12403_dig_lcd.png,13,37,42
21_35_30_12404_dig_lcd.png,21,35,30
02_54_31_12405_dig_lcd.png,2,54,31
10_52_44_12406_dig_lcd.png,10,52,44
07_04_02_12407_dig_lcd.png,7,4,2
17_35_38_12408_dig_segmented.png,17,35,38
04_08_19_12409_dig_lcd.png,4,8,19
19_04_46_12410_dig_simple.png,19,4,46
16_43_44_12411_dig_lcd.png,16,43,44
12_34_14_12412_dig_segmented.png,12,34,14
16_46_15_12413_dig_simple.png,16,46,15
21_18_02_12414_dig_lcd.png,21,18,2
07_53_26_12415_dig_segmented.png,7,53,26
13_16_06_12416_dig_simple.png,13,16,6
14_04_48_12417_dig_lcd.png,14,4,48
10_47_21_12418_dig_simple.png,10,47,21
03_05_48_12419_dig_simple.png,3,5,48
19_12_53_12420_dig_simple.png,19,12,53
16_43_44_12421_dig_lcd.png,16,43,44
03_42_31_12422_dig_lcd.png,3,42,31
15_37_34_12423_dig_simple.png,15,37,34
18_12_37_12424_dig_simple.png,18,12,37
12_19_40_12425_dig_simple.png,12,19,40
22_59_32_12426_dig_segmented.png,22,59,32
23_05_20_12427_dig_lcd.png,23,5,20
10_10_27_12428_dig_lcd.png,10,10,27
06_43_35_12429_dig_lcd.png,6,43,35
09_36_41_12430_dig_simple.png,9,36,41
04_07_10_12431_dig_lcd.png,4,7,10
14_50_52_12432_dig_simple.png,14,50,52
01_47_06_12433_dig_lcd.png,1,47,6
08_56_12_12434_dig_simple.png,8,56,12
16_17_10_12435_dig_segmented.png,16,17,10
14_13_24_12436_dig_lcd.png,14,13,24
17_37_04_12437_dig_lcd.png,17,37,4
21_40_08_12438_dig_lcd.png,21,40,8
14_16_23_12439_dig_segmented.png,14,16,23
05_03_00_12440_dig_lcd.png,5,3,0
21_40_08_12441_dig_lcd.png,21,40,8
00_07_33_12442_dig_simple.png,0,7,33
04_04_05_12443_dig_segmented.png,4,4,5
00_33_25_12444_dig_segmented.png,0,33,25
15_18_44_12445_dig_lcd.png,15,18,44
12_21_40_12446_dig_segmented.png,12,21,40
14_32_15_12447_dig_segmented.png,14,32,15
14_15_51_12448_dig_segmented.png,14,15,51
06_48_42_12449_dig_lcd.png,6,48,42
21_22_59_12450_dig_segmented.png,21,22,59
12_12_47_12451_dig_segmented.png,12,12,47
14_04_48_12452_dig_simple.png,14,4,48
02_54_31_12453_dig_lcd.png,2,54,31
11_49_25_12454_dig_simple.png,11,49,25
18_50_41_12455_dig_lcd.png,18,50,41
21_23_29_12456_dig_simple.png,21,23,29
05_31_08_12457_dig_segmented.png,5,31,8
10_15_33_12458_dig_segmented.png,10,15,33
00_15_13_12459_dig_simple.png,0,15,13
17_34_15_12460_dig_simple.png,17,34,15
23_46_00_12461_dig_segmented.png,23,46,0
11_19_58_12462_dig_simple.png,11,19,58
04_08_49_12463_dig_simple.png,4,8,49
09_36_41_12464_dig_segmented.png,9,36,41
02_25_38_12465_dig_segmented.png,2,25,38
14_11_40_12466_dig_segmented.png,14,11,40
15_14_08_12467_dig_segmented.png,15,14,8
19_31_41_12468_dig_segmented.png,19,31,41
20_32_18_12469_dig_segmented.png,20,32,18
15_41_24_12470_dig_segmented.png,15,41,24
03_12_55_12471_dig_lcd.png,3,12,55
01_12_27_12472_dig_lcd.png,1,12,27
20_09_28_12473_dig_lcd.png,20,9,28
00_07_33_12474_dig_simple.png,0,7,33
00_28_30_12475_dig_simple.png,0,28,30
15_37_34_12476_dig_segmented.png,15,37,34
22_47_17_12477_dig_segmented.png,22,47,17
21_35_30_12478_dig_segmented.png,21,35,30
03_12_35_12479_dig_simple.png,3,12,35
06_12_22_12480_dig_lcd.png,6,12,22
01_56_19_12481_dig_segmented.png,1,56,19
00_51_28_12482_dig_simple.png,0,51,28
11_07_20_12483_dig_segmented.png,11,7,20
22_12_38_12484_dig_lcd.png,22,12,38
23_49_28_12485_dig_segmented.png,23,49,28
10_52_44_12486_dig_simple.png,10,52,44
16_46_15_12487_dig_segmented.png,16,46,15
03_17_00_12488_dig_simple.png,3,17,0
03_21_56_12489_dig_simple.png,3,21,56
00_20_08_12490_dig_simple.png,0,20,8
00_37_50_12491_dig_lcd.png,0,37,50
11_31_18_12492_dig_simple.png,11,31,18
21_47_17_12493_dig_simple.png,21,47,17
11_19_24_12494_dig_segmented.png,11,19,24
03_00_15_12495_dig_segmented.png,3,0,15
13_37_42_12496_dig_lcd.png,13,37,42
03_21_56_12497_dig_segmented.png,3,21,56
23_04_31_12498_dig_segmented.png,23,4,31
00_32_38_12499_dig_lcd.png,0,32,38
12_21_40_12500_dig_simple.png,12,21,40
12_15_41_12501_dig_lcd.png,12,15,41
00_33_25_12502_dig_segmented.png,0,33,25
02_51_15_12503_dig_segmented.png,2,51,15
05_53_20_12504_dig_segmented.png,5,53,20
15_32_42_12505_dig_segmented.png,15,32,42
18_25_47_12506_dig_lcd.png,18,25,47
20_45_06_12507_dig_lcd.png,20,45,6
04_46_20_12508_dig_simple.png,4,46,20
21_47_17_12509_dig_segmented.png,21,47,17
12_53_11_12510_dig_lcd.png,12,53,11
10_06_39_12511_dig_simple.png,10,6,39
15_03_16_12512_dig_segmented.png,15,3,16
00_10_25_12513_dig_segmented.png,0,10,25
19_10_04_12514_dig_lcd.png,19,10,4
06_29_58_12515_dig_lcd.png,6,29,58
02_04_41_12516_dig_lcd.png,2,4,41
00_51_44_12517_dig_lcd.png,0,51,44
03_48_59_12518_dig_lcd.png,3,48,59
02_50_09_12519_dig_simple.png,2,50,9
21_23_29_12520_dig_segmented.png,21,23,29
14_29_52_12521_dig_simple.png,14,29,52
11_03_25_12522_dig_simple.png,11,3,25
16_07_21_12523_dig_simple.png,16,7,21
21_40_52_12524_dig_lcd.png,21,40,52
00_51_14_12525_dig_lcd.png,0,51,14
03_12_53_12526_dig_simple.png,3,12,53
14_47_36_12527_dig_simple.png,14,47,36
09_39_15_12528_dig_simple.png,9,39,15
16_24_47_12529_dig_lcd.png,16,24,47
15_14_08_12530_dig_simple.png,15,14,8
11_07_20_12531_dig_simple.png,11,7,20
07_53_26_12532_dig_simple.png,7,53,26
06_29_58_12533_dig_segmented.png,6,29,58
05_06_46_12534_dig_lcd.png,5,6,46
05_53_20_12535_dig_segmented.png,5,53,20
13_37_42_12536_dig_segmented.png,13,37,42
11_20_01_12537_dig_simple.png,11,20,1
10_06_39_12538_dig_lcd.png,10,6,39
03_29_12_12539_dig_segmented.png,3,29,12
14_54_25_12540_dig_segmented.png,14,54,25
11_30_47_12541_dig_simple.png,11,30,47
10_35_40_12542_dig_simple.png,10,35,40
17_44_32_12543_dig_lcd.png,17,44,32
01_36_28_12544_dig_lcd.png,1,36,28
14_45_10_12545_dig_segmented.png,14,45,10
23_04_31_12546_dig_segmented.png,23,4,31
21_15_10_12547_dig_lcd.png,21,15,10
17_51_55_12548_dig_simple.png,17,51,55
08_22_04_12549_dig_lcd.png,8,22,4
00_08_23_12550_dig_segmented.png,0,8,23
07_53_26_12551_dig_segmented.png,7,53,26
08_37_16_12552_dig_simple.png,8,37,16
12_08_40_12553_dig_lcd.png,12,8,40
00_20_08_12554_dig_segmented.png,0,20,8
11_14_45_12555_dig_simple.png,11,14,45
01_41_10_12556_dig_lcd.png,1,41,10
16_46_15_12557_dig_lcd.png,16,46,15
11_30_47_12558_dig_lcd.png,11,30,47
15_27_41_12559_dig_segmented.png,15,27,41
12_55_50_12560_dig_simple.png,12,55,50
16_28_50_12561_dig_simple.png,16,28,50
21_18_02_12562_dig_segmented.png,21,18,2
16_04_31_12563_dig_lcd.png,16,4,31
19_54_10_12564_dig_lcd.png,19,54,10
11_20_01_12565_dig_lcd.png,11,20,1
07_35_06_12566_dig_simple.png,7,35,6
08_30_31_12567_dig_simple.png,8,30,31
14_11_40_12568_dig_lcd.png,14,11,40
20_09_28_12569_dig_simple.png,20,9,28
22_09_26_12570_dig_lcd.png,22,9,26
07_01_36_12571_dig_segmented.png,7,1,36
15_58_20_12572_dig_lcd.png,15,58,20
16_07_21_12573_dig_segmented.png,16,7,21
23_44_31_12574_dig_simple.png,23,44,31
01_26_54_12575_dig_simple.png,1,26,54
14_10_37_12576_dig_simple.png,14,10,37
17_22_45_12577_dig_lcd.png,17,22,45
09_40_41_12578_dig_segmented.png,9,40,41
21_53_18_12579_dig_segmented.png,21,53,18
02_45_39_12580_dig_lcd.png,2,45,39
18_45_16_12581_dig_segmented.png,18,45,16
07_35_06_12582_dig_segmented.png,7,35,6
18_38_08_12583_dig_segmented.png,18,38,8
00_04_03_12584_dig_lcd.png,0,4,3
17_40_48_12585_dig_segmented.png,17,40,48
11_19_58_12586_dig_segmented.png,11,19,58
19_12_53_12587_dig_lcd.png,19,12,53
19_04_46_12588_dig_lcd.png,19,4,46
14_47_02_12589_dig_lcd.png,14,47,2
08_59_56_12590_dig_segmented.png,8,59,56
11_25_51_12591_dig_lcd.png,11,25,51
01_40_27_12592_dig_simple.png,1,40,27
01_56_19_12593_dig_lcd.png,1,56,19
02_25_38_12594_dig_simple.png,2,25,38
18_25_47_12595_dig_lcd.png,18,25,47
14_47_36_12596_dig_segmented.png,14,47,36
12_08_40_12597_dig_lcd.png,12,8,40
18_12_37_12598_dig_lcd.png,18,12,37
06_48_03_12599_dig_lcd.png,6,48,3
15_14_33_12600_dig_simple.png,15,14,33
02_56_16_12601_dig_segmented.png,2,56,16
10_47_21_12602_dig_lcd.png,10,47,21
13_41_26_12603_dig_simple.png,13,41,26
19_19_22_12604_dig_simple.png,19,19,22
00_10_25_12605_dig_lcd.png,0,10,25
11_50_35_12606_dig_segmented.png,11,50,35
00_08_23_12607_dig_simple.png,0,8,23
14_11_40_12608_dig_lcd.png,14,11,40
11_14_45_12609_dig_simple.png,11,14,45
07_44_16_12610_dig_segmented.png,7,44,16
08_47_59_12611_dig_lcd.png,8,47,59
04_10_12_12612_dig_segmented.png,4,10,12
01_56_19_12613_dig_simple.png,1,56,19
17_55_33_12614_dig_simple.png,17,55,33
15_02_01_12615_dig_segmented.png,15,2,1
11_30_47_12616_dig_segmented.png,11,30,47
22_10_28_12617_dig_lcd.png,22,10,28
08_47_59_12618_dig_lcd.png,8,47,59
09_31_45_12619_dig_simple.png,9,31,45
11_31_18_12620_dig_segmented.png,11,31,18
15_18_44_12621_dig_segmented.png,15,18,44
17_02_42_12622_dig_lcd.png,17,2,42
11_32_04_12623_dig_lcd.png,11,32,4
20_54_43_12624_dig_lcd.png,20,54,43
09_26_48_12625_dig_lcd.png,9,26,48
05_55_57_12626_dig_simple.png,5,55,57
21_40_52_12627_dig_simple.png,21,40,52
00_04_22_12628_dig_lcd.png,0,4,22
14_57_18_12629_dig_simple.png,14,57,18
06_16_08_12630_dig_simple.png,6,16,8
05_06_46_12631_dig_simple.png,5,6,46
09_42_38_12632_dig_lcd.png,9,42,38
13_52_55_12633_dig_simple.png,13,52,55
20_09_28_12634_dig_segmented.png,20,9,28
20_32_18_12635_dig_simple.png,20,32,18
04_12_04_12636_dig_lcd.png,4,12,4
13_52_55_12637_dig_lcd.png,13,52,55
00_15_13_12638_dig_lcd.png,0,15,13
23_23_55_12639_dig_lcd.png,23,23,55
05_27_32_12640_dig_simple.png,5,27,32
20_35_14_12641_dig_simple.png,20,35,14
14_13_24_12642_dig_lcd.png,14,13,24
02_25_38_12643_dig_segmented.png,2,25,38
23_49_28_12644_dig_lcd.png,23,49,28
01_36_28_12645_dig_simple.png,1,36,28
13_33_01_12646_dig_segmented.png,13,33,1
23_39_48_12647_dig_simple.png,23,39,48
12_34_14_12648_dig_segmented.png,12,34,14
06_16_08_12649_dig_lcd.png,6,16,8
19_54_10_12650_dig_simple.png,19,54,10
05_27_42_12651_dig_simple.png,5,27,42
20_35_14_12652_dig_segmented.png,20,35,14
20_09_28_12653_dig_lcd.png,20,9,28
14_15_34_12654_dig_simple.png,14,15,34
13_38_53_12655_dig_segmented.png,13,38,53
08_22_04_12656_dig_lcd.png,8,22,4
21_04_16_12657_dig_simple.png,21,4,16
12_35_28_12658_dig_segmented.png,12,35,28
11_34_46_12659_dig_simple.png,11,34,46
01_18_51_12660_dig_simple.png,1,18,51
06_21_06_12661_dig_lcd.png,6,21,6
21_40_52_12662_dig_simple.png,21,40,52
01_59_20_12663_dig_lcd.png,1,59,20
09_24_56_12664_dig_segmented.png,9,24,56
02_34_56_12665_dig_segmented.png,2,34,56
14_55_35_12666_dig_lcd.png,14,55,35
01_24_36_12667_dig_segmented.png,1,24,36
01_24_36_12668_dig_simple.png,1,24,36
08_50_39_12669_dig_segmented.png,8,50,39
07_39_50_12670_dig_lcd.png,7,39,50
15_31_23_12671_dig_lcd.png,15,31,23
15_49_16_12672_dig_lcd.png,15,49,16
09_42_38_12673_dig_lcd.png,9,42,38
13_52_55_12674_dig_segmented.png,13,52,55
04_33_29_12675_dig_lcd.png,4,33,29
17_38_11_12676_dig_lcd.png,17,38,11
03_49_41_12677_dig_simple.png,3,49,41
18_18_12_12678_dig_simple.png,18,18,12
11_03_25_12679_dig_simple.png,11,3,25
13_42_00_12680_dig_segmented.png,13,42,0
12_55_50_12681_dig_lcd.png,12,55,50
10_47_21_12682_dig_lcd.png,10,47,21
02_53_31_12683_dig_segmented.png,2,53,31
15_58_20_12684_dig_simple.png,15,58,20
04_26_43_12685_dig_simple.png,4,26,43
18_38_08_12686_dig_simple.png,18,38,8
14_47_36_12687_dig_lcd.png,14,47,36
20_19_30_12688_dig_simple.png,20,19,30
20_35_14_12689_dig_lcd.png,20,35,14
20_09_28_12690_dig_simple.png,20,9,28
05_27_42_12691_dig_segmented.png,5,27,42
07_31_35_12692_dig_segmented.png,7,31,35
10_47_42_12693_dig_lcd.png,10,47,42
23_39_48_12694_dig_lcd.png,23,39,48
02_16_00_12695_dig_segmented.png,2,16,0
02_25_38_12696_dig_segmented.png,2,25,38
19_31_41_12697_dig_segmented.png,19,31,41
00_28_30_12698_dig_segmented.png,0,28,30
04_46_20_12699_dig_lcd.png,4,46,20
16_14_11_12700_dig_simple.png,16,14,11
02_34_16_12701_dig_lcd.png,2,34,16
06_12_22_12702_dig_simple.png,6,12,22
04_33_29_12703_dig_lcd.png,4,33,29
05_42_51_12704_dig_simple.png,5,42,51
20_32_18_12705_dig_simple.png,20,32,18
05_39_33_12706_dig_lcd.png,5,39,33
17_37_04_12707_dig_segmented.png,17,37,4
02_36_42_12708_dig_lcd.png,2,36,42
09_43_20_12709_dig_segmented.png,9,43,20
16_52_36_12710_dig_simple.png,16,52,36
02_16_00_12711_dig_lcd.png,2,16,0
18_45_16_12712_dig_segmented.png,18,45,16
17_38_11_12713_dig_simple.png,17,38,11
13_12_20_12714_dig_simple.png,13,12,20
04_09_44_12715_dig_lcd.png,4,9,44
04_12_04_12716_dig_segmented.png,4,12,4
22_25_13_12717_dig_segmented.png,22,25,13
12_13_30_12718_dig_lcd.png,12,13,30
03_12_35_12719_dig_lcd.png,3,12,35
20_54_43_12720_dig_lcd.png,20,54,43
13_12_20_12721_dig_simple.png,13,12,20
11_07_20_12722_dig_simple.png,11,7,20
20_42_24_12723_dig_segmented.png,20,42,24
23_39_48_12724_dig_simple.png,23,39,48
19_26_00_12725_dig_segmented.png,19,26,0
13_38_53_12726_dig_lcd.png,13,38,53
07_35_06_12727_dig_lcd.png,7,35,6
10_36_47_12728_dig_lcd.png,10,36,47
02_29_53_12729_dig_simple.png,2,29,53
00_51_28_12730_dig_lcd.png,0,51,28
20_16_08_12731_dig_simple.png,20,16,8
19_35_27_12732_dig_simple.png,19,35,27
14_29_52_12733_dig_simple.png,14,29,52
16_12_56_12734_dig_lcd.png,16,12,56
05_27_32_12735_dig_lcd.png,5,27,32
09_39_15_12736_dig_simple.png,9,39,15
07_35_06_12737_dig_segmented.png,7,35,6
07_19_24_12738_dig_segmented.png,7,19,24
23_44_31_12739_dig_simple.png,23,44,31
09_57_20_12740_dig_segmented.png,9,57,20
07_35_43_12741_dig_lcd.png,7,35,43
06_33_33_12742_dig_simple.png,6,33,33
08_59_56_12743_dig_lcd.png,8,59,56
02_51_15_12744_dig_lcd.png,2,51,15
04_16_32_12745_dig_lcd.png,4,16,32
14_19_20_12746_dig_simple.png,14,19,20
14_47_36_12747_dig_segmented.png,14,47,36
20_06_41_12748_dig_lcd.png,20,6,41
18_25_47_12749_dig_segmented.png,18,25,47
15_37_34_12750_dig_lcd.png,15,37,34
05_23_16_12751_dig_lcd.png,5,23,16
16_44_25_12752_dig_simple.png,16,44,25
00_13_06_12753_dig_segmented.png,0,13,6
16_35_38_12754_dig_simple.png,16,35,38
01_09_35_12755_dig_segmented.png,1,9,35
13_42_00_12756_dig_segmented.png,13,42,0
12_29_08_12757_dig_segmented.png,12,29,8
18_38_25_12758_dig_simple.png,18,38,25
23_05_20_12759_dig_segmented.png,23,5,20
14_16_23_12760_dig_lcd.png,14,16,23
02_50_55_12761_dig_segmented.png,2,50,55
22_47_17_12762_dig_segmented.png,22,47,17
23_52_13_12763_dig_simple.png,23,52,13
11_25_51_12764_dig_lcd.png,11,25,51
19_06_18_12765_dig_lcd.png,19,6,18
04_26_31_12766_dig_simple.png,4,26,31
00_46_56_12767_dig_lcd.png,0,46,56
11_50_35_12768_dig_lcd.png,11,50,35
11_40_21_12769_dig_simple.png,11,40,21
00_08_23_12770_dig_lcd.png,0,8,23
12_24_07_12771_dig_lcd.png,12,24,7
09_04_24_12772_dig_simple.png,9,4,24
21_37_43_12773_dig_simple.png,21,37,43
13_16_06_12774_dig_simple.png,13,16,6
22_09_26_12775_dig_lcd.png,22,9,26
11_32_04_12776_dig_segmented.png,11,32,4
00_31_55_12777_dig_simple.png,0,31,55
00_08_23_12778_dig_lcd.png,0,8,23
00_16_19_12779_dig_simple.png,0,16,19
09_36_41_12780_dig_lcd.png,9,36,41
14_29_52_12781_dig_segmented.png,14,29,52
19_06_18_12782_dig_segmented.png,19,6,18
23_04_31_12783_dig_lcd.png,23,4,31
23_04_31_12784_dig_lcd.png,23,4,31
09_57_20_12785_dig_lcd.png,9,57,20
09_09_06_12786_dig_segmented.png,9,9,6
21_22_59_12787_dig_lcd.png,21,22,59
04_22_09_12788_dig_simple.png,4,22,9
20_09_28_12789_dig_lcd.png,20,9,28
22_32_24_12790_dig_segmented.png,22,32,24
14_45_10_12791_dig_segmented.png,14,45,10
23_52_07_12792_dig_lcd.png,23,52,7
10_06_39_12793_dig_lcd.png,10,6,39
08_27_22_12794_dig_segmented.png,8,27,22
16_47_14_12795_dig_lcd.png,16,47,14
15_14_08_12796_dig_segmented.png,15,14,8
02_50_55_12797_dig_segmented.png,2,50,55
06_16_08_12798_dig_simple.png,6,16,8
11_50_35_12799_dig_lcd.png,11,50,35
05_34_09_12800_dig_lcd.png,5,34,9
16_47_14_12801_dig_segmented.png,16,47,14
11_14_45_12802_dig_segmented.png,11,14,45
03_37_06_12803_dig_simple.png,3,37,6
21_11_07_12804_dig_lcd.png,21,11,7
01_12_27_12805_dig_simple.png,1,12,27
17_14_56_12806_dig_segmented.png,17,14,56
16_04_31_12807_dig_lcd.png,16,4,31
13_01_42_12808_dig_segmented.png,13,1,42
07_04_02_12809_dig_segmented.png,7,4,2
04_26_31_12810_dig_lcd.png,4,26,31
19_05_53_12811_dig_lcd.png,19,5,53
14_28_31_12812_dig_simple.png,14,28,31
05_27_32_12813_dig_segmented.png,5,27,32
16_17_10_12814_dig_segmented.png,16,17,10
19_35_27_12815_dig_segmented.png,19,35,27
21_37_43_12816_dig_lcd.png,21,37,43
02_50_09_12817_dig_simple.png,2,50,9
09_23_19_12818_dig_lcd.png,9,23,19
00_04_54_12819_dig_simple.png,0,4,54
16_14_11_12820_dig_segmented.png,16,14,11
02_36_34_12821_dig_lcd.png,2,36,34
20_06_41_12822_dig_lcd.png,20,6,41
07_53_26_12823_dig_lcd.png,7,53,26
22_36_21_12824_dig_lcd.png,22,36,21
09_04_24_12825_dig_segmented.png,9,4,24
03_49_41_12826_dig_segmented.png,3,49,41
14_54_25_12827_dig_segmented.png,14,54,25
00_28_30_12828_dig_simple.png,0,28,30
08_37_16_12829_dig_segmented.png,8,37,16
01_12_27_12830_dig_segmented.png,1,12,27
18_45_16_12831_dig_lcd.png,18,45,16
02_36_34_12832_dig_segmented.png,2,36,34
14_50_52_12833_dig_simple.png,14,50,52
07_35_06_12834_dig_simple.png,7,35,6
05_53_15_12835_dig_simple.png,5,53,15
16_12_56_12836_dig_segmented.png,16,12,56
03_37_06_12837_dig_simple.png,3,37,6
06_55_06_12838_dig_segmented.png,6,55,6
23_29_19_12839_dig_segmented.png,23,29,19
07_14_16_12840_dig_lcd.png,7,14,16
21_53_18_12841_dig_lcd.png,21,53,18
06_37_18_12842_dig_segmented.png,6,37,18
19_35_27_12843_dig_segmented.png,19,35,27
10_03_25_12844_dig_lcd.png,10,3,25
12_08_40_12845_dig_lcd.png,12,8,40
20_32_18_12846_dig_segmented.png,20,32,18
18_28_43_12847_dig_lcd.png,18,28,43
01_09_35_12848_dig_segmented.png,1,9,35
00_15_13_12849_dig_simple.png,0,15,13
13_42_00_12850_dig_simple.png,13,42,0
11_19_24_12851_dig_lcd.png,11,19,24
19_54_10_12852_dig_lcd.png,19,54,10
07_01_36_12853_dig_segmented.png,7,1,36
19_26_00_12854_dig_segmented.png,19,26,0
21_40_52_12855_dig_segmented.png,21,40,52
00_04_54_12856_dig_simple.png,0,4,54
16_47_14_12857_dig_segmented.png,16,47,14
01_12_27_12858_dig_segmented.png,1,12,27
20_06_38_12859_dig_segmented.png,20,6,38
17_46_41_12860_dig_segmented.png,17,46,41
04_08_19_12861_dig_lcd.png,4,8,19
07_53_26_12862_dig_segmented.png,7,53,26
10_59_06_12863_dig_segmented.png,10,59,6
20_42_24_12864_dig_lcd.png,20,42,24
12_24_07_12865_dig_lcd.png,12,24,7
04_58_22_12866_dig_simple.png,4,58,22
00_28_30_12867_dig_simple.png,0,28,30
02_50_55_12868_dig_simple.png,2,50,55
16_07_21_12869_dig_lcd.png,16,7,21
02_34_16_12870_dig_lcd.png,2,34,16
15_16_17_12871_dig_simple.png,15,16,17
01_36_28_12872_dig_segmented.png,1,36,28
12_35_28_12873_dig_lcd.png,12,35,28
04_51_02_12874_dig_lcd.png,4,51,2
00_51_28_12875_dig_segmented.png,0,51,28
14_11_40_12876_dig_simple.png,14,11,40
12_08_40_12877_dig_simple.png,12,8,40
09_23_19_12878_dig_lcd.png,9,23,19
14_08_41_12879_dig_lcd.png,14,8,41
00_46_56_12880_dig_simple.png,0,46,56
09_43_20_12881_dig_segmented.png,9,43,20
12_00_17_12882_dig_segmented.png,12,0,17
18_15_12_12883_dig_simple.png,18,15,12
17_09_36_12884_dig_segmented.png,17,9,36
00_51_14_12885_dig_lcd.png,0,51,14
10_52_44_12886_dig_lcd.png,10,52,44
01_12_27_12887_dig_segmented.png,1,12,27
14_16_23_12888_dig_segmented.png,14,16,23
03_12_35_12889_dig_simple.png,3,12,35
21_53_18_12890_dig_lcd.png,21,53,18
02_29_53_12891_dig_lcd.png,2,29,53
13_42_00_12892_dig_lcd.png,13,42,0
14_11_40_12893_dig_lcd.png,14,11,40
23_44_31_12894_dig_lcd.png,23,44,31
12_49_52_12895_dig_segmented.png,12,49,52
09_04_24_12896_dig_lcd.png,9,4,24
14_13_24_12897_dig_segmented.png,14,13,24
15_14_33_12898_dig_lcd.png,15,14,33
23_54_03_12899_dig_segmented.png,23,54,3
15_18_44_12900_dig_simple.png,15,18,44
14_11_40_12901_dig_lcd.png,14,11,40
09_23_19_12902_dig_simple.png,9,23,19
09_39_15_12903_dig_segmented.png,9,39,15
08_27_44_12904_dig_segmented.png,8,27,44
21_15_10_12905_dig_segmented.png,21,15,10
13_33_01_12906_dig_simple.png,13,33,1
14_47_02_12907_dig_segmented.png,14,47,2
14_15_51_12908_dig_simple.png,14,15,51
07_04_02_12909_dig_simple.png,7,4,2
13_42_00_12910_dig_simple.png,13,42,0
03_52_44_12911_dig_simple.png,3,52,44
09_26_48_12912_dig_simple.png,9,26,48
14_04_48_12913_dig_simple.png,14,4,48
11_31_18_12914_dig_segmented.png,11,31,18
03_10_31_12915_dig_lcd.png,3,10,31
11_50_35_12916_dig_segmented.png,11,50,35
13_49_04_12917_dig_simple.png,13,49,4
17_50_47_12918_dig_segmented.png,17,50,47
01_26_54_12919_dig_lcd.png,1,26,54
02_16_00_12920_dig_simple.png,2,16,0
02_36_30_12921_dig_lcd.png,2,36,30
02_29_53_12922_dig_lcd.png,2,29,53
13_01_42_12923_dig_lcd.png,13,1,42
11_37_56_12924_dig_segmented.png,11,37,56
03_42_31_12925_dig_simple.png,3,42,31
03_05_38_12926_dig_segmented.png,3,5,38
21_17_20_12927_dig_lcd.png,21,17,20
09_09_45_12928_dig_lcd.png,9,9,45
19_10_04_12929_dig_simple.png,19,10,4
00_04_54_12930_dig_lcd.png,0,4,54
00_51_44_12931_dig_simple.png,0,51,44
06_16_08_12932_dig_lcd.png,6,16,8
03_05_38_12933_dig_lcd.png,3,5,38
00_10_25_12934_dig_simple.png,0,10,25
12_21_40_12935_dig_segmented.png,12,21,40
21_18_02_12936_dig_segmented.png,21,18,2
10_23_40_12937_dig_simple.png,10,23,40
17_02_42_12938_dig_segmented.png,17,2,42
15_14_33_12939_dig_lcd.png,15,14,33
10_10_27_12940_dig_simple.png,10,10,27
12_40_58_12941_dig_simple.png,12,40,58
16_59_01_12942_dig_lcd.png,16,59,1
13_37_42_12943_dig_simple.png,13,37,42
14_28_31_12944_dig_segmented.png,14,28,31
12_40_58_12945_dig_segmented.png,12,40,58
21_17_20_12946_dig_simple.png,21,17,20
14_47_02_12947_dig_lcd.png,14,47,2
05_27_42_12948_dig_simple.png,5,27,42
11_30_47_12949_dig_lcd.png,11,30,47
08_30_31_12950_dig_segmented.png,8,30,31
19_12_53_12951_dig_segmented.png,19,12,53
12_03_47_12952_dig_lcd.png,12,3,47
07_01_36_12953_dig_lcd.png,7,1,36
17_44_32_12954_dig_lcd.png,17,44,32
09_43_20_12955_dig_simple.png,9,43,20
09_11_53_12956_dig_simple.png,9,11,53
06_21_06_12957_dig_simple.png,6,21,6
19_07_46_12958_dig_simple.png,19,7,46
21_40_08_12959_dig_simple.png,21,40,8
19_07_46_12960_dig_segmented.png,19,7,46
14_57_18_12961_dig_simple.png,14,57,18
03_05_48_12962_dig_simple.png,3,5,48
14_15_34_12963_dig_lcd.png,14,15,34
16_44_25_12964_dig_segmented.png,16,44,25
04_16_32_12965_dig_simple.png,4,16,32
07_31_35_12966_dig_simple.png,7,31,35
00_08_23_12967_dig_simple.png,0,8,23
21_23_29_12968_dig_segmented.png,21,23,29
17_33_59_12969_dig_segmented.png,17,33,59
12_34_14_12970_dig_lcd.png,12,34,14
00_51_14_12971_dig_segmented.png,0,51,14
21_40_08_12972_dig_simple.png,21,40,8
22_57_39_12973_dig_segmented.png,22,57,39
04_22_09_12974_dig_simple.png,4,22,9
01_09_35_12975_dig_lcd.png,1,9,35
01_16_29_12976_dig_simple.png,1,16,29
22_36_21_12977_dig_simple.png,22,36,21
23_49_28_12978_dig_segmented.png,23,49,28
02_52_52_12979_dig_simple.png,2,52,52
18_45_16_12980_dig_segmented.png,18,45,16
02_34_56_12981_dig_segmented.png,2,34,56
15_16_17_12982_dig_segmented.png,15,16,17
02_52_52_12983_dig_lcd.png,2,52,52
13_01_42_12984_dig_simple.png,13,1,42
01_36_28_12985_dig_lcd.png,1,36,28
16_47_14_12986_dig_simple.png,16,47,14
02_45_39_12987_dig_segmented.png,2,45,39
02_36_34_12988_dig_segmented.png,2,36,34
11_22_48_12989_dig_lcd.png,11,22,48
01_18_51_12990_dig_segmented.png,1,18,51
02_45_39_12991_dig_lcd.png,2,45,39
11_22_48_12992_dig_lcd.png,11,22,48
18_50_41_12993_dig_lcd.png,18,50,41
15_32_42_12994_dig_lcd.png,15,32,42
09_14_11_12995_dig_segmented.png,9,14,11
00_20_08_12996_dig_lcd.png,0,20,8
17_50_47_12997_dig_lcd.png,17,50,47
15_37_34_12998_dig_segmented.png,15,37,34
04_37_14_12999_dig_simple.png,4,37,14
